Workbook

Sheet 0
A1: sausio | B1: Sausis | C1: I | D1: 2025 | I1: 1 | AG1: 0 | AH1: ale | AI1: Jurijus Aleksejevas, D.
A2: vasario | B2: Vasaris | C2: II | D2: 2026 | I2: 16 | AG2: 0 | AH2: ale | AI2: Jurijus Aleksejevas, N.
A3: kovo | B3: Kovas | C3: III | D3: 2027 | I3: 11 | K3: =IF(B29=3,B28,"") | AG3: 0 | AH3: bac | AI3: Dalius Bacevičius, D.
A4: balandžio | B4: Balandis | C4: IV | D4: 2028 | K4: =IF(B29=4,B28,IF(K3=31,1,"")) -> 5 | AG4: 0 | AH4: bac | AI4: Dalius Bacevičius, N.
A5: gegužės | B5: Gegužė | D5: 2029 | I5: 1 | AG5: 0 | AH5: čep | AI5: Agnė Čepukė, D.
A6: birželio | B6: Birželis | D6: 2030 | I6: 26 | AG6: 0 | AH6: čep | AI6: Agnė Čepukė, N.
A7: liepos | B7: Liepa | D7: 2031 | I7: 6 | AG7: 0 | AH7: jok | AI7: Vitalija Jokubynienė, D.
A8: rugpjūčio | B8: Rugpjūtis | D8: 2032 | I8: 15 | AG8: 0 | AH8: jok | AI8: Vitalija Jokubynienė, N.
A9: rugsėjo | B9: Rugsėjis | D9: 2033 | AG9: 0 | AH9: kiu | AI9: Aidas Kiukys, D.
A10: spalio | B10: Spalis | D10: 2034 | AG10: 0 | AH10: kiu | AI10: Aidas Kiukys, N.
A11: lapkričio | B11: Lapkritis | D11: 2035 | I11: 1 | J11: 2 | AG11: 0 | AH11: mas | AI11: Evaldas Maskeliūnas, D.
A12: gruodžio | B12: Gruodis | D12: 2036 | I12: 24 | J12: 25 | K12: 26 | AG12: 0 | AH12: mas | AI12: Evaldas Maskeliūnas, N.
D13: 2037 | AG13: 0 | AH13: men | AI13: Laura Mendelienė, D.
D14: 2038 | AG14: 0 | AH14: men | AI14: Laura Mendelienė, N.
D15: 2039 | AG15: 0 | AH15: mer | AI15: Saulius Merkininkas, D.
D16: PASAULIO PAB. | AG16: 0 | AH16: mer | AI16: Saulius Merkininkas, N.
A17: Velyku skaiciuokle | AG17: 0 | AH17: pil | AI17: Jurgita Pilypaitienė, D.
AG18: 0 | AH18: pil | AI18: Jurgita Pilypaitienė, N.
A19: Metai | B19: =Dinamika!$B$1 -> 2026 | D19: Dienos eilutes | E19: 8 | AG19: 0 | AH19: saj | AI19: Giedrė Sajetaitė, D.
A20: a | B20: =MOD(B19,19) -> 12 | AG20: 0 | AH20: saj | AI20: Giedrė Sajetaitė, N.
A21: b | B21: =TRUNC(B19/4) -> 506 | AG21: 0 | AH21: šed | AI21: Vaidas Šeduikis, D.
A22: c | B22: =TRUNC(B21/25)+1 -> 21 | AG22: 0 | AH22: šed | AI22: Vaidas Šeduikis, N.
A23: d | B23: =TRUNC(B22*3/4) -> 15 | AG23: 0 | AH23: žur | AI23: Tomas Žuramskas, D.
A24: e1 | B24: =MOD((B20*19)-(TRUNC((B22*8+5)/25)+B23+15),30) -> 12 | AG24: 0 | AH24: žur | AI24: Tomas Žuramskas, N.
A25: e2 | B25: =B24+TRUNC((29578-B20-B24*32)/1024) -> 40 | AG25: 9 | AH25: kau | AI25: Kauno apskr. VPK
A26: e3 | B26: =B25-MOD((MOD(B19,7)+B21-B23+B25+2),7) -> 36 | AG26: 9 | AH26: mar | AI26: Marijampolės apskr. VPK Vilkaviškio r. PK
A27: d | B27: =TRUNC(B26/32) -> 1 | AG27: 9 | AH27: pan | AI27: Panevėžio apskr. VPK
A28: diena | B28: =B26-B27*31 -> 5 | AG28: 9 | AH28: vil | AI28: Vilniaus apskr. VPK
A29: menuo | B29: =B27+3 -> 4
A31: Velykos | B31: =DATE(B19,B29,B28) -> 46117
A109: Metai | B109: Menuo skaičium | C109: Dienų sk. | F109: Menuo
A110: =Dinamika!$B$1 -> 2026 | B110: 1 | C110: =DAY(EOMONTH(DATE(A110,B110,1),0)) -> 31 | F110: =CHOOSE($B110,$B$1,$B$2,$B$3,$B$4,$B$5,$B$6,$B$7,$B$8,$B$9,$B$10,$B$11,$B$12) -> Sausis
A111: =CHOOSE($B110,$B$1,$B$2,$B$3,$B$4,$B$5,$B$6,$B$7,$B$8,$B$9,$B$10,$B$11,$B$12) -> Sausis | B111: 1 | C111: =B111+1 -> 2 | D111: =C111+1 -> 3 | E111: =D111+1 -> 4 | F111: =E111+1 -> 5 | G111: =F111+1 -> 6 | H111: =G111+1 -> 7 | I111: =H111+1 -> 8 | J111: =I111+1 -> 9 | ... AC111: =AB111+1 -> 28 | AD111: =IF(ABS(AC111)<$C110,AC111+1,-AC111+1) -> 29 | AE111: =IF(ABS(AD111)<$C110,AD111+1,-AD111+1) -> 30 | AF111: =IF(ABS(AE111)<$C110,AE111+1,-AE111+1) -> 31
A112: =A111 -> Sausis | B112: =IF(B111>0,IF(OR(OFFSET($I$1,$B110-1,0)=B111,OFFSET($I$1,$B110-1,1)=B111,OFFSET($I$1,$B110-1,2)=B111),"SV",CHOOSE(WEEKDAY(DATE($A110,$B110,B111),2),"--","--","--","--","--","SS","SK")),"XX") -> SV | C112: =IF(C111>0,IF(OR(OFFSET($I$1,$B110-1,0)=C111,OFFSET($I$1,$B110-1,1)=C111,OFFSET($I$1,$B110-1,2)=C111),"SV",CHOOSE(WEEKDAY(DATE($A110,$B110,C111),2),"--","--","--","--","--","SS","SK")),"XX") -> -- | D112: =IF(D111>0,IF(OR(OFFSET($I$1,$B110-1,0)=D111,OFFSET($I$1,$B110-1,1)=D111,OFFSET($I$1,$B110-1,2)=D111),"SV",CHOOSE(WEEKDAY(DATE($A110,$B110,D111),2),"--","--","--","--","--","SS","SK")),"XX") -> SS | E112: =IF(E111>0,IF(OR(OFFSET($I$1,$B110-1,0)=E111,OFFSET($I$1,$B110-1,1)=E111,OFFSET($I$1,$B110-1,2)=E111),"SV",CHOOSE(WEEKDAY(DATE($A110,$B110,E111),2),"--","--","--","--","--","SS","SK")),"XX") -> SK | F112: =IF(F111>0,IF(OR(OFFSET($I$1,$B110-1,0)=F111,OFFSET($I$1,$B110-1,1)=F111,OFFSET($I$1,$B110-1,2)=F111),"SV",CHOOSE(WEEKDAY(DATE($A110,$B110,F111),2),"--","--","--","--","--","SS","SK")),"XX") -> -- | G112: =IF(G111>0,IF(OR(OFFSET($I$1,$B110-1,0)=G111,OFFSET($I$1,$B110-1,1)=G111,OFFSET($I$1,$B110-1,2)=G111),"SV",CHOOSE(WEEKDAY(DATE($A110,$B110,G111),2),"--","--","--","--","--","SS","SK")),"XX") -> -- | H112: =IF(H111>0,IF(OR(OFFSET($I$1,$B110-1,0)=H111,OFFSET($I$1,$B110-1,1)=H111,OFFSET($I$1,$B110-1,2)=H111),"SV",CHOOSE(WEEKDAY(DATE($A110,$B110,H111),2),"--","--","--","--","--","SS","SK")),"XX") -> -- | I112: =IF(I111>0,IF(OR(OFFSET($I$1,$B110-1,0)=I111,OFFSET($I$1,$B110-1,1)=I111,OFFSET($I$1,$B110-1,2)=I111),"SV",CHOOSE(WEEKDAY(DATE($A110,$B110,I111),2),"--","--","--","--","--","SS","SK")),"XX") -> -- | ... AF112: =IF(AF111>0,IF(OR(OFFSET($I$1,$B110-1,0)=AF111,OFFSET($I$1,$B110-1,1)=AF111,OFFSET($I$1,$B110-1,2)=AF111),"SV",CHOOSE(WEEKDAY(DATE($A110,$B110,AF111),2),"--","--","--","--","--","SS","SK")),"XX") -> SS
A113: =ROW(#REF!)-1 -> #REF! | B113: =ROW(#REF!)-1 -> #REF! | C113: =ROW(#REF!)-1 -> #REF! | D113: =ROW(#REF!)-1 -> #REF! | E113: =ROW(#REF!)-1 -> #REF! | F113: =ROW(#REF!)-1 -> #REF! | G113: =ROW(#REF!)-1 -> #REF! | H113: =ROW(#REF!)-1 -> #REF! | ... AF113: =ROW(#REF!)-1 -> #REF!
A119: Metai | B119: Menuo skaičium | C119: Dienų sk. | F119: Menuo
A120: =Dinamika!$B$1 -> 2026 | B120: 2 | C120: =DAY(EOMONTH(DATE(A120,B120,1),0)) -> 28 | F120: =CHOOSE($B120,$B$1,$B$2,$B$3,$B$4,$B$5,$B$6,$B$7,$B$8,$B$9,$B$10,$B$11,$B$12) -> Vasaris
A121: =CHOOSE($B120,$B$1,$B$2,$B$3,$B$4,$B$5,$B$6,$B$7,$B$8,$B$9,$B$10,$B$11,$B$12) -> Vasaris | B121: 1 | C121: =B121+1 -> 2 | D121: =C121+1 -> 3 | E121: =D121+1 -> 4 | F121: =E121+1 -> 5 | G121: =F121+1 -> 6 | H121: =G121+1 -> 7 | I121: =H121+1 -> 8 | J121: =I121+1 -> 9 | ... AC121: =AB121+1 -> 28 | AD121: =IF(ABS(AC121)<$C120,AC121+1,-AC121+1) -> -27 | AE121: =IF(ABS(AD121)<$C120,AD121+1,-AD121+1) -> -26 | AF121: =IF(ABS(AE121)<$C120,AE121+1,-AE121+1) -> -25
A122: =A121 -> Vasaris | B122: =IF(B121>0,IF(OR(OFFSET($I$1,$B120-1,0)=B121,OFFSET($I$1,$B120-1,1)=B121,OFFSET($I$1,$B120-1,2)=B121),"SV",CHOOSE(WEEKDAY(DATE($A120,$B120,B121),2),"--","--","--","--","--","SS","SK")),"XX") -> SK | C122: =IF(C121>0,IF(OR(OFFSET($I$1,$B120-1,0)=C121,OFFSET($I$1,$B120-1,1)=C121,OFFSET($I$1,$B120-1,2)=C121),"SV",CHOOSE(WEEKDAY(DATE($A120,$B120,C121),2),"--","--","--","--","--","SS","SK")),"XX") -> -- | D122: =IF(D121>0,IF(OR(OFFSET($I$1,$B120-1,0)=D121,OFFSET($I$1,$B120-1,1)=D121,OFFSET($I$1,$B120-1,2)=D121),"SV",CHOOSE(WEEKDAY(DATE($A120,$B120,D121),2),"--","--","--","--","--","SS","SK")),"XX") -> -- | E122: =IF(E121>0,IF(OR(OFFSET($I$1,$B120-1,0)=E121,OFFSET($I$1,$B120-1,1)=E121,OFFSET($I$1,$B120-1,2)=E121),"SV",CHOOSE(WEEKDAY(DATE($A120,$B120,E121),2),"--","--","--","--","--","SS","SK")),"XX") -> -- | F122: =IF(F121>0,IF(OR(OFFSET($I$1,$B120-1,0)=F121,OFFSET($I$1,$B120-1,1)=F121,OFFSET($I$1,$B120-1,2)=F121),"SV",CHOOSE(WEEKDAY(DATE($A120,$B120,F121),2),"--","--","--","--","--","SS","SK")),"XX") -> -- | G122: =IF(G121>0,IF(OR(OFFSET($I$1,$B120-1,0)=G121,OFFSET($I$1,$B120-1,1)=G121,OFFSET($I$1,$B120-1,2)=G121),"SV",CHOOSE(WEEKDAY(DATE($A120,$B120,G121),2),"--","--","--","--","--","SS","SK")),"XX") -> -- | H122: =IF(H121>0,IF(OR(OFFSET($I$1,$B120-1,0)=H121,OFFSET($I$1,$B120-1,1)=H121,OFFSET($I$1,$B120-1,2)=H121),"SV",CHOOSE(WEEKDAY(DATE($A120,$B120,H121),2),"--","--","--","--","--","SS","SK")),"XX") -> SS | I122: =IF(I121>0,IF(OR(OFFSET($I$1,$B120-1,0)=I121,OFFSET($I$1,$B120-1,1)=I121,OFFSET($I$1,$B120-1,2)=I121),"SV",CHOOSE(WEEKDAY(DATE($A120,$B120,I121),2),"--","--","--","--","--","SS","SK")),"XX") -> SK | ... AF122: =IF(AF121>0,IF(OR(OFFSET($I$1,$B120-1,0)=AF121,OFFSET($I$1,$B120-1,1)=AF121,OFFSET($I$1,$B120-1,2)=AF121),"SV",CHOOSE(WEEKDAY(DATE($A120,$B120,AF121),2),"--","--","--","--","--","SS","SK")),"XX") -> XX
A123: =ROW(#REF!)-1 -> #REF! | B123: =ROW(#REF!)-1 -> #REF! | C123: =ROW(#REF!)-1 -> #REF! | D123: =ROW(#REF!)-1 -> #REF! | E123: =ROW(#REF!)-1 -> #REF! | F123: =ROW(#REF!)-1 -> #REF! | G123: =ROW(#REF!)-1 -> #REF! | H123: =ROW(#REF!)-1 -> #REF! | ... AF123: =ROW(#REF!)-1 -> #REF!
A129: Metai | B129: Menuo skaičium | C129: Dienų sk. | F129: Menuo
A130: =Dinamika!$B$1 -> 2026 | B130: 3 | C130: =DAY(EOMONTH(DATE(A130,B130,1),0)) -> 31 | F130: =CHOOSE($B130,$B$1,$B$2,$B$3,$B$4,$B$5,$B$6,$B$7,$B$8,$B$9,$B$10,$B$11,$B$12) -> Kovas
A131: =CHOOSE($B130,$B$1,$B$2,$B$3,$B$4,$B$5,$B$6,$B$7,$B$8,$B$9,$B$10,$B$11,$B$12) -> Kovas | B131: 1 | C131: =B131+1 -> 2 | D131: =C131+1 -> 3 | E131: =D131+1 -> 4 | F131: =E131+1 -> 5 | G131: =F131+1 -> 6 | H131: =G131+1 -> 7 | I131: =H131+1 -> 8 | J131: =I131+1 -> 9 | ... AC131: =AB131+1 -> 28 | AD131: =IF(ABS(AC131)<$C130,AC131+1,-AC131+1) -> 29 | AE131: =IF(ABS(AD131)<$C130,AD131+1,-AD131+1) -> 30 | AF131: =IF(ABS(AE131)<$C130,AE131+1,-AE131+1) -> 31
B132: =IF(B131>0,IF(OR(OFFSET($I$1,$B130-1,0)=B131,OFFSET($I$1,$B130-1,1)=B131,OFFSET($I$1,$B130-1,2)=B131),"SV",CHOOSE(WEEKDAY(DATE($A130,$B130,B131),2),"--","--","--","--","--","SS","SK")),"XX") -> SK | C132: =IF(C131>0,IF(OR(OFFSET($I$1,$B130-1,0)=C131,OFFSET($I$1,$B130-1,1)=C131,OFFSET($I$1,$B130-1,2)=C131),"SV",CHOOSE(WEEKDAY(DATE($A130,$B130,C131),2),"--","--","--","--","--","SS","SK")),"XX") -> -- | D132: =IF(D131>0,IF(OR(OFFSET($I$1,$B130-1,0)=D131,OFFSET($I$1,$B130-1,1)=D131,OFFSET($I$1,$B130-1,2)=D131),"SV",CHOOSE(WEEKDAY(DATE($A130,$B130,D131),2),"--","--","--","--","--","SS","SK")),"XX") -> -- | E132: =IF(E131>0,IF(OR(OFFSET($I$1,$B130-1,0)=E131,OFFSET($I$1,$B130-1,1)=E131,OFFSET($I$1,$B130-1,2)=E131),"SV",CHOOSE(WEEKDAY(DATE($A130,$B130,E131),2),"--","--","--","--","--","SS","SK")),"XX") -> -- | F132: =IF(F131>0,IF(OR(OFFSET($I$1,$B130-1,0)=F131,OFFSET($I$1,$B130-1,1)=F131,OFFSET($I$1,$B130-1,2)=F131),"SV",CHOOSE(WEEKDAY(DATE($A130,$B130,F131),2),"--","--","--","--","--","SS","SK")),"XX") -> -- | G132: =IF(G131>0,IF(OR(OFFSET($I$1,$B130-1,0)=G131,OFFSET($I$1,$B130-1,1)=G131,OFFSET($I$1,$B130-1,2)=G131),"SV",CHOOSE(WEEKDAY(DATE($A130,$B130,G131),2),"--","--","--","--","--","SS","SK")),"XX") -> -- | H132: =IF(H131>0,IF(OR(OFFSET($I$1,$B130-1,0)=H131,OFFSET($I$1,$B130-1,1)=H131,OFFSET($I$1,$B130-1,2)=H131),"SV",CHOOSE(WEEKDAY(DATE($A130,$B130,H131),2),"--","--","--","--","--","SS","SK")),"XX") -> SS | I132: =IF(I131>0,IF(OR(OFFSET($I$1,$B130-1,0)=I131,OFFSET($I$1,$B130-1,1)=I131,OFFSET($I$1,$B130-1,2)=I131),"SV",CHOOSE(WEEKDAY(DATE($A130,$B130,I131),2),"--","--","--","--","--","SS","SK")),"XX") -> SK | ... AF132: =IF(AF131>0,IF(OR(OFFSET($I$1,$B130-1,0)=AF131,OFFSET($I$1,$B130-1,1)=AF131,OFFSET($I$1,$B130-1,2)=AF131),"SV",CHOOSE(WEEKDAY(DATE($A130,$B130,AF131),2),"--","--","--","--","--","SS","SK")),"XX") -> --
A133: =ROW(#REF!)-1 -> #REF! | B133: =ROW(#REF!)-1 -> #REF! | C133: =ROW(#REF!)-1 -> #REF! | D133: =ROW(#REF!)-1 -> #REF! | E133: =ROW(#REF!)-1 -> #REF! | F133: =ROW(#REF!)-1 -> #REF! | G133: =ROW(#REF!)-1 -> #REF! | H133: =ROW(#REF!)-1 -> #REF! | ... AF133: =ROW(#REF!)-1 -> #REF!
A139: Metai | B139: Menuo skaičium | C139: Dienų sk. | F139: Menuo
A140: =Dinamika!$B$1 -> 2026 | B140: 4 | C140: =DAY(EOMONTH(DATE(A140,B140,1),0)) -> 30 | F140: =CHOOSE($B140,$B$1,$B$2,$B$3,$B$4,$B$5,$B$6,$B$7,$B$8,$B$9,$B$10,$B$11,$B$12) -> Balandis
A141: =CHOOSE($B140,$B$1,$B$2,$B$3,$B$4,$B$5,$B$6,$B$7,$B$8,$B$9,$B$10,$B$11,$B$12) -> Balandis | B141: 1 | C141: =B141+1 -> 2 | D141: =C141+1 -> 3 | E141: =D141+1 -> 4 | F141: =E141+1 -> 5 | G141: =F141+1 -> 6 | H141: =G141+1 -> 7 | I141: =H141+1 -> 8 | J141: =I141+1 -> 9 | ... AC141: =AB141+1 -> 28 | AD141: =IF(ABS(AC141)<$C140,AC141+1,-AC141+1) -> 29 | AE141: =IF(ABS(AD141)<$C140,AD141+1,-AD141+1) -> 30 | AF141: =IF(ABS(AE141)<$C140,AE141+1,-AE141+1) -> -29
B142: =IF(B141>0,IF(OR(OFFSET($I$1,$B140-1,0)=B141,OFFSET($I$1,$B140-1,1)=B141,OFFSET($I$1,$B140-1,2)=B141),"SV",CHOOSE(WEEKDAY(DATE($A140,$B140,B141),2),"--","--","--","--","--","SS","SK")),"XX") -> -- | C142: =IF(C141>0,IF(OR(OFFSET($I$1,$B140-1,0)=C141,OFFSET($I$1,$B140-1,1)=C141,OFFSET($I$1,$B140-1,2)=C141),"SV",CHOOSE(WEEKDAY(DATE($A140,$B140,C141),2),"--","--","--","--","--","SS","SK")),"XX") -> -- | D142: =IF(D141>0,IF(OR(OFFSET($I$1,$B140-1,0)=D141,OFFSET($I$1,$B140-1,1)=D141,OFFSET($I$1,$B140-1,2)=D141),"SV",CHOOSE(WEEKDAY(DATE($A140,$B140,D141),2),"--","--","--","--","--","SS","SK")),"XX") -> -- | E142: =IF(E141>0,IF(OR(OFFSET($I$1,$B140-1,0)=E141,OFFSET($I$1,$B140-1,1)=E141,OFFSET($I$1,$B140-1,2)=E141),"SV",CHOOSE(WEEKDAY(DATE($A140,$B140,E141),2),"--","--","--","--","--","SS","SK")),"XX") -> SS | F142: =IF(F141>0,IF(OR(OFFSET($I$1,$B140-1,0)=F141,OFFSET($I$1,$B140-1,1)=F141,OFFSET($I$1,$B140-1,2)=F141),"SV",CHOOSE(WEEKDAY(DATE($A140,$B140,F141),2),"--","--","--","--","--","SS","SK")),"XX") -> SV | G142: =IF(G141>0,IF(OR(OFFSET($I$1,$B140-1,0)=G141,OFFSET($I$1,$B140-1,1)=G141,OFFSET($I$1,$B140-1,2)=G141),"SV",CHOOSE(WEEKDAY(DATE($A140,$B140,G141),2),"--","--","--","--","--","SS","SK")),"XX") -> -- | H142: =IF(H141>0,IF(OR(OFFSET($I$1,$B140-1,0)=H141,OFFSET($I$1,$B140-1,1)=H141,OFFSET($I$1,$B140-1,2)=H141),"SV",CHOOSE(WEEKDAY(DATE($A140,$B140,H141),2),"--","--","--","--","--","SS","SK")),"XX") -> -- | I142: =IF(I141>0,IF(OR(OFFSET($I$1,$B140-1,0)=I141,OFFSET($I$1,$B140-1,1)=I141,OFFSET($I$1,$B140-1,2)=I141),"SV",CHOOSE(WEEKDAY(DATE($A140,$B140,I141),2),"--","--","--","--","--","SS","SK")),"XX") -> -- | ... AF142: =IF(AF141>0,IF(OR(OFFSET($I$1,$B140-1,0)=AF141,OFFSET($I$1,$B140-1,1)=AF141,OFFSET($I$1,$B140-1,2)=AF141),"SV",CHOOSE(WEEKDAY(DATE($A140,$B140,AF141),2),"--","--","--","--","--","SS","SK")),"XX") -> XX
A143: =ROW(#REF!)-1 -> #REF! | B143: =ROW(#REF!)-1 -> #REF! | C143: =ROW(#REF!)-1 -> #REF! | D143: =ROW(#REF!)-1 -> #REF! | E143: =ROW(#REF!)-1 -> #REF! | F143: =ROW(#REF!)-1 -> #REF! | G143: =ROW(#REF!)-1 -> #REF! | H143: =ROW(#REF!)-1 -> #REF! | ... AF143: =ROW(#REF!)-1 -> #REF!
A149: Metai | B149: Menuo skaičium | C149: Dienų sk. | F149: Menuo
A150: =Dinamika!$B$1 -> 2026 | B150: 5 | C150: =DAY(EOMONTH(DATE(A150,B150,1),0)) -> 31 | F150: =CHOOSE($B150,$B$1,$B$2,$B$3,$B$4,$B$5,$B$6,$B$7,$B$8,$B$9,$B$10,$B$11,$B$12) -> Gegužė
A151: =CHOOSE($B150,$B$1,$B$2,$B$3,$B$4,$B$5,$B$6,$B$7,$B$8,$B$9,$B$10,$B$11,$B$12) -> Gegužė | B151: 1 | C151: =B151+1 -> 2 | D151: =C151+1 -> 3 | E151: =D151+1 -> 4 | F151: =E151+1 -> 5 | G151: =F151+1 -> 6 | H151: =G151+1 -> 7 | I151: =H151+1 -> 8 | J151: =I151+1 -> 9 | ... AC151: =AB151+1 -> 28 | AD151: =IF(ABS(AC151)<$C150,AC151+1,-AC151+1) -> 29 | AE151: =IF(ABS(AD151)<$C150,AD151+1,-AD151+1) -> 30 | AF151: =IF(ABS(AE151)<$C150,AE151+1,-AE151+1) -> 31
A152: =A151 -> Gegužė | B152: =IF(B151>0,IF(OR(OFFSET($I$1,$B150-1,0)=B151,OFFSET($I$1,$B150-1,1)=B151,OFFSET($I$1,$B150-1,2)=B151),"SV",CHOOSE(WEEKDAY(DATE($A150,$B150,B151),2),"--","--","--","--","--","SS","SK")),"XX") -> SV | C152: =IF(C151>0,IF(OR(OFFSET($I$1,$B150-1,0)=C151,OFFSET($I$1,$B150-1,1)=C151,OFFSET($I$1,$B150-1,2)=C151),"SV",CHOOSE(WEEKDAY(DATE($A150,$B150,C151),2),"--","--","--","--","--","SS","SK")),"XX") -> SS | D152: =IF(D151>0,IF(OR(OFFSET($I$1,$B150-1,0)=D151,OFFSET($I$1,$B150-1,1)=D151,OFFSET($I$1,$B150-1,2)=D151),"SV",CHOOSE(WEEKDAY(DATE($A150,$B150,D151),2),"--","--","--","--","--","SS","SK")),"XX") -> SK | E152: =IF(E151>0,IF(OR(OFFSET($I$1,$B150-1,0)=E151,OFFSET($I$1,$B150-1,1)=E151,OFFSET($I$1,$B150-1,2)=E151),"SV",CHOOSE(WEEKDAY(DATE($A150,$B150,E151),2),"--","--","--","--","--","SS","SK")),"XX") -> -- | F152: =IF(F151>0,IF(OR(OFFSET($I$1,$B150-1,0)=F151,OFFSET($I$1,$B150-1,1)=F151,OFFSET($I$1,$B150-1,2)=F151),"SV",CHOOSE(WEEKDAY(DATE($A150,$B150,F151),2),"--","--","--","--","--","SS","SK")),"XX") -> -- | G152: =IF(G151>0,IF(OR(OFFSET($I$1,$B150-1,0)=G151,OFFSET($I$1,$B150-1,1)=G151,OFFSET($I$1,$B150-1,2)=G151),"SV",CHOOSE(WEEKDAY(DATE($A150,$B150,G151),2),"--","--","--","--","--","SS","SK")),"XX") -> -- | H152: =IF(H151>0,IF(OR(OFFSET($I$1,$B150-1,0)=H151,OFFSET($I$1,$B150-1,1)=H151,OFFSET($I$1,$B150-1,2)=H151),"SV",CHOOSE(WEEKDAY(DATE($A150,$B150,H151),2),"--","--","--","--","--","SS","SK")),"XX") -> -- | I152: =IF(I151>0,IF(OR(OFFSET($I$1,$B150-1,0)=I151,OFFSET($I$1,$B150-1,1)=I151,OFFSET($I$1,$B150-1,2)=I151),"SV",CHOOSE(WEEKDAY(DATE($A150,$B150,I151),2),"--","--","--","--","--","SS","SK")),"XX") -> -- | ... AF152: =IF(AF151>0,IF(OR(OFFSET($I$1,$B150-1,0)=AF151,OFFSET($I$1,$B150-1,1)=AF151,OFFSET($I$1,$B150-1,2)=AF151),"SV",CHOOSE(WEEKDAY(DATE($A150,$B150,AF151),2),"--","--","--","--","--","SS","SK")),"XX") -> SK
A153: =ROW(#REF!)-1 -> #REF! | B153: =ROW(#REF!)-1 -> #REF! | C153: =ROW(#REF!)-1 -> #REF! | D153: =ROW(#REF!)-1 -> #REF! | E153: =ROW(#REF!)-1 -> #REF! | F153: =ROW(#REF!)-1 -> #REF! | G153: =ROW(#REF!)-1 -> #REF! | H153: =ROW(#REF!)-1 -> #REF! | ... AF153: =ROW(#REF!)-1 -> #REF!
A159: Metai | B159: Menuo skaičium | C159: Dienų sk. | F159: Menuo
A160: =Dinamika!$B$1 -> 2026 | B160: 6 | C160: =DAY(EOMONTH(DATE(A160,B160,1),0)) -> 30 | F160: =CHOOSE($B160,$B$1,$B$2,$B$3,$B$4,$B$5,$B$6,$B$7,$B$8,$B$9,$B$10,$B$11,$B$12) -> Birželis
A161: =CHOOSE($B160,$B$1,$B$2,$B$3,$B$4,$B$5,$B$6,$B$7,$B$8,$B$9,$B$10,$B$11,$B$12) -> Birželis | B161: 1 | C161: =B161+1 -> 2 | D161: =C161+1 -> 3 | E161: =D161+1 -> 4 | F161: =E161+1 -> 5 | G161: =F161+1 -> 6 | H161: =G161+1 -> 7 | I161: =H161+1 -> 8 | J161: =I161+1 -> 9 | ... AC161: =AB161+1 -> 28 | AD161: =IF(ABS(AC161)<$C160,AC161+1,-AC161+1) -> 29 | AE161: =IF(ABS(AD161)<$C160,AD161+1,-AD161+1) -> 30 | AF161: =IF(ABS(AE161)<$C160,AE161+1,-AE161+1) -> -29
A162: =A161 -> Birželis | B162: =IF(B161>0,IF(OR(OFFSET($I$1,$B160-1,0)=B161,OFFSET($I$1,$B160-1,1)=B161,OFFSET($I$1,$B160-1,2)=B161),"SV",CHOOSE(WEEKDAY(DATE($A160,$B160,B161),2),"--","--","--","--","--","SS","SK")),"XX") -> -- | C162: =IF(C161>0,IF(OR(OFFSET($I$1,$B160-1,0)=C161,OFFSET($I$1,$B160-1,1)=C161,OFFSET($I$1,$B160-1,2)=C161),"SV",CHOOSE(WEEKDAY(DATE($A160,$B160,C161),2),"--","--","--","--","--","SS","SK")),"XX") -> -- | D162: =IF(D161>0,IF(OR(OFFSET($I$1,$B160-1,0)=D161,OFFSET($I$1,$B160-1,1)=D161,OFFSET($I$1,$B160-1,2)=D161),"SV",CHOOSE(WEEKDAY(DATE($A160,$B160,D161),2),"--","--","--","--","--","SS","SK")),"XX") -> -- | E162: =IF(E161>0,IF(OR(OFFSET($I$1,$B160-1,0)=E161,OFFSET($I$1,$B160-1,1)=E161,OFFSET($I$1,$B160-1,2)=E161),"SV",CHOOSE(WEEKDAY(DATE($A160,$B160,E161),2),"--","--","--","--","--","SS","SK")),"XX") -> -- | F162: =IF(F161>0,IF(OR(OFFSET($I$1,$B160-1,0)=F161,OFFSET($I$1,$B160-1,1)=F161,OFFSET($I$1,$B160-1,2)=F161),"SV",CHOOSE(WEEKDAY(DATE($A160,$B160,F161),2),"--","--","--","--","--","SS","SK")),"XX") -> -- | G162: =IF(G161>0,IF(OR(OFFSET($I$1,$B160-1,0)=G161,OFFSET($I$1,$B160-1,1)=G161,OFFSET($I$1,$B160-1,2)=G161),"SV",CHOOSE(WEEKDAY(DATE($A160,$B160,G161),2),"--","--","--","--","--","SS","SK")),"XX") -> SS | H162: =IF(H161>0,IF(OR(OFFSET($I$1,$B160-1,0)=H161,OFFSET($I$1,$B160-1,1)=H161,OFFSET($I$1,$B160-1,2)=H161),"SV",CHOOSE(WEEKDAY(DATE($A160,$B160,H161),2),"--","--","--","--","--","SS","SK")),"XX") -> SK | I162: =IF(I161>0,IF(OR(OFFSET($I$1,$B160-1,0)=I161,OFFSET($I$1,$B160-1,1)=I161,OFFSET($I$1,$B160-1,2)=I161),"SV",CHOOSE(WEEKDAY(DATE($A160,$B160,I161),2),"--","--","--","--","--","SS","SK")),"XX") -> -- | ... AF162: =IF(AF161>0,IF(OR(OFFSET($I$1,$B160-1,0)=AF161,OFFSET($I$1,$B160-1,1)=AF161,OFFSET($I$1,$B160-1,2)=AF161),"SV",CHOOSE(WEEKDAY(DATE($A160,$B160,AF161),2),"--","--","--","--","--","SS","SK")),"XX") -> XX
A163: =ROW(#REF!)-1 -> #REF! | B163: =ROW(#REF!)-1 -> #REF! | C163: =ROW(#REF!)-1 -> #REF! | D163: =ROW(#REF!)-1 -> #REF! | E163: =ROW(#REF!)-1 -> #REF! | F163: =ROW(#REF!)-1 -> #REF! | G163: =ROW(#REF!)-1 -> #REF! | H163: =ROW(#REF!)-1 -> #REF! | ... AF163: =ROW(#REF!)-1 -> #REF!
A169: Metai | B169: Menuo skaičium | C169: Dienų sk. | F169: Menuo
A170: =Dinamika!$B$1 -> 2026 | B170: 7 | C170: =DAY(EOMONTH(DATE(A170,B170,1),0)) -> 31 | F170: =CHOOSE($B170,$B$1,$B$2,$B$3,$B$4,$B$5,$B$6,$B$7,$B$8,$B$9,$B$10,$B$11,$B$12) -> Liepa
A171: =CHOOSE($B170,$B$1,$B$2,$B$3,$B$4,$B$5,$B$6,$B$7,$B$8,$B$9,$B$10,$B$11,$B$12) -> Liepa | B171: 1 | C171: =B171+1 -> 2 | D171: =C171+1 -> 3 | E171: =D171+1 -> 4 | F171: =E171+1 -> 5 | G171: =F171+1 -> 6 | H171: =G171+1 -> 7 | I171: =H171+1 -> 8 | J171: =I171+1 -> 9 | ... AC171: =AB171+1 -> 28 | AD171: =IF(ABS(AC171)<$C170,AC171+1,-AC171+1) -> 29 | AE171: =IF(ABS(AD171)<$C170,AD171+1,-AD171+1) -> 30 | AF171: =IF(ABS(AE171)<$C170,AE171+1,-AE171+1) -> 31
A172: =A171 -> Liepa | B172: =IF(B171>0,IF(OR(OFFSET($I$1,$B170-1,0)=B171,OFFSET($I$1,$B170-1,1)=B171,OFFSET($I$1,$B170-1,2)=B171),"SV",CHOOSE(WEEKDAY(DATE($A170,$B170,B171),2),"--","--","--","--","--","SS","SK")),"XX") -> -- | C172: =IF(C171>0,IF(OR(OFFSET($I$1,$B170-1,0)=C171,OFFSET($I$1,$B170-1,1)=C171,OFFSET($I$1,$B170-1,2)=C171),"SV",CHOOSE(WEEKDAY(DATE($A170,$B170,C171),2),"--","--","--","--","--","SS","SK")),"XX") -> -- | D172: =IF(D171>0,IF(OR(OFFSET($I$1,$B170-1,0)=D171,OFFSET($I$1,$B170-1,1)=D171,OFFSET($I$1,$B170-1,2)=D171),"SV",CHOOSE(WEEKDAY(DATE($A170,$B170,D171),2),"--","--","--","--","--","SS","SK")),"XX") -> -- | E172: =IF(E171>0,IF(OR(OFFSET($I$1,$B170-1,0)=E171,OFFSET($I$1,$B170-1,1)=E171,OFFSET($I$1,$B170-1,2)=E171),"SV",CHOOSE(WEEKDAY(DATE($A170,$B170,E171),2),"--","--","--","--","--","SS","SK")),"XX") -> SS | F172: =IF(F171>0,IF(OR(OFFSET($I$1,$B170-1,0)=F171,OFFSET($I$1,$B170-1,1)=F171,OFFSET($I$1,$B170-1,2)=F171),"SV",CHOOSE(WEEKDAY(DATE($A170,$B170,F171),2),"--","--","--","--","--","SS","SK")),"XX") -> SK | G172: =IF(G171>0,IF(OR(OFFSET($I$1,$B170-1,0)=G171,OFFSET($I$1,$B170-1,1)=G171,OFFSET($I$1,$B170-1,2)=G171),"SV",CHOOSE(WEEKDAY(DATE($A170,$B170,G171),2),"--","--","--","--","--","SS","SK")),"XX") -> SV | H172: =IF(H171>0,IF(OR(OFFSET($I$1,$B170-1,0)=H171,OFFSET($I$1,$B170-1,1)=H171,OFFSET($I$1,$B170-1,2)=H171),"SV",CHOOSE(WEEKDAY(DATE($A170,$B170,H171),2),"--","--","--","--","--","SS","SK")),"XX") -> -- | I172: =IF(I171>0,IF(OR(OFFSET($I$1,$B170-1,0)=I171,OFFSET($I$1,$B170-1,1)=I171,OFFSET($I$1,$B170-1,2)=I171),"SV",CHOOSE(WEEKDAY(DATE($A170,$B170,I171),2),"--","--","--","--","--","SS","SK")),"XX") -> -- | ... AF172: =IF(AF171>0,IF(OR(OFFSET($I$1,$B170-1,0)=AF171,OFFSET($I$1,$B170-1,1)=AF171,OFFSET($I$1,$B170-1,2)=AF171),"SV",CHOOSE(WEEKDAY(DATE($A170,$B170,AF171),2),"--","--","--","--","--","SS","SK")),"XX") -> --
A173: =ROW(#REF!)-1 -> #REF! | B173: =ROW(#REF!)-1 -> #REF! | C173: =ROW(#REF!)-1 -> #REF! | D173: =ROW(#REF!)-1 -> #REF! | E173: =ROW(#REF!)-1 -> #REF! | F173: =ROW(#REF!)-1 -> #REF! | G173: =ROW(#REF!)-1 -> #REF! | H173: =ROW(#REF!)-1 -> #REF! | ... AF173: =ROW(#REF!)-1 -> #REF!
A179: Metai | B179: Menuo skaičium | C179: Dienų sk. | F179: Menuo
A180: =Dinamika!$B$1 -> 2026 | B180: 8 | C180: =DAY(EOMONTH(DATE(A180,B180,1),0)) -> 31 | F180: =CHOOSE($B180,$B$1,$B$2,$B$3,$B$4,$B$5,$B$6,$B$7,$B$8,$B$9,$B$10,$B$11,$B$12) -> Rugpjūtis
A181: =CHOOSE($B180,$B$1,$B$2,$B$3,$B$4,$B$5,$B$6,$B$7,$B$8,$B$9,$B$10,$B$11,$B$12) -> Rugpjūtis | B181: 1 | C181: =B181+1 -> 2 | D181: =C181+1 -> 3 | E181: =D181+1 -> 4 | F181: =E181+1 -> 5 | G181: =F181+1 -> 6 | H181: =G181+1 -> 7 | I181: =H181+1 -> 8 | J181: =I181+1 -> 9 | ... AC181: =AB181+1 -> 28 | AD181: =IF(ABS(AC181)<$C180,AC181+1,-AC181+1) -> 29 | AE181: =IF(ABS(AD181)<$C180,AD181+1,-AD181+1) -> 30 | AF181: =IF(ABS(AE181)<$C180,AE181+1,-AE181+1) -> 31
A182: =A181 -> Rugpjūtis | B182: =IF(B181>0,IF(OR(OFFSET($I$1,$B180-1,0)=B181,OFFSET($I$1,$B180-1,1)=B181,OFFSET($I$1,$B180-1,2)=B181),"SV",CHOOSE(WEEKDAY(DATE($A180,$B180,B181),2),"--","--","--","--","--","SS","SK")),"XX") -> SS | C182: =IF(C181>0,IF(OR(OFFSET($I$1,$B180-1,0)=C181,OFFSET($I$1,$B180-1,1)=C181,OFFSET($I$1,$B180-1,2)=C181),"SV",CHOOSE(WEEKDAY(DATE($A180,$B180,C181),2),"--","--","--","--","--","SS","SK")),"XX") -> SK | D182: =IF(D181>0,IF(OR(OFFSET($I$1,$B180-1,0)=D181,OFFSET($I$1,$B180-1,1)=D181,OFFSET($I$1,$B180-1,2)=D181),"SV",CHOOSE(WEEKDAY(DATE($A180,$B180,D181),2),"--","--","--","--","--","SS","SK")),"XX") -> -- | E182: =IF(E181>0,IF(OR(OFFSET($I$1,$B180-1,0)=E181,OFFSET($I$1,$B180-1,1)=E181,OFFSET($I$1,$B180-1,2)=E181),"SV",CHOOSE(WEEKDAY(DATE($A180,$B180,E181),2),"--","--","--","--","--","SS","SK")),"XX") -> -- | F182: =IF(F181>0,IF(OR(OFFSET($I$1,$B180-1,0)=F181,OFFSET($I$1,$B180-1,1)=F181,OFFSET($I$1,$B180-1,2)=F181),"SV",CHOOSE(WEEKDAY(DATE($A180,$B180,F181),2),"--","--","--","--","--","SS","SK")),"XX") -> -- | G182: =IF(G181>0,IF(OR(OFFSET($I$1,$B180-1,0)=G181,OFFSET($I$1,$B180-1,1)=G181,OFFSET($I$1,$B180-1,2)=G181),"SV",CHOOSE(WEEKDAY(DATE($A180,$B180,G181),2),"--","--","--","--","--","SS","SK")),"XX") -> -- | H182: =IF(H181>0,IF(OR(OFFSET($I$1,$B180-1,0)=H181,OFFSET($I$1,$B180-1,1)=H181,OFFSET($I$1,$B180-1,2)=H181),"SV",CHOOSE(WEEKDAY(DATE($A180,$B180,H181),2),"--","--","--","--","--","SS","SK")),"XX") -> -- | I182: =IF(I181>0,IF(OR(OFFSET($I$1,$B180-1,0)=I181,OFFSET($I$1,$B180-1,1)=I181,OFFSET($I$1,$B180-1,2)=I181),"SV",CHOOSE(WEEKDAY(DATE($A180,$B180,I181),2),"--","--","--","--","--","SS","SK")),"XX") -> SS | ... AF182: =IF(AF181>0,IF(OR(OFFSET($I$1,$B180-1,0)=AF181,OFFSET($I$1,$B180-1,1)=AF181,OFFSET($I$1,$B180-1,2)=AF181),"SV",CHOOSE(WEEKDAY(DATE($A180,$B180,AF181),2),"--","--","--","--","--","SS","SK")),"XX") -> --
A183: =ROW(#REF!)-1 -> #REF! | B183: =ROW(#REF!)-1 -> #REF! | C183: =ROW(#REF!)-1 -> #REF! | D183: =ROW(#REF!)-1 -> #REF! | E183: =ROW(#REF!)-1 -> #REF! | F183: =ROW(#REF!)-1 -> #REF! | G183: =ROW(#REF!)-1 -> #REF! | H183: =ROW(#REF!)-1 -> #REF! | ... AF183: =ROW(#REF!)-1 -> #REF!
A189: Metai | B189: Menuo skaičium | C189: Dienų sk. | F189: Menuo
A190: =Dinamika!$B$1 -> 2026 | B190: 9 | C190: =DAY(EOMONTH(DATE(A190,B190,1),0)) -> 30 | F190: =CHOOSE($B190,$B$1,$B$2,$B$3,$B$4,$B$5,$B$6,$B$7,$B$8,$B$9,$B$10,$B$11,$B$12) -> Rugsėjis
A191: =CHOOSE($B190,$B$1,$B$2,$B$3,$B$4,$B$5,$B$6,$B$7,$B$8,$B$9,$B$10,$B$11,$B$12) -> Rugsėjis | B191: 1 | C191: =B191+1 -> 2 | D191: =C191+1 -> 3 | E191: =D191+1 -> 4 | F191: =E191+1 -> 5 | G191: =F191+1 -> 6 | H191: =G191+1 -> 7 | I191: =H191+1 -> 8 | J191: =I191+1 -> 9 | ... AC191: =AB191+1 -> 28 | AD191: =IF(ABS(AC191)<$C190,AC191+1,-AC191+1) -> 29 | AE191: =IF(ABS(AD191)<$C190,AD191+1,-AD191+1) -> 30 | AF191: =IF(ABS(AE191)<$C190,AE191+1,-AE191+1) -> -29
A192: =A191 -> Rugsėjis | B192: =IF(B191>0,IF(OR(OFFSET($I$1,$B190-1,0)=B191,OFFSET($I$1,$B190-1,1)=B191,OFFSET($I$1,$B190-1,2)=B191),"SV",CHOOSE(WEEKDAY(DATE($A190,$B190,B191),2),"--","--","--","--","--","SS","SK")),"XX") -> -- | C192: =IF(C191>0,IF(OR(OFFSET($I$1,$B190-1,0)=C191,OFFSET($I$1,$B190-1,1)=C191,OFFSET($I$1,$B190-1,2)=C191),"SV",CHOOSE(WEEKDAY(DATE($A190,$B190,C191),2),"--","--","--","--","--","SS","SK")),"XX") -> -- | D192: =IF(D191>0,IF(OR(OFFSET($I$1,$B190-1,0)=D191,OFFSET($I$1,$B190-1,1)=D191,OFFSET($I$1,$B190-1,2)=D191),"SV",CHOOSE(WEEKDAY(DATE($A190,$B190,D191),2),"--","--","--","--","--","SS","SK")),"XX") -> -- | E192: =IF(E191>0,IF(OR(OFFSET($I$1,$B190-1,0)=E191,OFFSET($I$1,$B190-1,1)=E191,OFFSET($I$1,$B190-1,2)=E191),"SV",CHOOSE(WEEKDAY(DATE($A190,$B190,E191),2),"--","--","--","--","--","SS","SK")),"XX") -> -- | F192: =IF(F191>0,IF(OR(OFFSET($I$1,$B190-1,0)=F191,OFFSET($I$1,$B190-1,1)=F191,OFFSET($I$1,$B190-1,2)=F191),"SV",CHOOSE(WEEKDAY(DATE($A190,$B190,F191),2),"--","--","--","--","--","SS","SK")),"XX") -> SS | G192: =IF(G191>0,IF(OR(OFFSET($I$1,$B190-1,0)=G191,OFFSET($I$1,$B190-1,1)=G191,OFFSET($I$1,$B190-1,2)=G191),"SV",CHOOSE(WEEKDAY(DATE($A190,$B190,G191),2),"--","--","--","--","--","SS","SK")),"XX") -> SK | H192: =IF(H191>0,IF(OR(OFFSET($I$1,$B190-1,0)=H191,OFFSET($I$1,$B190-1,1)=H191,OFFSET($I$1,$B190-1,2)=H191),"SV",CHOOSE(WEEKDAY(DATE($A190,$B190,H191),2),"--","--","--","--","--","SS","SK")),"XX") -> -- | I192: =IF(I191>0,IF(OR(OFFSET($I$1,$B190-1,0)=I191,OFFSET($I$1,$B190-1,1)=I191,OFFSET($I$1,$B190-1,2)=I191),"SV",CHOOSE(WEEKDAY(DATE($A190,$B190,I191),2),"--","--","--","--","--","SS","SK")),"XX") -> -- | ... AF192: =IF(AF191>0,IF(OR(OFFSET($I$1,$B190-1,0)=AF191,OFFSET($I$1,$B190-1,1)=AF191,OFFSET($I$1,$B190-1,2)=AF191),"SV",CHOOSE(WEEKDAY(DATE($A190,$B190,AF191),2),"--","--","--","--","--","SS","SK")),"XX") -> XX
A193: =ROW(#REF!)-1 -> #REF! | B193: =ROW(#REF!)-1 -> #REF! | C193: =ROW(#REF!)-1 -> #REF! | D193: =ROW(#REF!)-1 -> #REF! | E193: =ROW(#REF!)-1 -> #REF! | F193: =ROW(#REF!)-1 -> #REF! | G193: =ROW(#REF!)-1 -> #REF! | H193: =ROW(#REF!)-1 -> #REF! | ... AF193: =ROW(#REF!)-1 -> #REF!
A199: Metai | B199: Menuo skaičium | C199: Dienų sk. | F199: Menuo
A200: =Dinamika!$B$1 -> 2026 | B200: 10 | C200: =DAY(EOMONTH(DATE(A200,B200,1),0)) -> 31 | F200: =CHOOSE($B200,$B$1,$B$2,$B$3,$B$4,$B$5,$B$6,$B$7,$B$8,$B$9,$B$10,$B$11,$B$12) -> Spalis
A201: =CHOOSE($B200,$B$1,$B$2,$B$3,$B$4,$B$5,$B$6,$B$7,$B$8,$B$9,$B$10,$B$11,$B$12) -> Spalis | B201: 1 | C201: =B201+1 -> 2 | D201: =C201+1 -> 3 | E201: =D201+1 -> 4 | F201: =E201+1 -> 5 | G201: =F201+1 -> 6 | H201: =G201+1 -> 7 | I201: =H201+1 -> 8 | J201: =I201+1 -> 9 | ... AC201: =AB201+1 -> 28 | AD201: =IF(ABS(AC201)<$C200,AC201+1,-AC201+1) -> 29 | AE201: =IF(ABS(AD201)<$C200,AD201+1,-AD201+1) -> 30 | AF201: =IF(ABS(AE201)<$C200,AE201+1,-AE201+1) -> 31
A202: =A201 -> Spalis | B202: =IF(B201>0,IF(OR(OFFSET($I$1,$B200-1,0)=B201,OFFSET($I$1,$B200-1,1)=B201,OFFSET($I$1,$B200-1,2)=B201),"SV",CHOOSE(WEEKDAY(DATE($A200,$B200,B201),2),"--","--","--","--","--","SS","SK")),"XX") -> -- | C202: =IF(C201>0,IF(OR(OFFSET($I$1,$B200-1,0)=C201,OFFSET($I$1,$B200-1,1)=C201,OFFSET($I$1,$B200-1,2)=C201),"SV",CHOOSE(WEEKDAY(DATE($A200,$B200,C201),2),"--","--","--","--","--","SS","SK")),"XX") -> -- | D202: =IF(D201>0,IF(OR(OFFSET($I$1,$B200-1,0)=D201,OFFSET($I$1,$B200-1,1)=D201,OFFSET($I$1,$B200-1,2)=D201),"SV",CHOOSE(WEEKDAY(DATE($A200,$B200,D201),2),"--","--","--","--","--","SS","SK")),"XX") -> SS | E202: =IF(E201>0,IF(OR(OFFSET($I$1,$B200-1,0)=E201,OFFSET($I$1,$B200-1,1)=E201,OFFSET($I$1,$B200-1,2)=E201),"SV",CHOOSE(WEEKDAY(DATE($A200,$B200,E201),2),"--","--","--","--","--","SS","SK")),"XX") -> SK | F202: =IF(F201>0,IF(OR(OFFSET($I$1,$B200-1,0)=F201,OFFSET($I$1,$B200-1,1)=F201,OFFSET($I$1,$B200-1,2)=F201),"SV",CHOOSE(WEEKDAY(DATE($A200,$B200,F201),2),"--","--","--","--","--","SS","SK")),"XX") -> -- | G202: =IF(G201>0,IF(OR(OFFSET($I$1,$B200-1,0)=G201,OFFSET($I$1,$B200-1,1)=G201,OFFSET($I$1,$B200-1,2)=G201),"SV",CHOOSE(WEEKDAY(DATE($A200,$B200,G201),2),"--","--","--","--","--","SS","SK")),"XX") -> -- | H202: =IF(H201>0,IF(OR(OFFSET($I$1,$B200-1,0)=H201,OFFSET($I$1,$B200-1,1)=H201,OFFSET($I$1,$B200-1,2)=H201),"SV",CHOOSE(WEEKDAY(DATE($A200,$B200,H201),2),"--","--","--","--","--","SS","SK")),"XX") -> -- | I202: =IF(I201>0,IF(OR(OFFSET($I$1,$B200-1,0)=I201,OFFSET($I$1,$B200-1,1)=I201,OFFSET($I$1,$B200-1,2)=I201),"SV",CHOOSE(WEEKDAY(DATE($A200,$B200,I201),2),"--","--","--","--","--","SS","SK")),"XX") -> -- | ... AF202: =IF(AF201>0,IF(OR(OFFSET($I$1,$B200-1,0)=AF201,OFFSET($I$1,$B200-1,1)=AF201,OFFSET($I$1,$B200-1,2)=AF201),"SV",CHOOSE(WEEKDAY(DATE($A200,$B200,AF201),2),"--","--","--","--","--","SS","SK")),"XX") -> SS
A203: =ROW(#REF!)-1 -> #REF! | B203: =ROW(#REF!)-1 -> #REF! | C203: =ROW(#REF!)-1 -> #REF! | D203: =ROW(#REF!)-1 -> #REF! | E203: =ROW(#REF!)-1 -> #REF! | F203: =ROW(#REF!)-1 -> #REF! | G203: =ROW(#REF!)-1 -> #REF! | H203: =ROW(#REF!)-1 -> #REF! | ... AF203: =ROW(#REF!)-1 -> #REF!
A209: Metai | B209: Menuo skaičium | C209: Dienų sk. | F209: Menuo
A210: =Dinamika!$B$1 -> 2026 | B210: 11 | C210: =DAY(EOMONTH(DATE(A210,B210,1),0)) -> 30 | F210: =CHOOSE($B210,$B$1,$B$2,$B$3,$B$4,$B$5,$B$6,$B$7,$B$8,$B$9,$B$10,$B$11,$B$12) -> Lapkritis
A211: =CHOOSE($B210,$B$1,$B$2,$B$3,$B$4,$B$5,$B$6,$B$7,$B$8,$B$9,$B$10,$B$11,$B$12) -> Lapkritis | B211: 1 | C211: =B211+1 -> 2 | D211: =C211+1 -> 3 | E211: =D211+1 -> 4 | F211: =E211+1 -> 5 | G211: =F211+1 -> 6 | H211: =G211+1 -> 7 | I211: =H211+1 -> 8 | J211: =I211+1 -> 9 | ... AC211: =AB211+1 -> 28 | AD211: =IF(ABS(AC211)<$C210,AC211+1,-AC211+1) -> 29 | AE211: =IF(ABS(AD211)<$C210,AD211+1,-AD211+1) -> 30 | AF211: =IF(ABS(AE211)<$C210,AE211+1,-AE211+1) -> -29
A212: =A211 -> Lapkritis | B212: =IF(B211>0,IF(OR(OFFSET($I$1,$B210-1,0)=B211,OFFSET($I$1,$B210-1,1)=B211,OFFSET($I$1,$B210-1,2)=B211),"SV",CHOOSE(WEEKDAY(DATE($A210,$B210,B211),2),"--","--","--","--","--","SS","SK")),"XX") -> SV | C212: =IF(C211>0,IF(OR(OFFSET($I$1,$B210-1,0)=C211,OFFSET($I$1,$B210-1,1)=C211,OFFSET($I$1,$B210-1,2)=C211),"SV",CHOOSE(WEEKDAY(DATE($A210,$B210,C211),2),"--","--","--","--","--","SS","SK")),"XX") -> SV | D212: =IF(D211>0,IF(OR(OFFSET($I$1,$B210-1,0)=D211,OFFSET($I$1,$B210-1,1)=D211,OFFSET($I$1,$B210-1,2)=D211),"SV",CHOOSE(WEEKDAY(DATE($A210,$B210,D211),2),"--","--","--","--","--","SS","SK")),"XX") -> -- | E212: =IF(E211>0,IF(OR(OFFSET($I$1,$B210-1,0)=E211,OFFSET($I$1,$B210-1,1)=E211,OFFSET($I$1,$B210-1,2)=E211),"SV",CHOOSE(WEEKDAY(DATE($A210,$B210,E211),2),"--","--","--","--","--","SS","SK")),"XX") -> -- | F212: =IF(F211>0,IF(OR(OFFSET($I$1,$B210-1,0)=F211,OFFSET($I$1,$B210-1,1)=F211,OFFSET($I$1,$B210-1,2)=F211),"SV",CHOOSE(WEEKDAY(DATE($A210,$B210,F211),2),"--","--","--","--","--","SS","SK")),"XX") -> -- | G212: =IF(G211>0,IF(OR(OFFSET($I$1,$B210-1,0)=G211,OFFSET($I$1,$B210-1,1)=G211,OFFSET($I$1,$B210-1,2)=G211),"SV",CHOOSE(WEEKDAY(DATE($A210,$B210,G211),2),"--","--","--","--","--","SS","SK")),"XX") -> -- | H212: =IF(H211>0,IF(OR(OFFSET($I$1,$B210-1,0)=H211,OFFSET($I$1,$B210-1,1)=H211,OFFSET($I$1,$B210-1,2)=H211),"SV",CHOOSE(WEEKDAY(DATE($A210,$B210,H211),2),"--","--","--","--","--","SS","SK")),"XX") -> SS | I212: =IF(I211>0,IF(OR(OFFSET($I$1,$B210-1,0)=I211,OFFSET($I$1,$B210-1,1)=I211,OFFSET($I$1,$B210-1,2)=I211),"SV",CHOOSE(WEEKDAY(DATE($A210,$B210,I211),2),"--","--","--","--","--","SS","SK")),"XX") -> SK | ... AF212: =IF(AF211>0,IF(OR(OFFSET($I$1,$B210-1,0)=AF211,OFFSET($I$1,$B210-1,1)=AF211,OFFSET($I$1,$B210-1,2)=AF211),"SV",CHOOSE(WEEKDAY(DATE($A210,$B210,AF211),2),"--","--","--","--","--","SS","SK")),"XX") -> XX
A213: =ROW(#REF!)-1 -> #REF! | B213: =ROW(#REF!)-1 -> #REF! | C213: =ROW(#REF!)-1 -> #REF! | D213: =ROW(#REF!)-1 -> #REF! | E213: =ROW(#REF!)-1 -> #REF! | F213: =ROW(#REF!)-1 -> #REF! | G213: =ROW(#REF!)-1 -> #REF! | H213: =ROW(#REF!)-1 -> #REF! | ... AF213: =ROW(#REF!)-1 -> #REF!
A219: Metai | B219: Menuo skaičium | C219: Dienų sk. | F219: Menuo
A220: =Dinamika!$B$1 -> 2026 | B220: 12 | C220: =DAY(EOMONTH(DATE(A220,B220,1),0)) -> 31 | F220: =CHOOSE($B220,$B$1,$B$2,$B$3,$B$4,$B$5,$B$6,$B$7,$B$8,$B$9,$B$10,$B$11,$B$12) -> Gruodis
A221: =CHOOSE($B220,$B$1,$B$2,$B$3,$B$4,$B$5,$B$6,$B$7,$B$8,$B$9,$B$10,$B$11,$B$12) -> Gruodis | B221: 1 | C221: =B221+1 -> 2 | D221: =C221+1 -> 3 | E221: =D221+1 -> 4 | F221: =E221+1 -> 5 | G221: =F221+1 -> 6 | H221: =G221+1 -> 7 | I221: =H221+1 -> 8 | J221: =I221+1 -> 9 | ... AC221: =AB221+1 -> 28 | AD221: =IF(ABS(AC221)<$C220,AC221+1,-AC221+1) -> 29 | AE221: =IF(ABS(AD221)<$C220,AD221+1,-AD221+1) -> 30 | AF221: =IF(ABS(AE221)<$C220,AE221+1,-AE221+1) -> 31
A222: =A221 -> Gruodis | B222: =IF(B221>0,IF(OR(OFFSET($I$1,$B220-1,0)=B221,OFFSET($I$1,$B220-1,1)=B221,OFFSET($I$1,$B220-1,2)=B221),"SV",CHOOSE(WEEKDAY(DATE($A220,$B220,B221),2),"--","--","--","--","--","SS","SK")),"XX") -> -- | C222: =IF(C221>0,IF(OR(OFFSET($I$1,$B220-1,0)=C221,OFFSET($I$1,$B220-1,1)=C221,OFFSET($I$1,$B220-1,2)=C221),"SV",CHOOSE(WEEKDAY(DATE($A220,$B220,C221),2),"--","--","--","--","--","SS","SK")),"XX") -> -- | D222: =IF(D221>0,IF(OR(OFFSET($I$1,$B220-1,0)=D221,OFFSET($I$1,$B220-1,1)=D221,OFFSET($I$1,$B220-1,2)=D221),"SV",CHOOSE(WEEKDAY(DATE($A220,$B220,D221),2),"--","--","--","--","--","SS","SK")),"XX") -> -- | E222: =IF(E221>0,IF(OR(OFFSET($I$1,$B220-1,0)=E221,OFFSET($I$1,$B220-1,1)=E221,OFFSET($I$1,$B220-1,2)=E221),"SV",CHOOSE(WEEKDAY(DATE($A220,$B220,E221),2),"--","--","--","--","--","SS","SK")),"XX") -> -- | F222: =IF(F221>0,IF(OR(OFFSET($I$1,$B220-1,0)=F221,OFFSET($I$1,$B220-1,1)=F221,OFFSET($I$1,$B220-1,2)=F221),"SV",CHOOSE(WEEKDAY(DATE($A220,$B220,F221),2),"--","--","--","--","--","SS","SK")),"XX") -> SS | G222: =IF(G221>0,IF(OR(OFFSET($I$1,$B220-1,0)=G221,OFFSET($I$1,$B220-1,1)=G221,OFFSET($I$1,$B220-1,2)=G221),"SV",CHOOSE(WEEKDAY(DATE($A220,$B220,G221),2),"--","--","--","--","--","SS","SK")),"XX") -> SK | H222: =IF(H221>0,IF(OR(OFFSET($I$1,$B220-1,0)=H221,OFFSET($I$1,$B220-1,1)=H221,OFFSET($I$1,$B220-1,2)=H221),"SV",CHOOSE(WEEKDAY(DATE($A220,$B220,H221),2),"--","--","--","--","--","SS","SK")),"XX") -> -- | I222: =IF(I221>0,IF(OR(OFFSET($I$1,$B220-1,0)=I221,OFFSET($I$1,$B220-1,1)=I221,OFFSET($I$1,$B220-1,2)=I221),"SV",CHOOSE(WEEKDAY(DATE($A220,$B220,I221),2),"--","--","--","--","--","SS","SK")),"XX") -> -- | ... AF222: =IF(AF221>0,IF(OR(OFFSET($I$1,$B220-1,0)=AF221,OFFSET($I$1,$B220-1,1)=AF221,OFFSET($I$1,$B220-1,2)=AF221),"SV",CHOOSE(WEEKDAY(DATE($A220,$B220,AF221),2),"--","--","--","--","--","SS","SK")),"XX") -> --
A223: =ROW(#REF!)-1 -> #REF! | B223: =ROW(#REF!)-1 -> #REF! | C223: =ROW(#REF!)-1 -> #REF! | D223: =ROW(#REF!)-1 -> #REF! | E223: =ROW(#REF!)-1 -> #REF! | F223: =ROW(#REF!)-1 -> #REF! | G223: =ROW(#REF!)-1 -> #REF! | H223: =ROW(#REF!)-1 -> #REF! | ... AF223: =ROW(#REF!)-1 -> #REF!

Sheet Bendras metų
Q1: Psw:sukciai
D3: <== + - prie šiandienos | U3: Praeitų mėn. Žalos | V3: =SUM(V6:V16,L253) -> #REF!
B4: Sukčiavimo pranešimų apdorojimas
B5: =CONCATENATE(YEAR(NOW()+C3)," m. ",OFFSET('0'!A1,MONTH(NOW()+C3)-1,0)," mėn. ",DAY(NOW()+C3)," d.") -> 2026 m. sausio mėn. 1 d. | U5: mėn.
C6: per praėjusią parą | D6: Iš viso nuo 2026-01-01 d. | U6: 1 | V6: =#REF! -> #REF!
B7: Paimti ROIK pranešimai (skaičius) | C7: =INDIRECT(ADDRESS(OFFSET('0'!$B$113,(MONTH(NOW()+C3)-1)*10,DAY(NOW()+C3)-1)+1,4,4,TRUE,OFFSET('0'!$B$1,MONTH(NOW()+C3)-1,0))) -> #REF! | D7: =Q23 -> #REF! | F7: C5, C7, C8, C9, C10, C11, C12, C13, C14, C15, C16, C17, C18 | I7: langelius nepildyti naktį dirbančiam darbuotojui nuo 00 val iki 5 val ryto | U7: 2 | V7: =#REF! -> #REF!
B8: Apdorota įvykių nuotoliu | C8: =INDIRECT(ADDRESS(OFFSET('0'!$B$113,(MONTH(NOW()+C3)-1)*10,DAY(NOW()+C3)-1)+1,5,4,TRUE,OFFSET('0'!$B$1,MONTH(NOW()+C3)-1,0))) -> #REF! | D8: =Q24 -> #REF! | F8: Duomenys automatiškai persikelia iš kitų lentelių | U8: 3 | V8: =#REF! -> #REF!
B9: Tikslinamos aplinkybės (M) | C9: =INDIRECT(ADDRESS(OFFSET('0'!$B$113,(MONTH(NOW()+C3)-1)*10,DAY(NOW()+C3)-1)+1,15,4,TRUE,OFFSET('0'!$B$1,MONTH(NOW()+C3)-1,0))) -> #REF! | D9: =Q25 -> #REF! | U9: 4 | V9: =#REF! -> #REF!
B10: Pradėta IT | C10: =INDIRECT(ADDRESS(OFFSET('0'!$B$113,(MONTH(NOW()+C3)-1)*10,DAY(NOW()+C3)-1)+1,16,4,TRUE,OFFSET('0'!$B$1,MONTH(NOW()+C3)-1,0))) -> #REF! | D10: =Q26 -> #REF! | U10: 5 | V10: =#REF! -> #REF!
B11: Informuotos kitos institucijos, iš jų: | C11: =INDIRECT(ADDRESS(OFFSET('0'!$B$113,(MONTH(NOW()+C3)-1)*10,DAY(NOW()+C3)-1)+1,6,4,TRUE,OFFSET('0'!$B$1,MONTH(NOW()+C3)-1,0))) -> #REF! | D11: =Q27 -> #REF! | U11: 6 | V11: =#REF! -> #REF!
B12: Bankas | C12: =INDIRECT(ADDRESS(OFFSET('0'!$B$113,(MONTH(NOW()+C3)-1)*10,DAY(NOW()+C3)-1),6,4,TRUE,OFFSET('0'!$B$1,MONTH(NOW()+C3)-1,0))) -> #REF! | D12: =Q28 -> #REF! | U12: 7 | V12: =#REF! -> #REF!
B13: RRT | C13: =INDIRECT(ADDRESS(OFFSET('0'!$B$113,(MONTH(NOW()+C3)-1)*10,DAY(NOW()+C3)-1),7,4,TRUE,OFFSET('0'!$B$1,MONTH(NOW()+C3)-1,0))) -> #REF! | D13: =Q29 -> #REF! | U13: 8 | V13: =#REF! -> #REF!
B14: FNTT | C14: =INDIRECT(ADDRESS(OFFSET('0'!$B$113,(MONTH(NOW()+C3)-1)*10,DAY(NOW()+C3)-1),8,4,TRUE,OFFSET('0'!$B$1,MONTH(NOW()+C3)-1,0))) -> #REF! | D14: =Q30 -> #REF! | U14: 9 | V14: =#REF! -> #REF!
B15: NKSC | C15: =INDIRECT(ADDRESS(OFFSET('0'!$B$113,(MONTH(NOW()+C3)-1)*10,DAY(NOW()+C3)-1),9,4,TRUE,OFFSET('0'!$B$1,MONTH(NOW()+C3)-1,0))) -> #REF! | D15: =Q31 -> #REF! | U15: 10 | V15: =#REF! -> #REF!
B16: Facebook | C16: =INDIRECT(ADDRESS(OFFSET('0'!$B$113,(MONTH(NOW()+C3)-1)*10,DAY(NOW()+C3)-1),10,4,TRUE,OFFSET('0'!$B$1,MONTH(NOW()+C3)-1,0))) -> #REF! | D16: =Q32 -> #REF! | U16: 11 | V16: =#REF! -> #REF!
B17: Kita | C17: =INDIRECT(ADDRESS(OFFSET('0'!$B$113,(MONTH(NOW()+C3)-1)*10,DAY(NOW()+C3)-1),11,4,TRUE,OFFSET('0'!$B$1,MONTH(NOW()+C3)-1,0))) -> #REF! | D17: =Q33 -> #REF!
B18: Pasisavintų lėšų suma, Eur (visų pranešimų) * | C18: =INDIRECT(ADDRESS(OFFSET('0'!$B$113,(MONTH(NOW()+C3)-1)*10,DAY(NOW()+C3)-1)+1,12,4,TRUE,OFFSET('0'!$B$1,MONTH(NOW()+C3)-1,0))) -> #REF! | D18: =Q34 -> #REF!
B19: * Preliminari žala, pateikta pagal pirminę pranešėjų informaciją
D21: METŲ REZULTATAS
E22: Sausis | F22: Vasaris | G22: Kovas | H22: Balandis | I22: Gegužė | J22: Birželis | K22: Liepa | L22: Rugpjūtis | M22: Rugsėjis | N22: Spalis | O22: Lapkritis | P22: Gruodis | Q22: VISO | R22: VISO ANKŠČIAU
D23: Paimti ROIK pranešimai (skaičius) | E23: =#REF! -> #REF! | F23: =#REF! -> #REF! | G23: =#REF! -> #REF! | H23: =#REF! -> #REF! | I23: =#REF! -> #REF! | J23: =#REF! -> #REF! | K23: =#REF! -> #REF! | L23: =#REF! -> #REF! | ... P23: =#REF! -> #REF! | Q23: =SUM(E23:P23,R23) -> #REF!
D24: Apdorota įvykių nuotoliu | E24: =#REF! -> #REF! | F24: =#REF! -> #REF! | G24: =#REF! -> #REF! | H24: =#REF! -> #REF! | I24: =#REF! -> #REF! | J24: =#REF! -> #REF! | K24: =#REF! -> #REF! | L24: =#REF! -> #REF! | ... P24: =#REF! -> #REF! | Q24: =SUM(E24:P24,R24) -> #REF!
D25: Tikslinamos aplinkybės (M) | E25: =#REF! -> #REF! | F25: =#REF! -> #REF! | G25: =#REF! -> #REF! | H25: =#REF! -> #REF! | I25: =#REF! -> #REF! | J25: =#REF! -> #REF! | K25: =#REF! -> #REF! | L25: =#REF! -> #REF! | ... P25: =#REF! -> #REF! | Q25: =SUM(E25:P25,R25) -> #REF!
D26: Pradėta IT | E26: =#REF! -> #REF! | F26: =#REF! -> #REF! | G26: =#REF! -> #REF! | H26: =#REF! -> #REF! | I26: =#REF! -> #REF! | J26: =#REF! -> #REF! | K26: =#REF! -> #REF! | L26: =#REF! -> #REF! | ... P26: =#REF! -> #REF! | Q26: =SUM(E26:P26,R26) -> #REF!
D27: Informuotos kitos institucijos | E27: =#REF! -> #REF! | F27: =#REF! -> #REF! | G27: =#REF! -> #REF! | H27: =#REF! -> #REF! | I27: =#REF! -> #REF! | J27: =#REF! -> #REF! | K27: =#REF! -> #REF! | L27: =#REF! -> #REF! | ... P27: =#REF! -> #REF! | Q27: =SUM(E27:P27,R27) -> #REF!
D28: Bankas | E28: =#REF! -> #REF! | F28: =#REF! -> #REF! | G28: =#REF! -> #REF! | H28: =#REF! -> #REF! | I28: =#REF! -> #REF! | J28: =#REF! -> #REF! | K28: =#REF! -> #REF! | L28: =#REF! -> #REF! | ... P28: =#REF! -> #REF! | Q28: =SUM(E28:P28,R28) -> #REF!
D29: RRT | E29: =#REF! -> #REF! | F29: =#REF! -> #REF! | G29: =#REF! -> #REF! | H29: =#REF! -> #REF! | I29: =#REF! -> #REF! | J29: =#REF! -> #REF! | K29: =#REF! -> #REF! | L29: =#REF! -> #REF! | ... P29: =#REF! -> #REF! | Q29: =SUM(E29:P29,R29) -> #REF!
D30: FNTT | E30: =#REF! -> #REF! | F30: =#REF! -> #REF! | G30: =#REF! -> #REF! | H30: =#REF! -> #REF! | I30: =#REF! -> #REF! | J30: =#REF! -> #REF! | K30: =#REF! -> #REF! | L30: =#REF! -> #REF! | ... P30: =#REF! -> #REF! | Q30: =SUM(E30:P30,R30) -> #REF!
D31: NKSC | E31: =#REF! -> #REF! | F31: =#REF! -> #REF! | G31: =#REF! -> #REF! | H31: =#REF! -> #REF! | I31: =#REF! -> #REF! | J31: =#REF! -> #REF! | K31: =#REF! -> #REF! | L31: =#REF! -> #REF! | ... P31: =#REF! -> #REF! | Q31: =SUM(E31:P31,R31) -> #REF!
D32: Facebook | E32: =#REF! -> #REF! | F32: =#REF! -> #REF! | G32: =#REF! -> #REF! | H32: =#REF! -> #REF! | I32: =#REF! -> #REF! | J32: =#REF! -> #REF! | K32: =#REF! -> #REF! | L32: =#REF! -> #REF! | ... P32: =#REF! -> #REF! | Q32: =SUM(E32:P32,R32) -> #REF!
D33: Kita | E33: =#REF! -> #REF! | F33: =#REF! -> #REF! | G33: =#REF! -> #REF! | H33: =#REF! -> #REF! | I33: =#REF! -> #REF! | J33: =#REF! -> #REF! | K33: =#REF! -> #REF! | L33: =#REF! -> #REF! | ... P33: =#REF! -> #REF! | Q33: =SUM(E33:P33,R33) -> #REF!
D34: Pasisavintų lėšų suma (visų pranešimų) | E34: =#REF! -> #REF! | F34: =#REF! -> #REF! | G34: =#REF! -> #REF! | H34: =#REF! -> #REF! | I34: =#REF! -> #REF! | J34: =#REF! -> #REF! | K34: =#REF! -> #REF! | L34: =#REF! -> #REF! | ... P34: =#REF! -> #REF! | Q34: =SUM(E34:P34,R34) -> #REF!
K36: METŲ REZULTATŲ LENTELĖS PVV3 DARBUOTOJAMS NEPILDYTI (turėtų skaičiuoti automatiškai)

Sheet Sausis
A1: 1
B2: Mėnesio diena | C2: Vardas, pavardė. Pamaina D/N | D2: Paimti ROIK pranešimai (skaičius) | E2: Apdorota | F2: INFORMUOTA | L2: Pasisavintų lėšų suma (visų pranešimų) | M2: Neapdorota (siųstos pajėgos) | N2: Kontrolinis | O2: Tikslinamos aplinkybės (M) | P2: Pradėta IT | Q2: Pastabos | T2: Kontr. Kasdienė eilutė (Žalos)
F3: Bankas | G3: RRT | H3: FNTT | I3: NKSC | J3: Facebook | K3: Kita/įrašyti | U3: Praeitų mėn. Žalos | V3: 0
A4: =OFFSET('0'!$B$112,($A$1-1)*10,$B4-1) -> SV | B4: =OFFSET('0'!$B$111,($A$1-1)*10,0) -> 1 | L4: 1 | M4: =SUM(D4-E4) -> 0 | N4: =SUM(E4,M4) -> 0
M5: =SUM(D5-E5) -> 0 | N5: =SUM(E5,M5) -> 0 | U5: mėn.
M6: =SUM(D6-E6) -> 0 | N6: =SUM(E6,M6) -> 0 | U6: 1 | V6: =Sausis!L254 -> 1
M7: =SUM(D7-E7) -> 0 | N7: =SUM(E7,M7) -> 0 | U7: 2
M8: =SUM(D8-E8) -> 0 | N8: =SUM(E8,M8) -> 0 | U8: 3
M9: =SUM(D9-E9) -> 0 | N9: =SUM(E9,M9) -> 0 | U9: 4
C10: Iš viso Lietuvoje: | D10: =SUM(D4:D9) -> 0 | E10: =SUM(E4:E9) -> 0 | F10: =SUM(F4:F9) -> 0 | G10: =SUM(G4:G9) -> 0 | H10: =SUM(H4:H9) -> 0 | I10: =SUM(I4:I9) -> 0 | J10: =SUM(J4:J9) -> 0 | K10: =SUM(K4:K9) -> 0 | ... N10: =SUM(N4:N9) -> 0 | U10: 5
C11: dienos foto | D11: =SUM(D4:D9) -> 0 | E11: =SUM(E4:E9) -> 0 | F11: =SUM(F10:K10) -> 0 | L11: =SUM(L4:L9) -> 1 | M11: =SUM(M4:M9) -> 0 | N11: =SUM(N4:N9) -> 0 | O11: =SUM(O4) -> 0 | P11: =SUM(P4) -> 0 | T11: =$V$3+L11 -> 1 | U11: 6
A12: =OFFSET('0'!$B$112,($A$1-1)*10,$B12-1) -> -- | B12: =OFFSET('0'!$B$111,($A$1-1)*10,1) -> 2 | M12: =SUM(D12-E12) -> 0 | N12: =SUM(E12,M12) -> 0 | U12: 7
M13: =SUM(D13-E13) -> 0 | N13: =SUM(E13,M13) -> 0 | U13: 8
M14: =SUM(D14-E14) -> 0 | N14: =SUM(E14,M14) -> 0 | U14: 9
M15: =SUM(D15-E15) -> 0 | N15: =SUM(E15,M15) -> 0 | U15: 10
M16: =SUM(D16-E16) -> 0 | N16: =SUM(E16,M16) -> 0 | U16: 11
M17: =SUM(D17-E17) -> 0 | N17: =SUM(E17,M17) -> 0
C18: Iš viso Lietuvoje: | D18: =SUM(D12:D17) -> 0 | E18: =SUM(E12:E17) -> 0 | F18: =SUM(F12:F17) -> 0 | G18: =SUM(G12:G17) -> 0 | H18: =SUM(H12:H17) -> 0 | I18: =SUM(I12:I17) -> 0 | J18: =SUM(J12:J17) -> 0 | K18: =SUM(K12:K17) -> 0 | ... N18: =SUM(N12:N17) -> 0
C19: dienos foto | D19: =SUM(D12:D17) -> 0 | E19: =SUM(E12:E17) -> 0 | F19: =SUM(F18:K18) -> 0 | L19: =SUM(L12:L17) -> 0 | M19: =SUM(M12:M17) -> 0 | N19: =SUM(N12:N17) -> 0 | O19: =SUM(O12) -> 0 | P19: =SUM(P12) -> 0 | T19: =$V$3+L11+L19 -> 1
A20: =OFFSET('0'!$B$112,($A$1-1)*10,$B20-1) -> SS | B20: =OFFSET('0'!$B$111,($A$1-1)*10,2) -> 3 | M20: =SUM(D20-E20) -> 0 | N20: =SUM(E20,M20) -> 0
M21: =SUM(D21-E21) -> 0 | N21: =SUM(E21,M21) -> 0
M22: =SUM(D22-E22) -> 0 | N22: =SUM(E22,M22) -> 0
M23: =SUM(D23-E23) -> 0 | N23: =SUM(E23,M23) -> 0
M24: =SUM(D24-E24) -> 0 | N24: =SUM(E24,M24) -> 0
M25: =SUM(D25-E25) -> 0 | N25: =SUM(E25,M25) -> 0
C26: Iš viso Lietuvoje: | D26: =SUM(D20:D25) -> 0 | E26: =SUM(E20:E25) -> 0 | F26: =SUM(F20:F25) -> 0 | G26: =SUM(G20:G25) -> 0 | H26: =SUM(H20:H25) -> 0 | I26: =SUM(I20:I25) -> 0 | J26: =SUM(J20:J25) -> 0 | K26: =SUM(K20:K25) -> 0 | ... N26: =SUM(N20:N25) -> 0
C27: dienos foto | D27: =SUM(D20:D25) -> 0 | E27: =SUM(E20:E25) -> 0 | F27: =SUM(F26:K26) -> 0 | L27: =SUM(L20:L25) -> 0 | M27: =SUM(M20:M25) -> 0 | N27: =SUM(N20:N25) -> 0 | O27: =SUM(O20) -> 0 | P27: =SUM(P20) -> 0 | T27: =$V$3++L11+L19+L27 -> 1
A28: =OFFSET('0'!$B$112,($A$1-1)*10,$B28-1) -> SK | B28: =OFFSET('0'!$B$111,($A$1-1)*10,3) -> 4 | M28: =SUM(D28-E28) -> 0 | N28: =SUM(E28,M28) -> 0
M29: =SUM(D29-E29) -> 0 | N29: =SUM(E29,M29) -> 0
M30: =SUM(D30-E30) -> 0 | N30: =SUM(E30,M30) -> 0
M31: =SUM(D31-E31) -> 0 | N31: =SUM(E31,M31) -> 0
M32: =SUM(D32-E32) -> 0 | N32: =SUM(E32,M32) -> 0
M33: =SUM(D33-E33) -> 0 | N33: =SUM(E33,M33) -> 0
C34: Iš viso Lietuvoje: | D34: =SUM(D28:D33) -> 0 | E34: =SUM(E28:E33) -> 0 | F34: =SUM(F28:F33) -> 0 | G34: =SUM(G28:G33) -> 0 | H34: =SUM(H28:H33) -> 0 | I34: =SUM(I28:I33) -> 0 | J34: =SUM(J28:J33) -> 0 | K34: =SUM(K28:K33) -> 0 | ... N34: =SUM(N28:N33) -> 0
C35: dienos foto | D35: =SUM(D28:D33) -> 0 | E35: =SUM(E28:E33) -> 0 | F35: =SUM(F34:K34) -> 0 | L35: =SUM(L28:L33) -> 0 | M35: =SUM(M28:M33) -> 0 | N35: =SUM(N28:N33) -> 0 | O35: =SUM(O28) -> 0 | P35: =SUM(P28) -> 0 | T35: =$V$3+L11+L19+L27+L35 -> 1
A36: =OFFSET('0'!$B$112,($A$1-1)*10,$B36-1) -> -- | B36: =OFFSET('0'!$B$111,($A$1-1)*10,4) -> 5 | M36: =SUM(D36-E36) -> 0 | N36: =SUM(E36,M36) -> 0
M37: =SUM(D37-E37) -> 0 | N37: =SUM(E37,M37) -> 0
M38: =SUM(D38-E38) -> 0 | N38: =SUM(E38,M38) -> 0
M39: =SUM(D39-E39) -> 0 | N39: =SUM(E39,M39) -> 0
M40: =SUM(D40-E40) -> 0 | N40: =SUM(E40,M40) -> 0
M41: =SUM(D41-E41) -> 0 | N41: =SUM(E41,M41) -> 0
C42: Iš viso Lietuvoje: | D42: =SUM(D36:D41) -> 0 | E42: =SUM(E36:E41) -> 0 | F42: =SUM(F36:F41) -> 0 | G42: =SUM(G36:G41) -> 0 | H42: =SUM(H36:H41) -> 0 | I42: =SUM(I36:I41) -> 0 | J42: =SUM(J36:J41) -> 0 | K42: =SUM(K36:K41) -> 0 | ... N42: =SUM(N36:N41) -> 0
C43: dienos foto | D43: =SUM(D36:D41) -> 0 | E43: =SUM(E36:E41) -> 0 | F43: =SUM(F42:K42) -> 0 | L43: =SUM(L36:L41) -> 0 | M43: =SUM(M36:M41) -> 0 | N43: =SUM(N36:N41) -> 0 | O43: =SUM(O36) -> 0 | P43: =SUM(P36) -> 0 | T43: =$V$3+L11+L19+L27+L35+L43 -> 1
A44: =OFFSET('0'!$B$112,($A$1-1)*10,$B44-1) -> -- | B44: =OFFSET('0'!$B$111,($A$1-1)*10,5) -> 6 | M44: =SUM(D44-E44) -> 0 | N44: =SUM(E44,M44) -> 0
M45: =SUM(D45-E45) -> 0 | N45: =SUM(E45,M45) -> 0
M46: =SUM(D46-E46) -> 0 | N46: =SUM(E46,M46) -> 0
M47: =SUM(D47-E47) -> 0 | N47: =SUM(E47,M47) -> 0
M48: =SUM(D48-E48) -> 0 | N48: =SUM(E48,M48) -> 0
M49: =SUM(D49-E49) -> 0 | N49: =SUM(E49,M49) -> 0
C50: Iš viso Lietuvoje: | D50: =SUM(D44:D49) -> 0 | E50: =SUM(E44:E49) -> 0 | F50: =SUM(F44:F49) -> 0 | G50: =SUM(G44:G49) -> 0 | H50: =SUM(H44:H49) -> 0 | I50: =SUM(I44:I49) -> 0 | J50: =SUM(J44:J49) -> 0 | K50: =SUM(K44:K49) -> 0 | ... N50: =SUM(N44:N49) -> 0
C51: dienos foto | D51: =SUM(D44:D49) -> 0 | E51: =SUM(E44:E49) -> 0 | F51: =SUM(F50:K50) -> 0 | L51: =SUM(L44:L49) -> 0 | M51: =SUM(M44:M49) -> 0 | N51: =SUM(N44:N49) -> 0 | O51: =SUM(O44) -> 0 | P51: =SUM(P44) -> 0 | T51: =$V$3+L11+L19+L27+L35+L43+L51 -> 1
A52: =OFFSET('0'!$B$112,($A$1-1)*10,$B52-1) -> -- | B52: =OFFSET('0'!$B$111,($A$1-1)*10,6) -> 7 | M52: =SUM(D52-E52) -> 0 | N52: =SUM(E52,M52) -> 0
M53: =SUM(D53-E53) -> 0 | N53: =SUM(E53,M53) -> 0
M54: =SUM(D54-E54) -> 0 | N54: =SUM(E54,M54) -> 0
M55: =SUM(D55-E55) -> 0 | N55: =SUM(E55,M55) -> 0
M56: =SUM(D56-E56) -> 0 | N56: =SUM(E56,M56) -> 0
M57: =SUM(D57-E57) -> 0 | N57: =SUM(E57,M57) -> 0
C58: Iš viso Lietuvoje: | D58: =SUM(D52:D57) -> 0 | E58: =SUM(E52:E57) -> 0 | F58: =SUM(F52:F57) -> 0 | G58: =SUM(G52:G57) -> 0 | H58: =SUM(H52:H57) -> 0 | I58: =SUM(I52:I57) -> 0 | J58: =SUM(J52:J57) -> 0 | K58: =SUM(K52:K57) -> 0 | ... N58: =SUM(N52:N57) -> 0
C59: dienos foto | D59: =SUM(D52:D57) -> 0 | E59: =SUM(E52:E57) -> 0 | F59: =SUM(F58:K58) -> 0 | L59: =SUM(L52:L57) -> 0 | M59: =SUM(M52:M57) -> 0 | N59: =SUM(N52:N57) -> 0 | O59: =SUM(O52) -> 0 | P59: =SUM(P52) -> 0 | T59: =$V$3+L11+L19+L27+L35+L43+L51+L59 -> 1
A60: =OFFSET('0'!$B$112,($A$1-1)*10,$B60-1) -> -- | B60: =OFFSET('0'!$B$111,($A$1-1)*10,7) -> 8 | M60: =SUM(D60-E60) -> 0 | N60: =SUM(E60,M60) -> 0
M61: =SUM(D61-E61) -> 0 | N61: =SUM(E61,M61) -> 0
M62: =SUM(D62-E62) -> 0 | N62: =SUM(E62,M62) -> 0
M63: =SUM(D63-E63) -> 0 | N63: =SUM(E63,M63) -> 0
M64: =SUM(D64-E64) -> 0 | N64: =SUM(E64,M64) -> 0
M65: =SUM(D65-E65) -> 0 | N65: =SUM(E65,M65) -> 0
C66: Iš viso Lietuvoje: | D66: =SUM(D60:D65) -> 0 | E66: =SUM(E60:E65) -> 0 | F66: =SUM(F60:F65) -> 0 | G66: =SUM(G60:G65) -> 0 | H66: =SUM(H60:H65) -> 0 | I66: =SUM(I60:I65) -> 0 | J66: =SUM(J60:J65) -> 0 | K66: =SUM(K60:K65) -> 0 | ... N66: =SUM(N60:N65) -> 0
C67: dienos foto | D67: =SUM(D60:D65) -> 0 | E67: =SUM(E60:E65) -> 0 | F67: =SUM(F66:K66) -> 0 | L67: =SUM(L60:L65) -> 0 | M67: =SUM(M60:M65) -> 0 | N67: =SUM(N60:N65) -> 0 | O67: =SUM(O60) -> 0 | P67: =SUM(P60) -> 0 | T67: =$V$3+L11+L19+L27+L35+L43+L51+L59+L67 -> 1
A68: =OFFSET('0'!$B$112,($A$1-1)*10,$B68-1) -> -- | B68: =OFFSET('0'!$B$111,($A$1-1)*10,8) -> 9 | M68: =SUM(D68-E68) -> 0 | N68: =SUM(E68,M68) -> 0
M69: =SUM(D69-E69) -> 0 | N69: =SUM(E69,M69) -> 0
M70: =SUM(D70-E70) -> 0 | N70: =SUM(E70,M70) -> 0
M71: =SUM(D71-E71) -> 0 | N71: =SUM(E71,M71) -> 0
M72: =SUM(D72-E72) -> 0 | N72: =SUM(E72,M72) -> 0
M73: =SUM(D73-E73) -> 0 | N73: =SUM(E73,M73) -> 0
C74: Iš viso Lietuvoje: | D74: =SUM(D68:D73) -> 0 | E74: =SUM(E68:E73) -> 0 | F74: =SUM(F68:F73) -> 0 | G74: =SUM(G68:G73) -> 0 | H74: =SUM(H68:H73) -> 0 | I74: =SUM(I68:I73) -> 0 | J74: =SUM(J68:J73) -> 0 | K74: =SUM(K68:K73) -> 0 | ... N74: =SUM(N68:N73) -> 0
C75: dienos foto | D75: =SUM(D68:D73) -> 0 | E75: =SUM(E68:E73) -> 0 | F75: =SUM(F74:K74) -> 0 | L75: =SUM(L68:L73) -> 0 | M75: =SUM(M68:M73) -> 0 | N75: =SUM(N68:N73) -> 0 | O75: =SUM(O68) -> 0 | P75: =SUM(P68) -> 0 | T75: =$V$3+L11+L19+L27+L35+L43+L51+L59+L67+L75 -> 1
A76: =OFFSET('0'!$B$112,($A$1-1)*10,$B76-1) -> SS | B76: =OFFSET('0'!$B$111,($A$1-1)*10,9) -> 10 | M76: =SUM(D76-E76) -> 0 | N76: =SUM(E76,M76) -> 0
M77: =SUM(D77-E77) -> 0 | N77: =SUM(E77,M77) -> 0
M78: =SUM(D78-E78) -> 0 | N78: =SUM(E78,M78) -> 0
M79: =SUM(D79-E79) -> 0 | N79: =SUM(E79,M79) -> 0
M80: =SUM(D80-E80) -> 0 | N80: =SUM(E80,M80) -> 0
M81: =SUM(D81-E81) -> 0 | N81: =SUM(E81,M81) -> 0
C82: Iš viso Lietuvoje: | D82: =SUM(D76:D81) -> 0 | E82: =SUM(E76:E81) -> 0 | F82: =SUM(F76:F81) -> 0 | G82: =SUM(G76:G81) -> 0 | H82: =SUM(H76:H81) -> 0 | I82: =SUM(I76:I81) -> 0 | J82: =SUM(J76:J81) -> 0 | K82: =SUM(K76:K81) -> 0 | ... N82: =SUM(N76:N81) -> 0
C83: dienos foto | D83: =SUM(D76:D81) -> 0 | E83: =SUM(E76:E81) -> 0 | F83: =SUM(F82:K82) -> 0 | L83: =SUM(L76:L81) -> 0 | M83: =SUM(M76:M81) -> 0 | N83: =SUM(N76:N81) -> 0 | O83: =SUM(O76) -> 0 | P83: =SUM(P76) -> 0 | T83: =$V$3+L11+L19+L27+L35+L43+L51+L59+L67+L75+L83 -> 1
A84: =OFFSET('0'!$B$112,($A$1-1)*10,$B84-1) -> SK | B84: =OFFSET('0'!$B$111,($A$1-1)*10,10) -> 11 | M84: =SUM(D84-E84) -> 0 | N84: =SUM(E84,M84) -> 0
M85: =SUM(D85-E85) -> 0 | N85: =SUM(E85,M85) -> 0
M86: =SUM(D86-E86) -> 0 | N86: =SUM(E86,M86) -> 0
M87: =SUM(D87-E87) -> 0 | N87: =SUM(E87,M87) -> 0
M88: =SUM(D88-E88) -> 0 | N88: =SUM(E88,M88) -> 0
M89: =SUM(D89-E89) -> 0 | N89: =SUM(E89,M89) -> 0
C90: Iš viso Lietuvoje: | D90: =SUM(D84:D89) -> 0 | E90: =SUM(E84:E89) -> 0 | F90: =SUM(F84:F89) -> 0 | G90: =SUM(G84:G89) -> 0 | H90: =SUM(H84:H89) -> 0 | I90: =SUM(I84:I89) -> 0 | J90: =SUM(J84:J89) -> 0 | K90: =SUM(K84:K89) -> 0 | ... N90: =SUM(N84:N89) -> 0
C91: dienos foto | D91: =SUM(D84:D89) -> 0 | E91: =SUM(E84:E89) -> 0 | F91: =SUM(F90:K90) -> 0 | L91: =SUM(L84:L89) -> 0 | M91: =SUM(M84:M89) -> 0 | N91: =SUM(N84:N89) -> 0 | O91: =SUM(O84) -> 0 | P91: =SUM(P84) -> 0 | T91: =$V$3+L11+L19+L27+L35+L43+L51+L59+L67+L75+L83+L91 -> 1
A92: =OFFSET('0'!$B$112,($A$1-1)*10,$B92-1) -> -- | B92: =OFFSET('0'!$B$111,($A$1-1)*10,11) -> 12 | M92: =SUM(D92-E92) -> 0 | N92: =SUM(E92,M92) -> 0
M93: =SUM(D93-E93) -> 0 | N93: =SUM(E93,M93) -> 0
M94: =SUM(D94-E94) -> 0 | N94: =SUM(E94,M94) -> 0
M95: =SUM(D95-E95) -> 0 | N95: =SUM(E95,M95) -> 0
M96: =SUM(D96-E96) -> 0 | N96: =SUM(E96,M96) -> 0
M97: =SUM(D97-E97) -> 0 | N97: =SUM(E97,M97) -> 0
C98: Iš viso Lietuvoje: | D98: =SUM(D92:D97) -> 0 | E98: =SUM(E92:E97) -> 0 | F98: =SUM(F92:F97) -> 0 | G98: =SUM(G92:G97) -> 0 | H98: =SUM(H92:H97) -> 0 | I98: =SUM(I92:I97) -> 0 | J98: =SUM(J92:J97) -> 0 | K98: =SUM(K92:K97) -> 0 | ... N98: =SUM(N92:N97) -> 0
C99: dienos foto | D99: =SUM(D92:D97) -> 0 | E99: =SUM(E92:E97) -> 0 | F99: =SUM(F98:K98) -> 0 | L99: =SUM(L92:L97) -> 0 | M99: =SUM(M92:M97) -> 0 | N99: =SUM(N92:N97) -> 0 | O99: =SUM(O92) -> 0 | P99: =SUM(P92) -> 0 | T99: =$V$3+L11+L19+L27+L35+L43+L51+L59+L67+L75+L83+L91+L99 -> 1
A100: =OFFSET('0'!$B$112,($A$1-1)*10,$B100-1) -> -- | B100: =OFFSET('0'!$B$111,($A$1-1)*10,12) -> 13 | M100: =SUM(D100-E100) -> 0 | N100: =SUM(E100,M100) -> 0
...

Sheet Vasaris
A1: 2
B2: Mėnesio diena | C2: Vardas, pavardė. Pamaina D/N | D2: Paimti ROIK pranešimai (skaičius) | E2: Apdorota | F2: INFORMUOTA | L2: Pasisavintų lėšų suma (visų pranešimų) | M2: Neapdorota (siųstos pajėgos) | N2: Kontrolinis | O2: Tikslinamos aplinkybės (M) | P2: Pradėta IT | Q2: Pastabos | T2: Kontr. Kasdienė eilutė (Žalos)
F3: Bankas | G3: RRT | H3: FNTT | I3: NKSC | J3: Facebook | K3: Kita/įrašyti | U3: Praeitų mėn. Žalos | V3: =SUM(V6:V6) -> 1
A4: =OFFSET('0'!$B$112,($A$1-1)*10,$B4-1) -> SK | B4: =OFFSET('0'!$B$111,($A$1-1)*10,0) -> 1 | L4: 2 | M4: =SUM(D4-E4) -> 0 | N4: =SUM(E4,M4) -> 0
M5: =SUM(D5-E5) -> 0 | N5: =SUM(E5,M5) -> 0 | U5: mėn.
M6: =SUM(D6-E6) -> 0 | N6: =SUM(E6,M6) -> 0 | U6: 1 | V6: =Sausis!L254 -> 1
M7: =SUM(D7-E7) -> 0 | N7: =SUM(E7,M7) -> 0 | U7: 2 | V7: =Vasaris!L254 -> 2
M8: =SUM(D8-E8) -> 0 | N8: =SUM(E8,M8) -> 0 | U8: 3
M9: =SUM(D9-E9) -> 0 | N9: =SUM(E9,M9) -> 0 | U9: 4
C10: Iš viso Lietuvoje: | D10: =SUM(D4:D9) -> 0 | E10: =SUM(E4:E9) -> 0 | F10: =SUM(F4:F9) -> 0 | G10: =SUM(G4:G9) -> 0 | H10: =SUM(H4:H9) -> 0 | I10: =SUM(I4:I9) -> 0 | J10: =SUM(J4:J9) -> 0 | K10: =SUM(K4:K9) -> 0 | ... N10: =SUM(N4:N9) -> 0 | U10: 5
C11: dienos foto | D11: =SUM(D4:D9) -> 0 | E11: =SUM(E4:E9) -> 0 | F11: =SUM(F10:K10) -> 0 | L11: =SUM(L4:L9) -> 2 | M11: =SUM(M4:M9) -> 0 | N11: =SUM(N4:N9) -> 0 | O11: =SUM(O4) -> 0 | P11: =SUM(P4) -> 0 | T11: =$V$3+L11 -> 3 | U11: 6
A12: =OFFSET('0'!$B$112,($A$1-1)*10,$B12-1) -> -- | B12: =OFFSET('0'!$B$111,($A$1-1)*10,1) -> 2 | M12: =SUM(D12-E12) -> 0 | N12: =SUM(E12,M12) -> 0 | U12: 7
M13: =SUM(D13-E13) -> 0 | N13: =SUM(E13,M13) -> 0 | U13: 8
M14: =SUM(D14-E14) -> 0 | N14: =SUM(E14,M14) -> 0 | U14: 9
M15: =SUM(D15-E15) -> 0 | N15: =SUM(E15,M15) -> 0 | U15: 10
M16: =SUM(D16-E16) -> 0 | N16: =SUM(E16,M16) -> 0 | U16: 11
M17: =SUM(D17-E17) -> 0 | N17: =SUM(E17,M17) -> 0
C18: Iš viso Lietuvoje: | D18: =SUM(D12:D17) -> 0 | E18: =SUM(E12:E17) -> 0 | F18: =SUM(F12:F17) -> 0 | G18: =SUM(G12:G17) -> 0 | H18: =SUM(H12:H17) -> 0 | I18: =SUM(I12:I17) -> 0 | J18: =SUM(J12:J17) -> 0 | K18: =SUM(K12:K17) -> 0 | ... N18: =SUM(N12:N17) -> 0
C19: dienos foto | D19: =SUM(D12:D17) -> 0 | E19: =SUM(E12:E17) -> 0 | F19: =SUM(F18:K18) -> 0 | L19: =SUM(L12:L17) -> 0 | M19: =SUM(M12:M17) -> 0 | N19: =SUM(N12:N17) -> 0 | O19: =SUM(O12) -> 0 | P19: =SUM(P12) -> 0 | T19: =$V$3+L11+L19 -> 3
A20: =OFFSET('0'!$B$112,($A$1-1)*10,$B20-1) -> -- | B20: =OFFSET('0'!$B$111,($A$1-1)*10,2) -> 3 | M20: =SUM(D20-E20) -> 0 | N20: =SUM(E20,M20) -> 0
M21: =SUM(D21-E21) -> 0 | N21: =SUM(E21,M21) -> 0
M22: =SUM(D22-E22) -> 0 | N22: =SUM(E22,M22) -> 0
M23: =SUM(D23-E23) -> 0 | N23: =SUM(E23,M23) -> 0
M24: =SUM(D24-E24) -> 0 | N24: =SUM(E24,M24) -> 0
M25: =SUM(D25-E25) -> 0 | N25: =SUM(E25,M25) -> 0
C26: Iš viso Lietuvoje: | D26: =SUM(D20:D25) -> 0 | E26: =SUM(E20:E25) -> 0 | F26: =SUM(F20:F25) -> 0 | G26: =SUM(G20:G25) -> 0 | H26: =SUM(H20:H25) -> 0 | I26: =SUM(I20:I25) -> 0 | J26: =SUM(J20:J25) -> 0 | K26: =SUM(K20:K25) -> 0 | ... N26: =SUM(N20:N25) -> 0
C27: dienos foto | D27: =SUM(D20:D25) -> 0 | E27: =SUM(E20:E25) -> 0 | F27: =SUM(F26:K26) -> 0 | L27: =SUM(L20:L25) -> 0 | M27: =SUM(M20:M25) -> 0 | N27: =SUM(N20:N25) -> 0 | O27: =SUM(O20) -> 0 | P27: =SUM(P20) -> 0 | T27: =$V$3++L11+L19+L27 -> 3
A28: =OFFSET('0'!$B$112,($A$1-1)*10,$B28-1) -> -- | B28: =OFFSET('0'!$B$111,($A$1-1)*10,3) -> 4 | M28: =SUM(D28-E28) -> 0 | N28: =SUM(E28,M28) -> 0
M29: =SUM(D29-E29) -> 0 | N29: =SUM(E29,M29) -> 0
M30: =SUM(D30-E30) -> 0 | N30: =SUM(E30,M30) -> 0
M31: =SUM(D31-E31) -> 0 | N31: =SUM(E31,M31) -> 0
M32: =SUM(D32-E32) -> 0 | N32: =SUM(E32,M32) -> 0
M33: =SUM(D33-E33) -> 0 | N33: =SUM(E33,M33) -> 0
C34: Iš viso Lietuvoje: | D34: =SUM(D28:D33) -> 0 | E34: =SUM(E28:E33) -> 0 | F34: =SUM(F28:F33) -> 0 | G34: =SUM(G28:G33) -> 0 | H34: =SUM(H28:H33) -> 0 | I34: =SUM(I28:I33) -> 0 | J34: =SUM(J28:J33) -> 0 | K34: =SUM(K28:K33) -> 0 | ... N34: =SUM(N28:N33) -> 0
C35: dienos foto | D35: =SUM(D28:D33) -> 0 | E35: =SUM(E28:E33) -> 0 | F35: =SUM(F34:K34) -> 0 | L35: =SUM(L28:L33) -> 0 | M35: =SUM(M28:M33) -> 0 | N35: =SUM(N28:N33) -> 0 | O35: =SUM(O28) -> 0 | P35: =SUM(P28) -> 0 | T35: =$V$3+L11+L19+L27+L35 -> 3
A36: =OFFSET('0'!$B$112,($A$1-1)*10,$B36-1) -> -- | B36: =OFFSET('0'!$B$111,($A$1-1)*10,4) -> 5 | M36: =SUM(D36-E36) -> 0 | N36: =SUM(E36,M36) -> 0
M37: =SUM(D37-E37) -> 0 | N37: =SUM(E37,M37) -> 0
M38: =SUM(D38-E38) -> 0 | N38: =SUM(E38,M38) -> 0
M39: =SUM(D39-E39) -> 0 | N39: =SUM(E39,M39) -> 0
M40: =SUM(D40-E40) -> 0 | N40: =SUM(E40,M40) -> 0
M41: =SUM(D41-E41) -> 0 | N41: =SUM(E41,M41) -> 0
C42: Iš viso Lietuvoje: | D42: =SUM(D36:D41) -> 0 | E42: =SUM(E36:E41) -> 0 | F42: =SUM(F36:F41) -> 0 | G42: =SUM(G36:G41) -> 0 | H42: =SUM(H36:H41) -> 0 | I42: =SUM(I36:I41) -> 0 | J42: =SUM(J36:J41) -> 0 | K42: =SUM(K36:K41) -> 0 | ... N42: =SUM(N36:N41) -> 0
C43: dienos foto | D43: =SUM(D36:D41) -> 0 | E43: =SUM(E36:E41) -> 0 | F43: =SUM(F42:K42) -> 0 | L43: =SUM(L36:L41) -> 0 | M43: =SUM(M36:M41) -> 0 | N43: =SUM(N36:N41) -> 0 | O43: =SUM(O36) -> 0 | P43: =SUM(P36) -> 0 | T43: =$V$3+L11+L19+L27+L35+L43 -> 3
A44: =OFFSET('0'!$B$112,($A$1-1)*10,$B44-1) -> -- | B44: =OFFSET('0'!$B$111,($A$1-1)*10,5) -> 6 | M44: =SUM(D44-E44) -> 0 | N44: =SUM(E44,M44) -> 0
M45: =SUM(D45-E45) -> 0 | N45: =SUM(E45,M45) -> 0
M46: =SUM(D46-E46) -> 0 | N46: =SUM(E46,M46) -> 0
M47: =SUM(D47-E47) -> 0 | N47: =SUM(E47,M47) -> 0
M48: =SUM(D48-E48) -> 0 | N48: =SUM(E48,M48) -> 0
M49: =SUM(D49-E49) -> 0 | N49: =SUM(E49,M49) -> 0
C50: Iš viso Lietuvoje: | D50: =SUM(D44:D49) -> 0 | E50: =SUM(E44:E49) -> 0 | F50: =SUM(F44:F49) -> 0 | G50: =SUM(G44:G49) -> 0 | H50: =SUM(H44:H49) -> 0 | I50: =SUM(I44:I49) -> 0 | J50: =SUM(J44:J49) -> 0 | K50: =SUM(K44:K49) -> 0 | ... N50: =SUM(N44:N49) -> 0
C51: dienos foto | D51: =SUM(D44:D49) -> 0 | E51: =SUM(E44:E49) -> 0 | F51: =SUM(F50:K50) -> 0 | L51: =SUM(L44:L49) -> 0 | M51: =SUM(M44:M49) -> 0 | N51: =SUM(N44:N49) -> 0 | O51: =SUM(O44) -> 0 | P51: =SUM(P44) -> 0 | T51: =$V$3+L11+L19+L27+L35+L43+L51 -> 3
A52: =OFFSET('0'!$B$112,($A$1-1)*10,$B52-1) -> SS | B52: =OFFSET('0'!$B$111,($A$1-1)*10,6) -> 7 | M52: =SUM(D52-E52) -> 0 | N52: =SUM(E52,M52) -> 0
M53: =SUM(D53-E53) -> 0 | N53: =SUM(E53,M53) -> 0
M54: =SUM(D54-E54) -> 0 | N54: =SUM(E54,M54) -> 0
M55: =SUM(D55-E55) -> 0 | N55: =SUM(E55,M55) -> 0
M56: =SUM(D56-E56) -> 0 | N56: =SUM(E56,M56) -> 0
M57: =SUM(D57-E57) -> 0 | N57: =SUM(E57,M57) -> 0
C58: Iš viso Lietuvoje: | D58: =SUM(D52:D57) -> 0 | E58: =SUM(E52:E57) -> 0 | F58: =SUM(F52:F57) -> 0 | G58: =SUM(G52:G57) -> 0 | H58: =SUM(H52:H57) -> 0 | I58: =SUM(I52:I57) -> 0 | J58: =SUM(J52:J57) -> 0 | K58: =SUM(K52:K57) -> 0 | ... N58: =SUM(N52:N57) -> 0
C59: dienos foto | D59: =SUM(D52:D57) -> 0 | E59: =SUM(E52:E57) -> 0 | F59: =SUM(F58:K58) -> 0 | L59: =SUM(L52:L57) -> 0 | M59: =SUM(M52:M57) -> 0 | N59: =SUM(N52:N57) -> 0 | O59: =SUM(O52) -> 0 | P59: =SUM(P52) -> 0 | T59: =$V$3+L11+L19+L27+L35+L43+L51+L59 -> 3
A60: =OFFSET('0'!$B$112,($A$1-1)*10,$B60-1) -> SK | B60: =OFFSET('0'!$B$111,($A$1-1)*10,7) -> 8 | M60: =SUM(D60-E60) -> 0 | N60: =SUM(E60,M60) -> 0
M61: =SUM(D61-E61) -> 0 | N61: =SUM(E61,M61) -> 0
M62: =SUM(D62-E62) -> 0 | N62: =SUM(E62,M62) -> 0
M63: =SUM(D63-E63) -> 0 | N63: =SUM(E63,M63) -> 0
M64: =SUM(D64-E64) -> 0 | N64: =SUM(E64,M64) -> 0
M65: =SUM(D65-E65) -> 0 | N65: =SUM(E65,M65) -> 0
C66: Iš viso Lietuvoje: | D66: =SUM(D60:D65) -> 0 | E66: =SUM(E60:E65) -> 0 | F66: =SUM(F60:F65) -> 0 | G66: =SUM(G60:G65) -> 0 | H66: =SUM(H60:H65) -> 0 | I66: =SUM(I60:I65) -> 0 | J66: =SUM(J60:J65) -> 0 | K66: =SUM(K60:K65) -> 0 | ... N66: =SUM(N60:N65) -> 0
C67: dienos foto | D67: =SUM(D60:D65) -> 0 | E67: =SUM(E60:E65) -> 0 | F67: =SUM(F66:K66) -> 0 | L67: =SUM(L60:L65) -> 0 | M67: =SUM(M60:M65) -> 0 | N67: =SUM(N60:N65) -> 0 | O67: =SUM(O60) -> 0 | P67: =SUM(P60) -> 0 | T67: =$V$3+L11+L19+L27+L35+L43+L51+L59+L67 -> 3
A68: =OFFSET('0'!$B$112,($A$1-1)*10,$B68-1) -> -- | B68: =OFFSET('0'!$B$111,($A$1-1)*10,8) -> 9 | M68: =SUM(D68-E68) -> 0 | N68: =SUM(E68,M68) -> 0
M69: =SUM(D69-E69) -> 0 | N69: =SUM(E69,M69) -> 0
M70: =SUM(D70-E70) -> 0 | N70: =SUM(E70,M70) -> 0
M71: =SUM(D71-E71) -> 0 | N71: =SUM(E71,M71) -> 0
M72: =SUM(D72-E72) -> 0 | N72: =SUM(E72,M72) -> 0
M73: =SUM(D73-E73) -> 0 | N73: =SUM(E73,M73) -> 0
C74: Iš viso Lietuvoje: | D74: =SUM(D68:D73) -> 0 | E74: =SUM(E68:E73) -> 0 | F74: =SUM(F68:F73) -> 0 | G74: =SUM(G68:G73) -> 0 | H74: =SUM(H68:H73) -> 0 | I74: =SUM(I68:I73) -> 0 | J74: =SUM(J68:J73) -> 0 | K74: =SUM(K68:K73) -> 0 | ... N74: =SUM(N68:N73) -> 0
C75: dienos foto | D75: =SUM(D68:D73) -> 0 | E75: =SUM(E68:E73) -> 0 | F75: =SUM(F74:K74) -> 0 | L75: =SUM(L68:L73) -> 0 | M75: =SUM(M68:M73) -> 0 | N75: =SUM(N68:N73) -> 0 | O75: =SUM(O68) -> 0 | P75: =SUM(P68) -> 0 | T75: =$V$3+L11+L19+L27+L35+L43+L51+L59+L67+L75 -> 3
A76: =OFFSET('0'!$B$112,($A$1-1)*10,$B76-1) -> -- | B76: =OFFSET('0'!$B$111,($A$1-1)*10,9) -> 10 | M76: =SUM(D76-E76) -> 0 | N76: =SUM(E76,M76) -> 0
M77: =SUM(D77-E77) -> 0 | N77: =SUM(E77,M77) -> 0
M78: =SUM(D78-E78) -> 0 | N78: =SUM(E78,M78) -> 0
M79: =SUM(D79-E79) -> 0 | N79: =SUM(E79,M79) -> 0
M80: =SUM(D80-E80) -> 0 | N80: =SUM(E80,M80) -> 0
M81: =SUM(D81-E81) -> 0 | N81: =SUM(E81,M81) -> 0
C82: Iš viso Lietuvoje: | D82: =SUM(D76:D81) -> 0 | E82: =SUM(E76:E81) -> 0 | F82: =SUM(F76:F81) -> 0 | G82: =SUM(G76:G81) -> 0 | H82: =SUM(H76:H81) -> 0 | I82: =SUM(I76:I81) -> 0 | J82: =SUM(J76:J81) -> 0 | K82: =SUM(K76:K81) -> 0 | ... N82: =SUM(N76:N81) -> 0
C83: dienos foto | D83: =SUM(D76:D81) -> 0 | E83: =SUM(E76:E81) -> 0 | F83: =SUM(F82:K82) -> 0 | L83: =SUM(L76:L81) -> 0 | M83: =SUM(M76:M81) -> 0 | N83: =SUM(N76:N81) -> 0 | O83: =SUM(O76) -> 0 | P83: =SUM(P76) -> 0 | T83: =$V$3+L11+L19+L27+L35+L43+L51+L59+L67+L75+L83 -> 3
A84: =OFFSET('0'!$B$112,($A$1-1)*10,$B84-1) -> -- | B84: =OFFSET('0'!$B$111,($A$1-1)*10,10) -> 11 | M84: =SUM(D84-E84) -> 0 | N84: =SUM(E84,M84) -> 0
M85: =SUM(D85-E85) -> 0 | N85: =SUM(E85,M85) -> 0
M86: =SUM(D86-E86) -> 0 | N86: =SUM(E86,M86) -> 0
M87: =SUM(D87-E87) -> 0 | N87: =SUM(E87,M87) -> 0
M88: =SUM(D88-E88) -> 0 | N88: =SUM(E88,M88) -> 0
M89: =SUM(D89-E89) -> 0 | N89: =SUM(E89,M89) -> 0
C90: Iš viso Lietuvoje: | D90: =SUM(D84:D89) -> 0 | E90: =SUM(E84:E89) -> 0 | F90: =SUM(F84:F89) -> 0 | G90: =SUM(G84:G89) -> 0 | H90: =SUM(H84:H89) -> 0 | I90: =SUM(I84:I89) -> 0 | J90: =SUM(J84:J89) -> 0 | K90: =SUM(K84:K89) -> 0 | ... N90: =SUM(N84:N89) -> 0
C91: dienos foto | D91: =SUM(D84:D89) -> 0 | E91: =SUM(E84:E89) -> 0 | F91: =SUM(F90:K90) -> 0 | L91: =SUM(L84:L89) -> 0 | M91: =SUM(M84:M89) -> 0 | N91: =SUM(N84:N89) -> 0 | O91: =SUM(O84) -> 0 | P91: =SUM(P84) -> 0 | T91: =$V$3+L11+L19+L27+L35+L43+L51+L59+L67+L75+L83+L91 -> 3
A92: =OFFSET('0'!$B$112,($A$1-1)*10,$B92-1) -> -- | B92: =OFFSET('0'!$B$111,($A$1-1)*10,11) -> 12 | M92: =SUM(D92-E92) -> 0 | N92: =SUM(E92,M92) -> 0
M93: =SUM(D93-E93) -> 0 | N93: =SUM(E93,M93) -> 0
M94: =SUM(D94-E94) -> 0 | N94: =SUM(E94,M94) -> 0
M95: =SUM(D95-E95) -> 0 | N95: =SUM(E95,M95) -> 0
M96: =SUM(D96-E96) -> 0 | N96: =SUM(E96,M96) -> 0
M97: =SUM(D97-E97) -> 0 | N97: =SUM(E97,M97) -> 0
C98: Iš viso Lietuvoje: | D98: =SUM(D92:D97) -> 0 | E98: =SUM(E92:E97) -> 0 | F98: =SUM(F92:F97) -> 0 | G98: =SUM(G92:G97) -> 0 | H98: =SUM(H92:H97) -> 0 | I98: =SUM(I92:I97) -> 0 | J98: =SUM(J92:J97) -> 0 | K98: =SUM(K92:K97) -> 0 | ... N98: =SUM(N92:N97) -> 0
C99: dienos foto | D99: =SUM(D92:D97) -> 0 | E99: =SUM(E92:E97) -> 0 | F99: =SUM(F98:K98) -> 0 | L99: =SUM(L92:L97) -> 0 | M99: =SUM(M92:M97) -> 0 | N99: =SUM(N92:N97) -> 0 | O99: =SUM(O92) -> 0 | P99: =SUM(P92) -> 0 | T99: =$V$3+L11+L19+L27+L35+L43+L51+L59+L67+L75+L83+L91+L99 -> 3
A100: =OFFSET('0'!$B$112,($A$1-1)*10,$B100-1) -> -- | B100: =OFFSET('0'!$B$111,($A$1-1)*10,12) -> 13 | M100: =SUM(D100-E100) -> 0 | N100: =SUM(E100,M100) -> 0
...

Sheet Kovas
A1: 3
B2: Mėnesio diena | C2: Vardas, pavardė. Pamaina D/N | D2: Paimti ROIK pranešimai (skaičius) | E2: Apdorota | F2: INFORMUOTA | L2: Pasisavintų lėšų suma (visų pranešimų) | M2: Neapdorota (siųstos pajėgos) | N2: Kontrolinis | O2: Tikslinamos aplinkybės (M) | P2: Pradėta IT | Q2: Pastabos | T2: Kontr. Kasdienė eilutė (Žalos)
F3: Bankas | G3: RRT | H3: FNTT | I3: NKSC | J3: Facebook | K3: Kita/įrašyti | U3: Praeitų mėn. Žalos | V3: =SUM(V6:V7) -> 3
A4: =OFFSET('0'!$B$112,($A$1-1)*10,$B4-1) -> SK | B4: =OFFSET('0'!$B$111,($A$1-1)*10,0) -> 1 | L4: 3 | M4: =SUM(D4-E4) -> 0 | N4: =SUM(E4,M4) -> 0
M5: =SUM(D5-E5) -> 0 | N5: =SUM(E5,M5) -> 0 | U5: mėn.
M6: =SUM(D6-E6) -> 0 | N6: =SUM(E6,M6) -> 0 | U6: 1 | V6: =Sausis!L254 -> 1
M7: =SUM(D7-E7) -> 0 | N7: =SUM(E7,M7) -> 0 | U7: 2 | V7: =Vasaris!L254 -> 2
M8: =SUM(D8-E8) -> 0 | N8: =SUM(E8,M8) -> 0 | U8: 3 | V8: =Kovas!L254 -> 3
M9: =SUM(D9-E9) -> 0 | N9: =SUM(E9,M9) -> 0 | U9: 4
C10: Iš viso Lietuvoje: | D10: =SUM(D4:D9) -> 0 | E10: =SUM(E4:E9) -> 0 | F10: =SUM(F4:F9) -> 0 | G10: =SUM(G4:G9) -> 0 | H10: =SUM(H4:H9) -> 0 | I10: =SUM(I4:I9) -> 0 | J10: =SUM(J4:J9) -> 0 | K10: =SUM(K4:K9) -> 0 | ... N10: =SUM(N4:N9) -> 0 | U10: 5
C11: dienos foto | D11: =SUM(D4:D9) -> 0 | E11: =SUM(E4:E9) -> 0 | F11: =SUM(F10:K10) -> 0 | L11: =SUM(L4:L9) -> 3 | M11: =SUM(M4:M9) -> 0 | N11: =SUM(N4:N9) -> 0 | O11: =SUM(O4) -> 0 | P11: =SUM(P4) -> 0 | T11: =$V$3+L11 -> 6 | U11: 6
A12: =OFFSET('0'!$B$112,($A$1-1)*10,$B12-1) -> -- | B12: =OFFSET('0'!$B$111,($A$1-1)*10,1) -> 2 | M12: =SUM(D12-E12) -> 0 | N12: =SUM(E12,M12) -> 0 | U12: 7
M13: =SUM(D13-E13) -> 0 | N13: =SUM(E13,M13) -> 0 | U13: 8
M14: =SUM(D14-E14) -> 0 | N14: =SUM(E14,M14) -> 0 | U14: 9
M15: =SUM(D15-E15) -> 0 | N15: =SUM(E15,M15) -> 0 | U15: 10
M16: =SUM(D16-E16) -> 0 | N16: =SUM(E16,M16) -> 0 | U16: 11
M17: =SUM(D17-E17) -> 0 | N17: =SUM(E17,M17) -> 0
C18: Iš viso Lietuvoje: | D18: =SUM(D12:D17) -> 0 | E18: =SUM(E12:E17) -> 0 | F18: =SUM(F12:F17) -> 0 | G18: =SUM(G12:G17) -> 0 | H18: =SUM(H12:H17) -> 0 | I18: =SUM(I12:I17) -> 0 | J18: =SUM(J12:J17) -> 0 | K18: =SUM(K12:K17) -> 0 | ... N18: =SUM(N12:N17) -> 0
C19: dienos foto | D19: =SUM(D12:D17) -> 0 | E19: =SUM(E12:E17) -> 0 | F19: =SUM(F18:K18) -> 0 | L19: =SUM(L12:L17) -> 0 | M19: =SUM(M12:M17) -> 0 | N19: =SUM(N12:N17) -> 0 | O19: =SUM(O12) -> 0 | P19: =SUM(P12) -> 0 | T19: =$V$3+L11+L19 -> 6
A20: =OFFSET('0'!$B$112,($A$1-1)*10,$B20-1) -> -- | B20: =OFFSET('0'!$B$111,($A$1-1)*10,2) -> 3 | M20: =SUM(D20-E20) -> 0 | N20: =SUM(E20,M20) -> 0
M21: =SUM(D21-E21) -> 0 | N21: =SUM(E21,M21) -> 0
M22: =SUM(D22-E22) -> 0 | N22: =SUM(E22,M22) -> 0
M23: =SUM(D23-E23) -> 0 | N23: =SUM(E23,M23) -> 0
M24: =SUM(D24-E24) -> 0 | N24: =SUM(E24,M24) -> 0
M25: =SUM(D25-E25) -> 0 | N25: =SUM(E25,M25) -> 0
C26: Iš viso Lietuvoje: | D26: =SUM(D20:D25) -> 0 | E26: =SUM(E20:E25) -> 0 | F26: =SUM(F20:F25) -> 0 | G26: =SUM(G20:G25) -> 0 | H26: =SUM(H20:H25) -> 0 | I26: =SUM(I20:I25) -> 0 | J26: =SUM(J20:J25) -> 0 | K26: =SUM(K20:K25) -> 0 | ... N26: =SUM(N20:N25) -> 0
C27: dienos foto | D27: =SUM(D20:D25) -> 0 | E27: =SUM(E20:E25) -> 0 | F27: =SUM(F26:K26) -> 0 | L27: =SUM(L20:L25) -> 0 | M27: =SUM(M20:M25) -> 0 | N27: =SUM(N20:N25) -> 0 | O27: =SUM(O20) -> 0 | P27: =SUM(P20) -> 0 | T27: =$V$3++L11+L19+L27 -> 6
A28: =OFFSET('0'!$B$112,($A$1-1)*10,$B28-1) -> -- | B28: =OFFSET('0'!$B$111,($A$1-1)*10,3) -> 4 | M28: =SUM(D28-E28) -> 0 | N28: =SUM(E28,M28) -> 0
M29: =SUM(D29-E29) -> 0 | N29: =SUM(E29,M29) -> 0
M30: =SUM(D30-E30) -> 0 | N30: =SUM(E30,M30) -> 0
M31: =SUM(D31-E31) -> 0 | N31: =SUM(E31,M31) -> 0
M32: =SUM(D32-E32) -> 0 | N32: =SUM(E32,M32) -> 0
M33: =SUM(D33-E33) -> 0 | N33: =SUM(E33,M33) -> 0
C34: Iš viso Lietuvoje: | D34: =SUM(D28:D33) -> 0 | E34: =SUM(E28:E33) -> 0 | F34: =SUM(F28:F33) -> 0 | G34: =SUM(G28:G33) -> 0 | H34: =SUM(H28:H33) -> 0 | I34: =SUM(I28:I33) -> 0 | J34: =SUM(J28:J33) -> 0 | K34: =SUM(K28:K33) -> 0 | ... N34: =SUM(N28:N33) -> 0
C35: dienos foto | D35: =SUM(D28:D33) -> 0 | E35: =SUM(E28:E33) -> 0 | F35: =SUM(F34:K34) -> 0 | L35: =SUM(L28:L33) -> 0 | M35: =SUM(M28:M33) -> 0 | N35: =SUM(N28:N33) -> 0 | O35: =SUM(O28) -> 0 | P35: =SUM(P28) -> 0 | T35: =$V$3+L11+L19+L27+L35 -> 6
A36: =OFFSET('0'!$B$112,($A$1-1)*10,$B36-1) -> -- | B36: =OFFSET('0'!$B$111,($A$1-1)*10,4) -> 5 | M36: =SUM(D36-E36) -> 0 | N36: =SUM(E36,M36) -> 0
M37: =SUM(D37-E37) -> 0 | N37: =SUM(E37,M37) -> 0
M38: =SUM(D38-E38) -> 0 | N38: =SUM(E38,M38) -> 0
M39: =SUM(D39-E39) -> 0 | N39: =SUM(E39,M39) -> 0
M40: =SUM(D40-E40) -> 0 | N40: =SUM(E40,M40) -> 0
M41: =SUM(D41-E41) -> 0 | N41: =SUM(E41,M41) -> 0
C42: Iš viso Lietuvoje: | D42: =SUM(D36:D41) -> 0 | E42: =SUM(E36:E41) -> 0 | F42: =SUM(F36:F41) -> 0 | G42: =SUM(G36:G41) -> 0 | H42: =SUM(H36:H41) -> 0 | I42: =SUM(I36:I41) -> 0 | J42: =SUM(J36:J41) -> 0 | K42: =SUM(K36:K41) -> 0 | ... N42: =SUM(N36:N41) -> 0
C43: dienos foto | D43: =SUM(D36:D41) -> 0 | E43: =SUM(E36:E41) -> 0 | F43: =SUM(F42:K42) -> 0 | L43: =SUM(L36:L41) -> 0 | M43: =SUM(M36:M41) -> 0 | N43: =SUM(N36:N41) -> 0 | O43: =SUM(O36) -> 0 | P43: =SUM(P36) -> 0 | T43: =$V$3+L11+L19+L27+L35+L43 -> 6
A44: =OFFSET('0'!$B$112,($A$1-1)*10,$B44-1) -> -- | B44: =OFFSET('0'!$B$111,($A$1-1)*10,5) -> 6 | M44: =SUM(D44-E44) -> 0 | N44: =SUM(E44,M44) -> 0
M45: =SUM(D45-E45) -> 0 | N45: =SUM(E45,M45) -> 0
M46: =SUM(D46-E46) -> 0 | N46: =SUM(E46,M46) -> 0
M47: =SUM(D47-E47) -> 0 | N47: =SUM(E47,M47) -> 0
M48: =SUM(D48-E48) -> 0 | N48: =SUM(E48,M48) -> 0
M49: =SUM(D49-E49) -> 0 | N49: =SUM(E49,M49) -> 0
C50: Iš viso Lietuvoje: | D50: =SUM(D44:D49) -> 0 | E50: =SUM(E44:E49) -> 0 | F50: =SUM(F44:F49) -> 0 | G50: =SUM(G44:G49) -> 0 | H50: =SUM(H44:H49) -> 0 | I50: =SUM(I44:I49) -> 0 | J50: =SUM(J44:J49) -> 0 | K50: =SUM(K44:K49) -> 0 | ... N50: =SUM(N44:N49) -> 0
C51: dienos foto | D51: =SUM(D44:D49) -> 0 | E51: =SUM(E44:E49) -> 0 | F51: =SUM(F50:K50) -> 0 | L51: =SUM(L44:L49) -> 0 | M51: =SUM(M44:M49) -> 0 | N51: =SUM(N44:N49) -> 0 | O51: =SUM(O44) -> 0 | P51: =SUM(P44) -> 0 | T51: =$V$3+L11+L19+L27+L35+L43+L51 -> 6
A52: =OFFSET('0'!$B$112,($A$1-1)*10,$B52-1) -> SS | B52: =OFFSET('0'!$B$111,($A$1-1)*10,6) -> 7 | M52: =SUM(D52-E52) -> 0 | N52: =SUM(E52,M52) -> 0
M53: =SUM(D53-E53) -> 0 | N53: =SUM(E53,M53) -> 0
M54: =SUM(D54-E54) -> 0 | N54: =SUM(E54,M54) -> 0
M55: =SUM(D55-E55) -> 0 | N55: =SUM(E55,M55) -> 0
M56: =SUM(D56-E56) -> 0 | N56: =SUM(E56,M56) -> 0
M57: =SUM(D57-E57) -> 0 | N57: =SUM(E57,M57) -> 0
C58: Iš viso Lietuvoje: | D58: =SUM(D52:D57) -> 0 | E58: =SUM(E52:E57) -> 0 | F58: =SUM(F52:F57) -> 0 | G58: =SUM(G52:G57) -> 0 | H58: =SUM(H52:H57) -> 0 | I58: =SUM(I52:I57) -> 0 | J58: =SUM(J52:J57) -> 0 | K58: =SUM(K52:K57) -> 0 | ... N58: =SUM(N52:N57) -> 0
C59: dienos foto | D59: =SUM(D52:D57) -> 0 | E59: =SUM(E52:E57) -> 0 | F59: =SUM(F58:K58) -> 0 | L59: =SUM(L52:L57) -> 0 | M59: =SUM(M52:M57) -> 0 | N59: =SUM(N52:N57) -> 0 | O59: =SUM(O52) -> 0 | P59: =SUM(P52) -> 0 | T59: =$V$3+L11+L19+L27+L35+L43+L51+L59 -> 6
A60: =OFFSET('0'!$B$112,($A$1-1)*10,$B60-1) -> SK | B60: =OFFSET('0'!$B$111,($A$1-1)*10,7) -> 8 | M60: =SUM(D60-E60) -> 0 | N60: =SUM(E60,M60) -> 0
M61: =SUM(D61-E61) -> 0 | N61: =SUM(E61,M61) -> 0
M62: =SUM(D62-E62) -> 0 | N62: =SUM(E62,M62) -> 0
M63: =SUM(D63-E63) -> 0 | N63: =SUM(E63,M63) -> 0
M64: =SUM(D64-E64) -> 0 | N64: =SUM(E64,M64) -> 0
M65: =SUM(D65-E65) -> 0 | N65: =SUM(E65,M65) -> 0
C66: Iš viso Lietuvoje: | D66: =SUM(D60:D65) -> 0 | E66: =SUM(E60:E65) -> 0 | F66: =SUM(F60:F65) -> 0 | G66: =SUM(G60:G65) -> 0 | H66: =SUM(H60:H65) -> 0 | I66: =SUM(I60:I65) -> 0 | J66: =SUM(J60:J65) -> 0 | K66: =SUM(K60:K65) -> 0 | ... N66: =SUM(N60:N65) -> 0
C67: dienos foto | D67: =SUM(D60:D65) -> 0 | E67: =SUM(E60:E65) -> 0 | F67: =SUM(F66:K66) -> 0 | L67: =SUM(L60:L65) -> 0 | M67: =SUM(M60:M65) -> 0 | N67: =SUM(N60:N65) -> 0 | O67: =SUM(O60) -> 0 | P67: =SUM(P60) -> 0 | T67: =$V$3+L11+L19+L27+L35+L43+L51+L59+L67 -> 6
A68: =OFFSET('0'!$B$112,($A$1-1)*10,$B68-1) -> -- | B68: =OFFSET('0'!$B$111,($A$1-1)*10,8) -> 9 | M68: =SUM(D68-E68) -> 0 | N68: =SUM(E68,M68) -> 0
M69: =SUM(D69-E69) -> 0 | N69: =SUM(E69,M69) -> 0
M70: =SUM(D70-E70) -> 0 | N70: =SUM(E70,M70) -> 0
M71: =SUM(D71-E71) -> 0 | N71: =SUM(E71,M71) -> 0
M72: =SUM(D72-E72) -> 0 | N72: =SUM(E72,M72) -> 0
M73: =SUM(D73-E73) -> 0 | N73: =SUM(E73,M73) -> 0
C74: Iš viso Lietuvoje: | D74: =SUM(D68:D73) -> 0 | E74: =SUM(E68:E73) -> 0 | F74: =SUM(F68:F73) -> 0 | G74: =SUM(G68:G73) -> 0 | H74: =SUM(H68:H73) -> 0 | I74: =SUM(I68:I73) -> 0 | J74: =SUM(J68:J73) -> 0 | K74: =SUM(K68:K73) -> 0 | ... N74: =SUM(N68:N73) -> 0
C75: dienos foto | D75: =SUM(D68:D73) -> 0 | E75: =SUM(E68:E73) -> 0 | F75: =SUM(F74:K74) -> 0 | L75: =SUM(L68:L73) -> 0 | M75: =SUM(M68:M73) -> 0 | N75: =SUM(N68:N73) -> 0 | O75: =SUM(O68) -> 0 | P75: =SUM(P68) -> 0 | T75: =$V$3+L11+L19+L27+L35+L43+L51+L59+L67+L75 -> 6
A76: =OFFSET('0'!$B$112,($A$1-1)*10,$B76-1) -> -- | B76: =OFFSET('0'!$B$111,($A$1-1)*10,9) -> 10 | M76: =SUM(D76-E76) -> 0 | N76: =SUM(E76,M76) -> 0
M77: =SUM(D77-E77) -> 0 | N77: =SUM(E77,M77) -> 0
M78: =SUM(D78-E78) -> 0 | N78: =SUM(E78,M78) -> 0
M79: =SUM(D79-E79) -> 0 | N79: =SUM(E79,M79) -> 0
M80: =SUM(D80-E80) -> 0 | N80: =SUM(E80,M80) -> 0
M81: =SUM(D81-E81) -> 0 | N81: =SUM(E81,M81) -> 0
C82: Iš viso Lietuvoje: | D82: =SUM(D76:D81) -> 0 | E82: =SUM(E76:E81) -> 0 | F82: =SUM(F76:F81) -> 0 | G82: =SUM(G76:G81) -> 0 | H82: =SUM(H76:H81) -> 0 | I82: =SUM(I76:I81) -> 0 | J82: =SUM(J76:J81) -> 0 | K82: =SUM(K76:K81) -> 0 | ... N82: =SUM(N76:N81) -> 0
C83: dienos foto | D83: =SUM(D76:D81) -> 0 | E83: =SUM(E76:E81) -> 0 | F83: =SUM(F82:K82) -> 0 | L83: =SUM(L76:L81) -> 0 | M83: =SUM(M76:M81) -> 0 | N83: =SUM(N76:N81) -> 0 | O83: =SUM(O76) -> 0 | P83: =SUM(P76) -> 0 | T83: =$V$3+L11+L19+L27+L35+L43+L51+L59+L67+L75+L83 -> 6
A84: =OFFSET('0'!$B$112,($A$1-1)*10,$B84-1) -> SV | B84: =OFFSET('0'!$B$111,($A$1-1)*10,10) -> 11 | M84: =SUM(D84-E84) -> 0 | N84: =SUM(E84,M84) -> 0
M85: =SUM(D85-E85) -> 0 | N85: =SUM(E85,M85) -> 0
M86: =SUM(D86-E86) -> 0 | N86: =SUM(E86,M86) -> 0
M87: =SUM(D87-E87) -> 0 | N87: =SUM(E87,M87) -> 0
M88: =SUM(D88-E88) -> 0 | N88: =SUM(E88,M88) -> 0
M89: =SUM(D89-E89) -> 0 | N89: =SUM(E89,M89) -> 0
C90: Iš viso Lietuvoje: | D90: =SUM(D84:D89) -> 0 | E90: =SUM(E84:E89) -> 0 | F90: =SUM(F84:F89) -> 0 | G90: =SUM(G84:G89) -> 0 | H90: =SUM(H84:H89) -> 0 | I90: =SUM(I84:I89) -> 0 | J90: =SUM(J84:J89) -> 0 | K90: =SUM(K84:K89) -> 0 | ... N90: =SUM(N84:N89) -> 0
C91: dienos foto | D91: =SUM(D84:D89) -> 0 | E91: =SUM(E84:E89) -> 0 | F91: =SUM(F90:K90) -> 0 | L91: =SUM(L84:L89) -> 0 | M91: =SUM(M84:M89) -> 0 | N91: =SUM(N84:N89) -> 0 | O91: =SUM(O84) -> 0 | P91: =SUM(P84) -> 0 | T91: =$V$3+L11+L19+L27+L35+L43+L51+L59+L67+L75+L83+L91 -> 6
A92: =OFFSET('0'!$B$112,($A$1-1)*10,$B92-1) -> -- | B92: =OFFSET('0'!$B$111,($A$1-1)*10,11) -> 12 | M92: =SUM(D92-E92) -> 0 | N92: =SUM(E92,M92) -> 0
M93: =SUM(D93-E93) -> 0 | N93: =SUM(E93,M93) -> 0
M94: =SUM(D94-E94) -> 0 | N94: =SUM(E94,M94) -> 0
M95: =SUM(D95-E95) -> 0 | N95: =SUM(E95,M95) -> 0
M96: =SUM(D96-E96) -> 0 | N96: =SUM(E96,M96) -> 0
M97: =SUM(D97-E97) -> 0 | N97: =SUM(E97,M97) -> 0
C98: Iš viso Lietuvoje: | D98: =SUM(D92:D97) -> 0 | E98: =SUM(E92:E97) -> 0 | F98: =SUM(F92:F97) -> 0 | G98: =SUM(G92:G97) -> 0 | H98: =SUM(H92:H97) -> 0 | I98: =SUM(I92:I97) -> 0 | J98: =SUM(J92:J97) -> 0 | K98: =SUM(K92:K97) -> 0 | ... N98: =SUM(N92:N97) -> 0
C99: dienos foto | D99: =SUM(D92:D97) -> 0 | E99: =SUM(E92:E97) -> 0 | F99: =SUM(F98:K98) -> 0 | L99: =SUM(L92:L97) -> 0 | M99: =SUM(M92:M97) -> 0 | N99: =SUM(N92:N97) -> 0 | O99: =SUM(O92) -> 0 | P99: =SUM(P92) -> 0 | T99: =$V$3+L11+L19+L27+L35+L43+L51+L59+L67+L75+L83+L91+L99 -> 6
A100: =OFFSET('0'!$B$112,($A$1-1)*10,$B100-1) -> -- | B100: =OFFSET('0'!$B$111,($A$1-1)*10,12) -> 13 | M100: =SUM(D100-E100) -> 0 | N100: =SUM(E100,M100) -> 0
...

Sheet Balandis
A1: 4
B2: Mėnesio diena | C2: Vardas, pavardė. Pamaina D/N | D2: Paimti ROIK pranešimai (skaičius) | E2: Apdorota | F2: INFORMUOTA | L2: Pasisavintų lėšų suma (visų pranešimų) | M2: Neapdorota (siųstos pajėgos) | N2: Kontrolinis | O2: Tikslinamos aplinkybės (M) | P2: Pradėta IT | Q2: Pastabos | T2: Kontr. Kasdienė eilutė (Žalos)
F3: Bankas | G3: RRT | H3: FNTT | I3: NKSC | J3: Facebook | K3: Kita/įrašyti | U3: Praeitų mėn. Žalos | V3: =SUM(V6:V8) -> 6
A4: =OFFSET('0'!$B$112,($A$1-1)*10,$B4-1) -> -- | B4: =OFFSET('0'!$B$111,($A$1-1)*10,0) -> 1 | L4: 4 | M4: =SUM(D4-E4) -> 0 | N4: =SUM(E4,M4) -> 0
M5: =SUM(D5-E5) -> 0 | N5: =SUM(E5,M5) -> 0 | U5: mėn.
M6: =SUM(D6-E6) -> 0 | N6: =SUM(E6,M6) -> 0 | U6: 1 | V6: =Sausis!L254 -> 1
M7: =SUM(D7-E7) -> 0 | N7: =SUM(E7,M7) -> 0 | U7: 2 | V7: =Vasaris!L254 -> 2
M8: =SUM(D8-E8) -> 0 | N8: =SUM(E8,M8) -> 0 | U8: 3 | V8: =Kovas!L254 -> 3
M9: =SUM(D9-E9) -> 0 | N9: =SUM(E9,M9) -> 0 | U9: 4 | V9: =Balandis!L254 -> 4
C10: Iš viso Lietuvoje: | D10: =SUM(D4:D9) -> 0 | E10: =SUM(E4:E9) -> 0 | F10: =SUM(F4:F9) -> 0 | G10: =SUM(G4:G9) -> 0 | H10: =SUM(H4:H9) -> 0 | I10: =SUM(I4:I9) -> 0 | J10: =SUM(J4:J9) -> 0 | K10: =SUM(K4:K9) -> 0 | ... N10: =SUM(N4:N9) -> 0 | U10: 5
C11: dienos foto | D11: =SUM(D4:D9) -> 0 | E11: =SUM(E4:E9) -> 0 | F11: =SUM(F10:K10) -> 0 | L11: =SUM(L4:L9) -> 4 | M11: =SUM(M4:M9) -> 0 | N11: =SUM(N4:N9) -> 0 | O11: =SUM(O4) -> 0 | P11: =SUM(P4) -> 0 | T11: =$V$3+L11 -> 10 | U11: 6
A12: =OFFSET('0'!$B$112,($A$1-1)*10,$B12-1) -> -- | B12: =OFFSET('0'!$B$111,($A$1-1)*10,1) -> 2 | M12: =SUM(D12-E12) -> 0 | N12: =SUM(E12,M12) -> 0 | U12: 7
M13: =SUM(D13-E13) -> 0 | N13: =SUM(E13,M13) -> 0 | U13: 8
M14: =SUM(D14-E14) -> 0 | N14: =SUM(E14,M14) -> 0 | U14: 9
M15: =SUM(D15-E15) -> 0 | N15: =SUM(E15,M15) -> 0 | U15: 10
M16: =SUM(D16-E16) -> 0 | N16: =SUM(E16,M16) -> 0 | U16: 11
M17: =SUM(D17-E17) -> 0 | N17: =SUM(E17,M17) -> 0
C18: Iš viso Lietuvoje: | D18: =SUM(D12:D17) -> 0 | E18: =SUM(E12:E17) -> 0 | F18: =SUM(F12:F17) -> 0 | G18: =SUM(G12:G17) -> 0 | H18: =SUM(H12:H17) -> 0 | I18: =SUM(I12:I17) -> 0 | J18: =SUM(J12:J17) -> 0 | K18: =SUM(K12:K17) -> 0 | ... N18: =SUM(N12:N17) -> 0
C19: dienos foto | D19: =SUM(D12:D17) -> 0 | E19: =SUM(E12:E17) -> 0 | F19: =SUM(F18:K18) -> 0 | L19: =SUM(L12:L17) -> 0 | M19: =SUM(M12:M17) -> 0 | N19: =SUM(N12:N17) -> 0 | O19: =SUM(O12) -> 0 | P19: =SUM(P12) -> 0 | T19: =$V$3+L11+L19 -> 10
A20: =OFFSET('0'!$B$112,($A$1-1)*10,$B20-1) -> -- | B20: =OFFSET('0'!$B$111,($A$1-1)*10,2) -> 3 | M20: =SUM(D20-E20) -> 0 | N20: =SUM(E20,M20) -> 0
M21: =SUM(D21-E21) -> 0 | N21: =SUM(E21,M21) -> 0
M22: =SUM(D22-E22) -> 0 | N22: =SUM(E22,M22) -> 0
M23: =SUM(D23-E23) -> 0 | N23: =SUM(E23,M23) -> 0
M24: =SUM(D24-E24) -> 0 | N24: =SUM(E24,M24) -> 0
M25: =SUM(D25-E25) -> 0 | N25: =SUM(E25,M25) -> 0
C26: Iš viso Lietuvoje: | D26: =SUM(D20:D25) -> 0 | E26: =SUM(E20:E25) -> 0 | F26: =SUM(F20:F25) -> 0 | G26: =SUM(G20:G25) -> 0 | H26: =SUM(H20:H25) -> 0 | I26: =SUM(I20:I25) -> 0 | J26: =SUM(J20:J25) -> 0 | K26: =SUM(K20:K25) -> 0 | ... N26: =SUM(N20:N25) -> 0
C27: dienos foto | D27: =SUM(D20:D25) -> 0 | E27: =SUM(E20:E25) -> 0 | F27: =SUM(F26:K26) -> 0 | L27: =SUM(L20:L25) -> 0 | M27: =SUM(M20:M25) -> 0 | N27: =SUM(N20:N25) -> 0 | O27: =SUM(O20) -> 0 | P27: =SUM(P20) -> 0 | T27: =$V$3++L11+L19+L27 -> 10
A28: =OFFSET('0'!$B$112,($A$1-1)*10,$B28-1) -> SS | B28: =OFFSET('0'!$B$111,($A$1-1)*10,3) -> 4 | M28: =SUM(D28-E28) -> 0 | N28: =SUM(E28,M28) -> 0
M29: =SUM(D29-E29) -> 0 | N29: =SUM(E29,M29) -> 0
M30: =SUM(D30-E30) -> 0 | N30: =SUM(E30,M30) -> 0
M31: =SUM(D31-E31) -> 0 | N31: =SUM(E31,M31) -> 0
M32: =SUM(D32-E32) -> 0 | N32: =SUM(E32,M32) -> 0
M33: =SUM(D33-E33) -> 0 | N33: =SUM(E33,M33) -> 0
C34: Iš viso Lietuvoje: | D34: =SUM(D28:D33) -> 0 | E34: =SUM(E28:E33) -> 0 | F34: =SUM(F28:F33) -> 0 | G34: =SUM(G28:G33) -> 0 | H34: =SUM(H28:H33) -> 0 | I34: =SUM(I28:I33) -> 0 | J34: =SUM(J28:J33) -> 0 | K34: =SUM(K28:K33) -> 0 | ... N34: =SUM(N28:N33) -> 0
C35: dienos foto | D35: =SUM(D28:D33) -> 0 | E35: =SUM(E28:E33) -> 0 | F35: =SUM(F34:K34) -> 0 | L35: =SUM(L28:L33) -> 0 | M35: =SUM(M28:M33) -> 0 | N35: =SUM(N28:N33) -> 0 | O35: =SUM(O28) -> 0 | P35: =SUM(P28) -> 0 | T35: =$V$3+L11+L19+L27+L35 -> 10
A36: =OFFSET('0'!$B$112,($A$1-1)*10,$B36-1) -> SV | B36: =OFFSET('0'!$B$111,($A$1-1)*10,4) -> 5 | M36: =SUM(D36-E36) -> 0 | N36: =SUM(E36,M36) -> 0
M37: =SUM(D37-E37) -> 0 | N37: =SUM(E37,M37) -> 0
M38: =SUM(D38-E38) -> 0 | N38: =SUM(E38,M38) -> 0
M39: =SUM(D39-E39) -> 0 | N39: =SUM(E39,M39) -> 0
M40: =SUM(D40-E40) -> 0 | N40: =SUM(E40,M40) -> 0
M41: =SUM(D41-E41) -> 0 | N41: =SUM(E41,M41) -> 0
C42: Iš viso Lietuvoje: | D42: =SUM(D36:D41) -> 0 | E42: =SUM(E36:E41) -> 0 | F42: =SUM(F36:F41) -> 0 | G42: =SUM(G36:G41) -> 0 | H42: =SUM(H36:H41) -> 0 | I42: =SUM(I36:I41) -> 0 | J42: =SUM(J36:J41) -> 0 | K42: =SUM(K36:K41) -> 0 | ... N42: =SUM(N36:N41) -> 0
C43: dienos foto | D43: =SUM(D36:D41) -> 0 | E43: =SUM(E36:E41) -> 0 | F43: =SUM(F42:K42) -> 0 | L43: =SUM(L36:L41) -> 0 | M43: =SUM(M36:M41) -> 0 | N43: =SUM(N36:N41) -> 0 | O43: =SUM(O36) -> 0 | P43: =SUM(P36) -> 0 | T43: =$V$3+L11+L19+L27+L35+L43 -> 10
A44: =OFFSET('0'!$B$112,($A$1-1)*10,$B44-1) -> -- | B44: =OFFSET('0'!$B$111,($A$1-1)*10,5) -> 6 | M44: =SUM(D44-E44) -> 0 | N44: =SUM(E44,M44) -> 0
M45: =SUM(D45-E45) -> 0 | N45: =SUM(E45,M45) -> 0
M46: =SUM(D46-E46) -> 0 | N46: =SUM(E46,M46) -> 0
M47: =SUM(D47-E47) -> 0 | N47: =SUM(E47,M47) -> 0
M48: =SUM(D48-E48) -> 0 | N48: =SUM(E48,M48) -> 0
M49: =SUM(D49-E49) -> 0 | N49: =SUM(E49,M49) -> 0
C50: Iš viso Lietuvoje: | D50: =SUM(D44:D49) -> 0 | E50: =SUM(E44:E49) -> 0 | F50: =SUM(F44:F49) -> 0 | G50: =SUM(G44:G49) -> 0 | H50: =SUM(H44:H49) -> 0 | I50: =SUM(I44:I49) -> 0 | J50: =SUM(J44:J49) -> 0 | K50: =SUM(K44:K49) -> 0 | ... N50: =SUM(N44:N49) -> 0
C51: dienos foto | D51: =SUM(D44:D49) -> 0 | E51: =SUM(E44:E49) -> 0 | F51: =SUM(F50:K50) -> 0 | L51: =SUM(L44:L49) -> 0 | M51: =SUM(M44:M49) -> 0 | N51: =SUM(N44:N49) -> 0 | O51: =SUM(O44) -> 0 | P51: =SUM(P44) -> 0 | T51: =$V$3+L11+L19+L27+L35+L43+L51 -> 10
A52: =OFFSET('0'!$B$112,($A$1-1)*10,$B52-1) -> -- | B52: =OFFSET('0'!$B$111,($A$1-1)*10,6) -> 7 | M52: =SUM(D52-E52) -> 0 | N52: =SUM(E52,M52) -> 0
M53: =SUM(D53-E53) -> 0 | N53: =SUM(E53,M53) -> 0
M54: =SUM(D54-E54) -> 0 | N54: =SUM(E54,M54) -> 0
M55: =SUM(D55-E55) -> 0 | N55: =SUM(E55,M55) -> 0
M56: =SUM(D56-E56) -> 0 | N56: =SUM(E56,M56) -> 0
M57: =SUM(D57-E57) -> 0 | N57: =SUM(E57,M57) -> 0
C58: Iš viso Lietuvoje: | D58: =SUM(D52:D57) -> 0 | E58: =SUM(E52:E57) -> 0 | F58: =SUM(F52:F57) -> 0 | G58: =SUM(G52:G57) -> 0 | H58: =SUM(H52:H57) -> 0 | I58: =SUM(I52:I57) -> 0 | J58: =SUM(J52:J57) -> 0 | K58: =SUM(K52:K57) -> 0 | ... N58: =SUM(N52:N57) -> 0
C59: dienos foto | D59: =SUM(D52:D57) -> 0 | E59: =SUM(E52:E57) -> 0 | F59: =SUM(F58:K58) -> 0 | L59: =SUM(L52:L57) -> 0 | M59: =SUM(M52:M57) -> 0 | N59: =SUM(N52:N57) -> 0 | O59: =SUM(O52) -> 0 | P59: =SUM(P52) -> 0 | T59: =$V$3+L11+L19+L27+L35+L43+L51+L59 -> 10
A60: =OFFSET('0'!$B$112,($A$1-1)*10,$B60-1) -> -- | B60: =OFFSET('0'!$B$111,($A$1-1)*10,7) -> 8 | M60: =SUM(D60-E60) -> 0 | N60: =SUM(E60,M60) -> 0
M61: =SUM(D61-E61) -> 0 | N61: =SUM(E61,M61) -> 0
M62: =SUM(D62-E62) -> 0 | N62: =SUM(E62,M62) -> 0
M63: =SUM(D63-E63) -> 0 | N63: =SUM(E63,M63) -> 0
M64: =SUM(D64-E64) -> 0 | N64: =SUM(E64,M64) -> 0
M65: =SUM(D65-E65) -> 0 | N65: =SUM(E65,M65) -> 0
C66: Iš viso Lietuvoje: | D66: =SUM(D60:D65) -> 0 | E66: =SUM(E60:E65) -> 0 | F66: =SUM(F60:F65) -> 0 | G66: =SUM(G60:G65) -> 0 | H66: =SUM(H60:H65) -> 0 | I66: =SUM(I60:I65) -> 0 | J66: =SUM(J60:J65) -> 0 | K66: =SUM(K60:K65) -> 0 | ... N66: =SUM(N60:N65) -> 0
C67: dienos foto | D67: =SUM(D60:D65) -> 0 | E67: =SUM(E60:E65) -> 0 | F67: =SUM(F66:K66) -> 0 | L67: =SUM(L60:L65) -> 0 | M67: =SUM(M60:M65) -> 0 | N67: =SUM(N60:N65) -> 0 | O67: =SUM(O60) -> 0 | P67: =SUM(P60) -> 0 | T67: =$V$3+L11+L19+L27+L35+L43+L51+L59+L67 -> 10
A68: =OFFSET('0'!$B$112,($A$1-1)*10,$B68-1) -> -- | B68: =OFFSET('0'!$B$111,($A$1-1)*10,8) -> 9 | M68: =SUM(D68-E68) -> 0 | N68: =SUM(E68,M68) -> 0
M69: =SUM(D69-E69) -> 0 | N69: =SUM(E69,M69) -> 0
M70: =SUM(D70-E70) -> 0 | N70: =SUM(E70,M70) -> 0
M71: =SUM(D71-E71) -> 0 | N71: =SUM(E71,M71) -> 0
M72: =SUM(D72-E72) -> 0 | N72: =SUM(E72,M72) -> 0
M73: =SUM(D73-E73) -> 0 | N73: =SUM(E73,M73) -> 0
C74: Iš viso Lietuvoje: | D74: =SUM(D68:D73) -> 0 | E74: =SUM(E68:E73) -> 0 | F74: =SUM(F68:F73) -> 0 | G74: =SUM(G68:G73) -> 0 | H74: =SUM(H68:H73) -> 0 | I74: =SUM(I68:I73) -> 0 | J74: =SUM(J68:J73) -> 0 | K74: =SUM(K68:K73) -> 0 | ... N74: =SUM(N68:N73) -> 0
C75: dienos foto | D75: =SUM(D68:D73) -> 0 | E75: =SUM(E68:E73) -> 0 | F75: =SUM(F74:K74) -> 0 | L75: =SUM(L68:L73) -> 0 | M75: =SUM(M68:M73) -> 0 | N75: =SUM(N68:N73) -> 0 | O75: =SUM(O68) -> 0 | P75: =SUM(P68) -> 0 | T75: =$V$3+L11+L19+L27+L35+L43+L51+L59+L67+L75 -> 10
A76: =OFFSET('0'!$B$112,($A$1-1)*10,$B76-1) -> -- | B76: =OFFSET('0'!$B$111,($A$1-1)*10,9) -> 10 | M76: =SUM(D76-E76) -> 0 | N76: =SUM(E76,M76) -> 0
M77: =SUM(D77-E77) -> 0 | N77: =SUM(E77,M77) -> 0
M78: =SUM(D78-E78) -> 0 | N78: =SUM(E78,M78) -> 0
M79: =SUM(D79-E79) -> 0 | N79: =SUM(E79,M79) -> 0
M80: =SUM(D80-E80) -> 0 | N80: =SUM(E80,M80) -> 0
M81: =SUM(D81-E81) -> 0 | N81: =SUM(E81,M81) -> 0
C82: Iš viso Lietuvoje: | D82: =SUM(D76:D81) -> 0 | E82: =SUM(E76:E81) -> 0 | F82: =SUM(F76:F81) -> 0 | G82: =SUM(G76:G81) -> 0 | H82: =SUM(H76:H81) -> 0 | I82: =SUM(I76:I81) -> 0 | J82: =SUM(J76:J81) -> 0 | K82: =SUM(K76:K81) -> 0 | ... N82: =SUM(N76:N81) -> 0
C83: dienos foto | D83: =SUM(D76:D81) -> 0 | E83: =SUM(E76:E81) -> 0 | F83: =SUM(F82:K82) -> 0 | L83: =SUM(L76:L81) -> 0 | M83: =SUM(M76:M81) -> 0 | N83: =SUM(N76:N81) -> 0 | O83: =SUM(O76) -> 0 | P83: =SUM(P76) -> 0 | T83: =$V$3+L11+L19+L27+L35+L43+L51+L59+L67+L75+L83 -> 10
A84: =OFFSET('0'!$B$112,($A$1-1)*10,$B84-1) -> SS | B84: =OFFSET('0'!$B$111,($A$1-1)*10,10) -> 11 | M84: =SUM(D84-E84) -> 0 | N84: =SUM(E84,M84) -> 0
M85: =SUM(D85-E85) -> 0 | N85: =SUM(E85,M85) -> 0
M86: =SUM(D86-E86) -> 0 | N86: =SUM(E86,M86) -> 0
M87: =SUM(D87-E87) -> 0 | N87: =SUM(E87,M87) -> 0
M88: =SUM(D88-E88) -> 0 | N88: =SUM(E88,M88) -> 0
M89: =SUM(D89-E89) -> 0 | N89: =SUM(E89,M89) -> 0
C90: Iš viso Lietuvoje: | D90: =SUM(D84:D89) -> 0 | E90: =SUM(E84:E89) -> 0 | F90: =SUM(F84:F89) -> 0 | G90: =SUM(G84:G89) -> 0 | H90: =SUM(H84:H89) -> 0 | I90: =SUM(I84:I89) -> 0 | J90: =SUM(J84:J89) -> 0 | K90: =SUM(K84:K89) -> 0 | ... N90: =SUM(N84:N89) -> 0
C91: dienos foto | D91: =SUM(D84:D89) -> 0 | E91: =SUM(E84:E89) -> 0 | F91: =SUM(F90:K90) -> 0 | L91: =SUM(L84:L89) -> 0 | M91: =SUM(M84:M89) -> 0 | N91: =SUM(N84:N89) -> 0 | O91: =SUM(O84) -> 0 | P91: =SUM(P84) -> 0 | T91: =$V$3+L11+L19+L27+L35+L43+L51+L59+L67+L75+L83+L91 -> 10
A92: =OFFSET('0'!$B$112,($A$1-1)*10,$B92-1) -> SK | B92: =OFFSET('0'!$B$111,($A$1-1)*10,11) -> 12 | M92: =SUM(D92-E92) -> 0 | N92: =SUM(E92,M92) -> 0
M93: =SUM(D93-E93) -> 0 | N93: =SUM(E93,M93) -> 0
M94: =SUM(D94-E94) -> 0 | N94: =SUM(E94,M94) -> 0
M95: =SUM(D95-E95) -> 0 | N95: =SUM(E95,M95) -> 0
M96: =SUM(D96-E96) -> 0 | N96: =SUM(E96,M96) -> 0
M97: =SUM(D97-E97) -> 0 | N97: =SUM(E97,M97) -> 0
C98: Iš viso Lietuvoje: | D98: =SUM(D92:D97) -> 0 | E98: =SUM(E92:E97) -> 0 | F98: =SUM(F92:F97) -> 0 | G98: =SUM(G92:G97) -> 0 | H98: =SUM(H92:H97) -> 0 | I98: =SUM(I92:I97) -> 0 | J98: =SUM(J92:J97) -> 0 | K98: =SUM(K92:K97) -> 0 | ... N98: =SUM(N92:N97) -> 0
C99: dienos foto | D99: =SUM(D92:D97) -> 0 | E99: =SUM(E92:E97) -> 0 | F99: =SUM(F98:K98) -> 0 | L99: =SUM(L92:L97) -> 0 | M99: =SUM(M92:M97) -> 0 | N99: =SUM(N92:N97) -> 0 | O99: =SUM(O92) -> 0 | P99: =SUM(P92) -> 0 | T99: =$V$3+L11+L19+L27+L35+L43+L51+L59+L67+L75+L83+L91+L99 -> 10
A100: =OFFSET('0'!$B$112,($A$1-1)*10,$B100-1) -> -- | B100: =OFFSET('0'!$B$111,($A$1-1)*10,12) -> 13 | M100: =SUM(D100-E100) -> 0 | N100: =SUM(E100,M100) -> 0
...

Sheet Gegužė
A1: 5
B2: Mėnesio diena | C2: Vardas, pavardė. Pamaina D/N | D2: Paimti ROIK pranešimai (skaičius) | E2: Apdorota | F2: INFORMUOTA | L2: Pasisavintų lėšų suma (visų pranešimų) | M2: Neapdorota (siųstos pajėgos) | N2: Kontrolinis | O2: Tikslinamos aplinkybės (M) | P2: Pradėta IT | Q2: Pastabos | T2: Kontr. Kasdienė eilutė (Žalos)
F3: Bankas | G3: RRT | H3: FNTT | I3: NKSC | J3: Facebook | K3: Kita/įrašyti | U3: Praeitų mėn. Žalos | V3: =SUM(V6:V9) -> 10
A4: =OFFSET('0'!$B$112,($A$1-1)*10,$B4-1) -> SV | B4: =OFFSET('0'!$B$111,($A$1-1)*10,0) -> 1 | L4: 5 | M4: =SUM(D4-E4) -> 0 | N4: =SUM(E4,M4) -> 0
M5: =SUM(D5-E5) -> 0 | N5: =SUM(E5,M5) -> 0 | U5: mėn.
M6: =SUM(D6-E6) -> 0 | N6: =SUM(E6,M6) -> 0 | U6: 1 | V6: =Sausis!L254 -> 1
M7: =SUM(D7-E7) -> 0 | N7: =SUM(E7,M7) -> 0 | U7: 2 | V7: =Vasaris!L254 -> 2
M8: =SUM(D8-E8) -> 0 | N8: =SUM(E8,M8) -> 0 | U8: 3 | V8: =Kovas!L254 -> 3
M9: =SUM(D9-E9) -> 0 | N9: =SUM(E9,M9) -> 0 | U9: 4 | V9: =Balandis!L254 -> 4
C10: Iš viso Lietuvoje: | D10: =SUM(D4:D9) -> 0 | E10: =SUM(E4:E9) -> 0 | F10: =SUM(F4:F9) -> 0 | G10: =SUM(G4:G9) -> 0 | H10: =SUM(H4:H9) -> 0 | I10: =SUM(I4:I9) -> 0 | J10: =SUM(J4:J9) -> 0 | K10: =SUM(K4:K9) -> 0 | ... N10: =SUM(N4:N9) -> 0 | U10: 5
C11: dienos foto | D11: =SUM(D4:D9) -> 0 | E11: =SUM(E4:E9) -> 0 | F11: =SUM(F10:K10) -> 0 | L11: =SUM(L4:L9) -> 5 | M11: =SUM(M4:M9) -> 0 | N11: =SUM(N4:N9) -> 0 | O11: =SUM(O4) -> 0 | P11: =SUM(P4) -> 0 | T11: =$V$3+L11 -> 15 | U11: 6
A12: =OFFSET('0'!$B$112,($A$1-1)*10,$B12-1) -> SS | B12: =OFFSET('0'!$B$111,($A$1-1)*10,1) -> 2 | M12: =SUM(D12-E12) -> 0 | N12: =SUM(E12,M12) -> 0 | U12: 7
M13: =SUM(D13-E13) -> 0 | N13: =SUM(E13,M13) -> 0 | U13: 8
M14: =SUM(D14-E14) -> 0 | N14: =SUM(E14,M14) -> 0 | U14: 9
M15: =SUM(D15-E15) -> 0 | N15: =SUM(E15,M15) -> 0 | U15: 10
M16: =SUM(D16-E16) -> 0 | N16: =SUM(E16,M16) -> 0 | U16: 11
M17: =SUM(D17-E17) -> 0 | N17: =SUM(E17,M17) -> 0
C18: Iš viso Lietuvoje: | D18: =SUM(D12:D17) -> 0 | E18: =SUM(E12:E17) -> 0 | F18: =SUM(F12:F17) -> 0 | G18: =SUM(G12:G17) -> 0 | H18: =SUM(H12:H17) -> 0 | I18: =SUM(I12:I17) -> 0 | J18: =SUM(J12:J17) -> 0 | K18: =SUM(K12:K17) -> 0 | ... N18: =SUM(N12:N17) -> 0
C19: dienos foto | D19: =SUM(D12:D17) -> 0 | E19: =SUM(E12:E17) -> 0 | F19: =SUM(F18:K18) -> 0 | L19: =SUM(L12:L17) -> 0 | M19: =SUM(M12:M17) -> 0 | N19: =SUM(N12:N17) -> 0 | O19: =SUM(O12) -> 0 | P19: =SUM(P12) -> 0 | T19: =$V$3+L11+L19 -> 15
A20: =OFFSET('0'!$B$112,($A$1-1)*10,$B20-1) -> SK | B20: =OFFSET('0'!$B$111,($A$1-1)*10,2) -> 3 | M20: =SUM(D20-E20) -> 0 | N20: =SUM(E20,M20) -> 0
M21: =SUM(D21-E21) -> 0 | N21: =SUM(E21,M21) -> 0
M22: =SUM(D22-E22) -> 0 | N22: =SUM(E22,M22) -> 0
M23: =SUM(D23-E23) -> 0 | N23: =SUM(E23,M23) -> 0
M24: =SUM(D24-E24) -> 0 | N24: =SUM(E24,M24) -> 0
M25: =SUM(D25-E25) -> 0 | N25: =SUM(E25,M25) -> 0
C26: Iš viso Lietuvoje: | D26: =SUM(D20:D25) -> 0 | E26: =SUM(E20:E25) -> 0 | F26: =SUM(F20:F25) -> 0 | G26: =SUM(G20:G25) -> 0 | H26: =SUM(H20:H25) -> 0 | I26: =SUM(I20:I25) -> 0 | J26: =SUM(J20:J25) -> 0 | K26: =SUM(K20:K25) -> 0 | ... N26: =SUM(N20:N25) -> 0
C27: dienos foto | D27: =SUM(D20:D25) -> 0 | E27: =SUM(E20:E25) -> 0 | F27: =SUM(F26:K26) -> 0 | L27: =SUM(L20:L25) -> 0 | M27: =SUM(M20:M25) -> 0 | N27: =SUM(N20:N25) -> 0 | O27: =SUM(O20) -> 0 | P27: =SUM(P20) -> 0 | T27: =$V$3++L11+L19+L27 -> 15
A28: =OFFSET('0'!$B$112,($A$1-1)*10,$B28-1) -> -- | B28: =OFFSET('0'!$B$111,($A$1-1)*10,3) -> 4 | M28: =SUM(D28-E28) -> 0 | N28: =SUM(E28,M28) -> 0
M29: =SUM(D29-E29) -> 0 | N29: =SUM(E29,M29) -> 0
M30: =SUM(D30-E30) -> 0 | N30: =SUM(E30,M30) -> 0
M31: =SUM(D31-E31) -> 0 | N31: =SUM(E31,M31) -> 0
M32: =SUM(D32-E32) -> 0 | N32: =SUM(E32,M32) -> 0
M33: =SUM(D33-E33) -> 0 | N33: =SUM(E33,M33) -> 0
C34: Iš viso Lietuvoje: | D34: =SUM(D28:D33) -> 0 | E34: =SUM(E28:E33) -> 0 | F34: =SUM(F28:F33) -> 0 | G34: =SUM(G28:G33) -> 0 | H34: =SUM(H28:H33) -> 0 | I34: =SUM(I28:I33) -> 0 | J34: =SUM(J28:J33) -> 0 | K34: =SUM(K28:K33) -> 0 | ... N34: =SUM(N28:N33) -> 0
C35: dienos foto | D35: =SUM(D28:D33) -> 0 | E35: =SUM(E28:E33) -> 0 | F35: =SUM(F34:K34) -> 0 | L35: =SUM(L28:L33) -> 0 | M35: =SUM(M28:M33) -> 0 | N35: =SUM(N28:N33) -> 0 | O35: =SUM(O28) -> 0 | P35: =SUM(P28) -> 0 | T35: =$V$3+L11+L19+L27+L35 -> 15
A36: =OFFSET('0'!$B$112,($A$1-1)*10,$B36-1) -> -- | B36: =OFFSET('0'!$B$111,($A$1-1)*10,4) -> 5 | M36: =SUM(D36-E36) -> 0 | N36: =SUM(E36,M36) -> 0
M37: =SUM(D37-E37) -> 0 | N37: =SUM(E37,M37) -> 0
M38: =SUM(D38-E38) -> 0 | N38: =SUM(E38,M38) -> 0
M39: =SUM(D39-E39) -> 0 | N39: =SUM(E39,M39) -> 0
M40: =SUM(D40-E40) -> 0 | N40: =SUM(E40,M40) -> 0
M41: =SUM(D41-E41) -> 0 | N41: =SUM(E41,M41) -> 0
C42: Iš viso Lietuvoje: | D42: =SUM(D36:D41) -> 0 | E42: =SUM(E36:E41) -> 0 | F42: =SUM(F36:F41) -> 0 | G42: =SUM(G36:G41) -> 0 | H42: =SUM(H36:H41) -> 0 | I42: =SUM(I36:I41) -> 0 | J42: =SUM(J36:J41) -> 0 | K42: =SUM(K36:K41) -> 0 | ... N42: =SUM(N36:N41) -> 0
C43: dienos foto | D43: =SUM(D36:D41) -> 0 | E43: =SUM(E36:E41) -> 0 | F43: =SUM(F42:K42) -> 0 | L43: =SUM(L36:L41) -> 0 | M43: =SUM(M36:M41) -> 0 | N43: =SUM(N36:N41) -> 0 | O43: =SUM(O36) -> 0 | P43: =SUM(P36) -> 0 | T43: =$V$3+L11+L19+L27+L35+L43 -> 15
A44: =OFFSET('0'!$B$112,($A$1-1)*10,$B44-1) -> -- | B44: =OFFSET('0'!$B$111,($A$1-1)*10,5) -> 6 | M44: =SUM(D44-E44) -> 0 | N44: =SUM(E44,M44) -> 0
M45: =SUM(D45-E45) -> 0 | N45: =SUM(E45,M45) -> 0
M46: =SUM(D46-E46) -> 0 | N46: =SUM(E46,M46) -> 0
M47: =SUM(D47-E47) -> 0 | N47: =SUM(E47,M47) -> 0
M48: =SUM(D48-E48) -> 0 | N48: =SUM(E48,M48) -> 0
M49: =SUM(D49-E49) -> 0 | N49: =SUM(E49,M49) -> 0
C50: Iš viso Lietuvoje: | D50: =SUM(D44:D49) -> 0 | E50: =SUM(E44:E49) -> 0 | F50: =SUM(F44:F49) -> 0 | G50: =SUM(G44:G49) -> 0 | H50: =SUM(H44:H49) -> 0 | I50: =SUM(I44:I49) -> 0 | J50: =SUM(J44:J49) -> 0 | K50: =SUM(K44:K49) -> 0 | ... N50: =SUM(N44:N49) -> 0
C51: dienos foto | D51: =SUM(D44:D49) -> 0 | E51: =SUM(E44:E49) -> 0 | F51: =SUM(F50:K50) -> 0 | L51: =SUM(L44:L49) -> 0 | M51: =SUM(M44:M49) -> 0 | N51: =SUM(N44:N49) -> 0 | O51: =SUM(O44) -> 0 | P51: =SUM(P44) -> 0 | T51: =$V$3+L11+L19+L27+L35+L43+L51 -> 15
A52: =OFFSET('0'!$B$112,($A$1-1)*10,$B52-1) -> -- | B52: =OFFSET('0'!$B$111,($A$1-1)*10,6) -> 7 | M52: =SUM(D52-E52) -> 0 | N52: =SUM(E52,M52) -> 0
M53: =SUM(D53-E53) -> 0 | N53: =SUM(E53,M53) -> 0
M54: =SUM(D54-E54) -> 0 | N54: =SUM(E54,M54) -> 0
M55: =SUM(D55-E55) -> 0 | N55: =SUM(E55,M55) -> 0
M56: =SUM(D56-E56) -> 0 | N56: =SUM(E56,M56) -> 0
M57: =SUM(D57-E57) -> 0 | N57: =SUM(E57,M57) -> 0
C58: Iš viso Lietuvoje: | D58: =SUM(D52:D57) -> 0 | E58: =SUM(E52:E57) -> 0 | F58: =SUM(F52:F57) -> 0 | G58: =SUM(G52:G57) -> 0 | H58: =SUM(H52:H57) -> 0 | I58: =SUM(I52:I57) -> 0 | J58: =SUM(J52:J57) -> 0 | K58: =SUM(K52:K57) -> 0 | ... N58: =SUM(N52:N57) -> 0
C59: dienos foto | D59: =SUM(D52:D57) -> 0 | E59: =SUM(E52:E57) -> 0 | F59: =SUM(F58:K58) -> 0 | L59: =SUM(L52:L57) -> 0 | M59: =SUM(M52:M57) -> 0 | N59: =SUM(N52:N57) -> 0 | O59: =SUM(O52) -> 0 | P59: =SUM(P52) -> 0 | T59: =$V$3+L11+L19+L27+L35+L43+L51+L59 -> 15
A60: =OFFSET('0'!$B$112,($A$1-1)*10,$B60-1) -> -- | B60: =OFFSET('0'!$B$111,($A$1-1)*10,7) -> 8 | M60: =SUM(D60-E60) -> 0 | N60: =SUM(E60,M60) -> 0
M61: =SUM(D61-E61) -> 0 | N61: =SUM(E61,M61) -> 0
M62: =SUM(D62-E62) -> 0 | N62: =SUM(E62,M62) -> 0
M63: =SUM(D63-E63) -> 0 | N63: =SUM(E63,M63) -> 0
M64: =SUM(D64-E64) -> 0 | N64: =SUM(E64,M64) -> 0
M65: =SUM(D65-E65) -> 0 | N65: =SUM(E65,M65) -> 0
C66: Iš viso Lietuvoje: | D66: =SUM(D60:D65) -> 0 | E66: =SUM(E60:E65) -> 0 | F66: =SUM(F60:F65) -> 0 | G66: =SUM(G60:G65) -> 0 | H66: =SUM(H60:H65) -> 0 | I66: =SUM(I60:I65) -> 0 | J66: =SUM(J60:J65) -> 0 | K66: =SUM(K60:K65) -> 0 | ... N66: =SUM(N60:N65) -> 0
C67: dienos foto | D67: =SUM(D60:D65) -> 0 | E67: =SUM(E60:E65) -> 0 | F67: =SUM(F66:K66) -> 0 | L67: =SUM(L60:L65) -> 0 | M67: =SUM(M60:M65) -> 0 | N67: =SUM(N60:N65) -> 0 | O67: =SUM(O60) -> 0 | P67: =SUM(P60) -> 0 | T67: =$V$3+L11+L19+L27+L35+L43+L51+L59+L67 -> 15
A68: =OFFSET('0'!$B$112,($A$1-1)*10,$B68-1) -> SS | B68: =OFFSET('0'!$B$111,($A$1-1)*10,8) -> 9 | M68: =SUM(D68-E68) -> 0 | N68: =SUM(E68,M68) -> 0
M69: =SUM(D69-E69) -> 0 | N69: =SUM(E69,M69) -> 0
M70: =SUM(D70-E70) -> 0 | N70: =SUM(E70,M70) -> 0
M71: =SUM(D71-E71) -> 0 | N71: =SUM(E71,M71) -> 0
M72: =SUM(D72-E72) -> 0 | N72: =SUM(E72,M72) -> 0
M73: =SUM(D73-E73) -> 0 | N73: =SUM(E73,M73) -> 0
C74: Iš viso Lietuvoje: | D74: =SUM(D68:D73) -> 0 | E74: =SUM(E68:E73) -> 0 | F74: =SUM(F68:F73) -> 0 | G74: =SUM(G68:G73) -> 0 | H74: =SUM(H68:H73) -> 0 | I74: =SUM(I68:I73) -> 0 | J74: =SUM(J68:J73) -> 0 | K74: =SUM(K68:K73) -> 0 | ... N74: =SUM(N68:N73) -> 0
C75: dienos foto | D75: =SUM(D68:D73) -> 0 | E75: =SUM(E68:E73) -> 0 | F75: =SUM(F74:K74) -> 0 | L75: =SUM(L68:L73) -> 0 | M75: =SUM(M68:M73) -> 0 | N75: =SUM(N68:N73) -> 0 | O75: =SUM(O68) -> 0 | P75: =SUM(P68) -> 0 | T75: =$V$3+L11+L19+L27+L35+L43+L51+L59+L67+L75 -> 15
A76: =OFFSET('0'!$B$112,($A$1-1)*10,$B76-1) -> SK | B76: =OFFSET('0'!$B$111,($A$1-1)*10,9) -> 10 | M76: =SUM(D76-E76) -> 0 | N76: =SUM(E76,M76) -> 0
M77: =SUM(D77-E77) -> 0 | N77: =SUM(E77,M77) -> 0
M78: =SUM(D78-E78) -> 0 | N78: =SUM(E78,M78) -> 0
M79: =SUM(D79-E79) -> 0 | N79: =SUM(E79,M79) -> 0
M80: =SUM(D80-E80) -> 0 | N80: =SUM(E80,M80) -> 0
M81: =SUM(D81-E81) -> 0 | N81: =SUM(E81,M81) -> 0
C82: Iš viso Lietuvoje: | D82: =SUM(D76:D81) -> 0 | E82: =SUM(E76:E81) -> 0 | F82: =SUM(F76:F81) -> 0 | G82: =SUM(G76:G81) -> 0 | H82: =SUM(H76:H81) -> 0 | I82: =SUM(I76:I81) -> 0 | J82: =SUM(J76:J81) -> 0 | K82: =SUM(K76:K81) -> 0 | ... N82: =SUM(N76:N81) -> 0
C83: dienos foto | D83: =SUM(D76:D81) -> 0 | E83: =SUM(E76:E81) -> 0 | F83: =SUM(F82:K82) -> 0 | L83: =SUM(L76:L81) -> 0 | M83: =SUM(M76:M81) -> 0 | N83: =SUM(N76:N81) -> 0 | O83: =SUM(O76) -> 0 | P83: =SUM(P76) -> 0 | T83: =$V$3+L11+L19+L27+L35+L43+L51+L59+L67+L75+L83 -> 15
A84: =OFFSET('0'!$B$112,($A$1-1)*10,$B84-1) -> -- | B84: =OFFSET('0'!$B$111,($A$1-1)*10,10) -> 11 | M84: =SUM(D84-E84) -> 0 | N84: =SUM(E84,M84) -> 0
M85: =SUM(D85-E85) -> 0 | N85: =SUM(E85,M85) -> 0
M86: =SUM(D86-E86) -> 0 | N86: =SUM(E86,M86) -> 0
M87: =SUM(D87-E87) -> 0 | N87: =SUM(E87,M87) -> 0
M88: =SUM(D88-E88) -> 0 | N88: =SUM(E88,M88) -> 0
M89: =SUM(D89-E89) -> 0 | N89: =SUM(E89,M89) -> 0
C90: Iš viso Lietuvoje: | D90: =SUM(D84:D89) -> 0 | E90: =SUM(E84:E89) -> 0 | F90: =SUM(F84:F89) -> 0 | G90: =SUM(G84:G89) -> 0 | H90: =SUM(H84:H89) -> 0 | I90: =SUM(I84:I89) -> 0 | J90: =SUM(J84:J89) -> 0 | K90: =SUM(K84:K89) -> 0 | ... N90: =SUM(N84:N89) -> 0
C91: dienos foto | D91: =SUM(D84:D89) -> 0 | E91: =SUM(E84:E89) -> 0 | F91: =SUM(F90:K90) -> 0 | L91: =SUM(L84:L89) -> 0 | M91: =SUM(M84:M89) -> 0 | N91: =SUM(N84:N89) -> 0 | O91: =SUM(O84) -> 0 | P91: =SUM(P84) -> 0 | T91: =$V$3+L11+L19+L27+L35+L43+L51+L59+L67+L75+L83+L91 -> 15
A92: =OFFSET('0'!$B$112,($A$1-1)*10,$B92-1) -> -- | B92: =OFFSET('0'!$B$111,($A$1-1)*10,11) -> 12 | M92: =SUM(D92-E92) -> 0 | N92: =SUM(E92,M92) -> 0
M93: =SUM(D93-E93) -> 0 | N93: =SUM(E93,M93) -> 0
M94: =SUM(D94-E94) -> 0 | N94: =SUM(E94,M94) -> 0
M95: =SUM(D95-E95) -> 0 | N95: =SUM(E95,M95) -> 0
M96: =SUM(D96-E96) -> 0 | N96: =SUM(E96,M96) -> 0
M97: =SUM(D97-E97) -> 0 | N97: =SUM(E97,M97) -> 0
C98: Iš viso Lietuvoje: | D98: =SUM(D92:D97) -> 0 | E98: =SUM(E92:E97) -> 0 | F98: =SUM(F92:F97) -> 0 | G98: =SUM(G92:G97) -> 0 | H98: =SUM(H92:H97) -> 0 | I98: =SUM(I92:I97) -> 0 | J98: =SUM(J92:J97) -> 0 | K98: =SUM(K92:K97) -> 0 | ... N98: =SUM(N92:N97) -> 0
C99: dienos foto | D99: =SUM(D92:D97) -> 0 | E99: =SUM(E92:E97) -> 0 | F99: =SUM(F98:K98) -> 0 | L99: =SUM(L92:L97) -> 0 | M99: =SUM(M92:M97) -> 0 | N99: =SUM(N92:N97) -> 0 | O99: =SUM(O92) -> 0 | P99: =SUM(P92) -> 0 | T99: =$V$3+L11+L19+L27+L35+L43+L51+L59+L67+L75+L83+L91+L99 -> 15
A100: =OFFSET('0'!$B$112,($A$1-1)*10,$B100-1) -> -- | B100: =OFFSET('0'!$B$111,($A$1-1)*10,12) -> 13 | M100: =SUM(D100-E100) -> 0 | N100: =SUM(E100,M100) -> 0
...

Sheet Birželis
A1: 6
B2: Mėnesio diena | C2: Vardas, pavardė. Pamaina D/N | D2: Paimti ROIK pranešimai (skaičius) | E2: Apdorota | F2: INFORMUOTA | L2: Pasisavintų lėšų suma (visų pranešimų) | M2: Neapdorota (siųstos pajėgos) | N2: Kontrolinis | O2: Tikslinamos aplinkybės (M) | P2: Pradėta IT | Q2: Pastabos | T2: Kontr. Kasdienė eilutė (Žalos)
F3: Bankas | G3: RRT | H3: FNTT | I3: NKSC | J3: Facebook | K3: Kita/įrašyti | U3: Praeitų mėn. Žalos | V3: =SUM(V6:V10) -> 15
A4: =OFFSET('0'!$B$112,($A$1-1)*10,$B4-1) -> -- | B4: =OFFSET('0'!$B$111,($A$1-1)*10,0) -> 1 | L4: 6 | M4: =SUM(D4-E4) -> 0 | N4: =SUM(E4,M4) -> 0
M5: =SUM(D5-E5) -> 0 | N5: =SUM(E5,M5) -> 0 | U5: mėn.
M6: =SUM(D6-E6) -> 0 | N6: =SUM(E6,M6) -> 0 | U6: 1 | V6: =Sausis!L254 -> 1
M7: =SUM(D7-E7) -> 0 | N7: =SUM(E7,M7) -> 0 | U7: 2 | V7: =Vasaris!L254 -> 2
M8: =SUM(D8-E8) -> 0 | N8: =SUM(E8,M8) -> 0 | U8: 3 | V8: =Kovas!L254 -> 3
M9: =SUM(D9-E9) -> 0 | N9: =SUM(E9,M9) -> 0 | U9: 4 | V9: =Balandis!L254 -> 4
C10: Iš viso Lietuvoje: | D10: =SUM(D4:D9) -> 0 | E10: =SUM(E4:E9) -> 0 | F10: =SUM(F4:F9) -> 0 | G10: =SUM(G4:G9) -> 0 | H10: =SUM(H4:H9) -> 0 | I10: =SUM(I4:I9) -> 0 | J10: =SUM(J4:J9) -> 0 | K10: =SUM(K4:K9) -> 0 | ... N10: =SUM(N4:N9) -> 0 | U10: 5 | V10: =Gegužė!L254 -> 5
C11: dienos foto | D11: =SUM(D4:D9) -> 0 | E11: =SUM(E4:E9) -> 0 | F11: =SUM(F10:K10) -> 0 | L11: =SUM(L4:L9) -> 6 | M11: =SUM(M4:M9) -> 0 | N11: =SUM(N4:N9) -> 0 | O11: =SUM(O4) -> 0 | P11: =SUM(P4) -> 0 | T11: =$V$3+L11 -> 21 | U11: 6
A12: =OFFSET('0'!$B$112,($A$1-1)*10,$B12-1) -> -- | B12: =OFFSET('0'!$B$111,($A$1-1)*10,1) -> 2 | M12: =SUM(D12-E12) -> 0 | N12: =SUM(E12,M12) -> 0 | U12: 7
M13: =SUM(D13-E13) -> 0 | N13: =SUM(E13,M13) -> 0 | U13: 8
M14: =SUM(D14-E14) -> 0 | N14: =SUM(E14,M14) -> 0 | U14: 9
M15: =SUM(D15-E15) -> 0 | N15: =SUM(E15,M15) -> 0 | U15: 10
M16: =SUM(D16-E16) -> 0 | N16: =SUM(E16,M16) -> 0 | U16: 11
M17: =SUM(D17-E17) -> 0 | N17: =SUM(E17,M17) -> 0
C18: Iš viso Lietuvoje: | D18: =SUM(D12:D17) -> 0 | E18: =SUM(E12:E17) -> 0 | F18: =SUM(F12:F17) -> 0 | G18: =SUM(G12:G17) -> 0 | H18: =SUM(H12:H17) -> 0 | I18: =SUM(I12:I17) -> 0 | J18: =SUM(J12:J17) -> 0 | K18: =SUM(K12:K17) -> 0 | ... N18: =SUM(N12:N17) -> 0
C19: dienos foto | D19: =SUM(D12:D17) -> 0 | E19: =SUM(E12:E17) -> 0 | F19: =SUM(F18:K18) -> 0 | L19: =SUM(L12:L17) -> 0 | M19: =SUM(M12:M17) -> 0 | N19: =SUM(N12:N17) -> 0 | O19: =SUM(O12) -> 0 | P19: =SUM(P12) -> 0 | T19: =$V$3+L11+L19 -> 21
A20: =OFFSET('0'!$B$112,($A$1-1)*10,$B20-1) -> -- | B20: =OFFSET('0'!$B$111,($A$1-1)*10,2) -> 3 | M20: =SUM(D20-E20) -> 0 | N20: =SUM(E20,M20) -> 0
M21: =SUM(D21-E21) -> 0 | N21: =SUM(E21,M21) -> 0
M22: =SUM(D22-E22) -> 0 | N22: =SUM(E22,M22) -> 0
M23: =SUM(D23-E23) -> 0 | N23: =SUM(E23,M23) -> 0
M24: =SUM(D24-E24) -> 0 | N24: =SUM(E24,M24) -> 0
M25: =SUM(D25-E25) -> 0 | N25: =SUM(E25,M25) -> 0
C26: Iš viso Lietuvoje: | D26: =SUM(D20:D25) -> 0 | E26: =SUM(E20:E25) -> 0 | F26: =SUM(F20:F25) -> 0 | G26: =SUM(G20:G25) -> 0 | H26: =SUM(H20:H25) -> 0 | I26: =SUM(I20:I25) -> 0 | J26: =SUM(J20:J25) -> 0 | K26: =SUM(K20:K25) -> 0 | ... N26: =SUM(N20:N25) -> 0
C27: dienos foto | D27: =SUM(D20:D25) -> 0 | E27: =SUM(E20:E25) -> 0 | F27: =SUM(F26:K26) -> 0 | L27: =SUM(L20:L25) -> 0 | M27: =SUM(M20:M25) -> 0 | N27: =SUM(N20:N25) -> 0 | O27: =SUM(O20) -> 0 | P27: =SUM(P20) -> 0 | T27: =$V$3++L11+L19+L27 -> 21
A28: =OFFSET('0'!$B$112,($A$1-1)*10,$B28-1) -> -- | B28: =OFFSET('0'!$B$111,($A$1-1)*10,3) -> 4 | M28: =SUM(D28-E28) -> 0 | N28: =SUM(E28,M28) -> 0
M29: =SUM(D29-E29) -> 0 | N29: =SUM(E29,M29) -> 0
M30: =SUM(D30-E30) -> 0 | N30: =SUM(E30,M30) -> 0
M31: =SUM(D31-E31) -> 0 | N31: =SUM(E31,M31) -> 0
M32: =SUM(D32-E32) -> 0 | N32: =SUM(E32,M32) -> 0
M33: =SUM(D33-E33) -> 0 | N33: =SUM(E33,M33) -> 0
C34: Iš viso Lietuvoje: | D34: =SUM(D28:D33) -> 0 | E34: =SUM(E28:E33) -> 0 | F34: =SUM(F28:F33) -> 0 | G34: =SUM(G28:G33) -> 0 | H34: =SUM(H28:H33) -> 0 | I34: =SUM(I28:I33) -> 0 | J34: =SUM(J28:J33) -> 0 | K34: =SUM(K28:K33) -> 0 | ... N34: =SUM(N28:N33) -> 0
C35: dienos foto | D35: =SUM(D28:D33) -> 0 | E35: =SUM(E28:E33) -> 0 | F35: =SUM(F34:K34) -> 0 | L35: =SUM(L28:L33) -> 0 | M35: =SUM(M28:M33) -> 0 | N35: =SUM(N28:N33) -> 0 | O35: =SUM(O28) -> 0 | P35: =SUM(P28) -> 0 | T35: =$V$3+L11+L19+L27+L35 -> 21
A36: =OFFSET('0'!$B$112,($A$1-1)*10,$B36-1) -> -- | B36: =OFFSET('0'!$B$111,($A$1-1)*10,4) -> 5 | M36: =SUM(D36-E36) -> 0 | N36: =SUM(E36,M36) -> 0
M37: =SUM(D37-E37) -> 0 | N37: =SUM(E37,M37) -> 0
M38: =SUM(D38-E38) -> 0 | N38: =SUM(E38,M38) -> 0
M39: =SUM(D39-E39) -> 0 | N39: =SUM(E39,M39) -> 0
M40: =SUM(D40-E40) -> 0 | N40: =SUM(E40,M40) -> 0
M41: =SUM(D41-E41) -> 0 | N41: =SUM(E41,M41) -> 0
C42: Iš viso Lietuvoje: | D42: =SUM(D36:D41) -> 0 | E42: =SUM(E36:E41) -> 0 | F42: =SUM(F36:F41) -> 0 | G42: =SUM(G36:G41) -> 0 | H42: =SUM(H36:H41) -> 0 | I42: =SUM(I36:I41) -> 0 | J42: =SUM(J36:J41) -> 0 | K42: =SUM(K36:K41) -> 0 | ... N42: =SUM(N36:N41) -> 0
C43: dienos foto | D43: =SUM(D36:D41) -> 0 | E43: =SUM(E36:E41) -> 0 | F43: =SUM(F42:K42) -> 0 | L43: =SUM(L36:L41) -> 0 | M43: =SUM(M36:M41) -> 0 | N43: =SUM(N36:N41) -> 0 | O43: =SUM(O36) -> 0 | P43: =SUM(P36) -> 0 | T43: =$V$3+L11+L19+L27+L35+L43 -> 21
A44: =OFFSET('0'!$B$112,($A$1-1)*10,$B44-1) -> SS | B44: =OFFSET('0'!$B$111,($A$1-1)*10,5) -> 6 | M44: =SUM(D44-E44) -> 0 | N44: =SUM(E44,M44) -> 0
M45: =SUM(D45-E45) -> 0 | N45: =SUM(E45,M45) -> 0
M46: =SUM(D46-E46) -> 0 | N46: =SUM(E46,M46) -> 0
M47: =SUM(D47-E47) -> 0 | N47: =SUM(E47,M47) -> 0
M48: =SUM(D48-E48) -> 0 | N48: =SUM(E48,M48) -> 0
M49: =SUM(D49-E49) -> 0 | N49: =SUM(E49,M49) -> 0
C50: Iš viso Lietuvoje: | D50: =SUM(D44:D49) -> 0 | E50: =SUM(E44:E49) -> 0 | F50: =SUM(F44:F49) -> 0 | G50: =SUM(G44:G49) -> 0 | H50: =SUM(H44:H49) -> 0 | I50: =SUM(I44:I49) -> 0 | J50: =SUM(J44:J49) -> 0 | K50: =SUM(K44:K49) -> 0 | ... N50: =SUM(N44:N49) -> 0
C51: dienos foto | D51: =SUM(D44:D49) -> 0 | E51: =SUM(E44:E49) -> 0 | F51: =SUM(F50:K50) -> 0 | L51: =SUM(L44:L49) -> 0 | M51: =SUM(M44:M49) -> 0 | N51: =SUM(N44:N49) -> 0 | O51: =SUM(O44) -> 0 | P51: =SUM(P44) -> 0 | T51: =$V$3+L11+L19+L27+L35+L43+L51 -> 21
A52: =OFFSET('0'!$B$112,($A$1-1)*10,$B52-1) -> SK | B52: =OFFSET('0'!$B$111,($A$1-1)*10,6) -> 7 | M52: =SUM(D52-E52) -> 0 | N52: =SUM(E52,M52) -> 0
M53: =SUM(D53-E53) -> 0 | N53: =SUM(E53,M53) -> 0
M54: =SUM(D54-E54) -> 0 | N54: =SUM(E54,M54) -> 0
M55: =SUM(D55-E55) -> 0 | N55: =SUM(E55,M55) -> 0
M56: =SUM(D56-E56) -> 0 | N56: =SUM(E56,M56) -> 0
M57: =SUM(D57-E57) -> 0 | N57: =SUM(E57,M57) -> 0
C58: Iš viso Lietuvoje: | D58: =SUM(D52:D57) -> 0 | E58: =SUM(E52:E57) -> 0 | F58: =SUM(F52:F57) -> 0 | G58: =SUM(G52:G57) -> 0 | H58: =SUM(H52:H57) -> 0 | I58: =SUM(I52:I57) -> 0 | J58: =SUM(J52:J57) -> 0 | K58: =SUM(K52:K57) -> 0 | ... N58: =SUM(N52:N57) -> 0
C59: dienos foto | D59: =SUM(D52:D57) -> 0 | E59: =SUM(E52:E57) -> 0 | F59: =SUM(F58:K58) -> 0 | L59: =SUM(L52:L57) -> 0 | M59: =SUM(M52:M57) -> 0 | N59: =SUM(N52:N57) -> 0 | O59: =SUM(O52) -> 0 | P59: =SUM(P52) -> 0 | T59: =$V$3+L11+L19+L27+L35+L43+L51+L59 -> 21
A60: =OFFSET('0'!$B$112,($A$1-1)*10,$B60-1) -> -- | B60: =OFFSET('0'!$B$111,($A$1-1)*10,7) -> 8 | M60: =SUM(D60-E60) -> 0 | N60: =SUM(E60,M60) -> 0
M61: =SUM(D61-E61) -> 0 | N61: =SUM(E61,M61) -> 0
M62: =SUM(D62-E62) -> 0 | N62: =SUM(E62,M62) -> 0
M63: =SUM(D63-E63) -> 0 | N63: =SUM(E63,M63) -> 0
M64: =SUM(D64-E64) -> 0 | N64: =SUM(E64,M64) -> 0
M65: =SUM(D65-E65) -> 0 | N65: =SUM(E65,M65) -> 0
C66: Iš viso Lietuvoje: | D66: =SUM(D60:D65) -> 0 | E66: =SUM(E60:E65) -> 0 | F66: =SUM(F60:F65) -> 0 | G66: =SUM(G60:G65) -> 0 | H66: =SUM(H60:H65) -> 0 | I66: =SUM(I60:I65) -> 0 | J66: =SUM(J60:J65) -> 0 | K66: =SUM(K60:K65) -> 0 | ... N66: =SUM(N60:N65) -> 0
C67: dienos foto | D67: =SUM(D60:D65) -> 0 | E67: =SUM(E60:E65) -> 0 | F67: =SUM(F66:K66) -> 0 | L67: =SUM(L60:L65) -> 0 | M67: =SUM(M60:M65) -> 0 | N67: =SUM(N60:N65) -> 0 | O67: =SUM(O60) -> 0 | P67: =SUM(P60) -> 0 | T67: =$V$3+L11+L19+L27+L35+L43+L51+L59+L67 -> 21
A68: =OFFSET('0'!$B$112,($A$1-1)*10,$B68-1) -> -- | B68: =OFFSET('0'!$B$111,($A$1-1)*10,8) -> 9 | M68: =SUM(D68-E68) -> 0 | N68: =SUM(E68,M68) -> 0
M69: =SUM(D69-E69) -> 0 | N69: =SUM(E69,M69) -> 0
M70: =SUM(D70-E70) -> 0 | N70: =SUM(E70,M70) -> 0
M71: =SUM(D71-E71) -> 0 | N71: =SUM(E71,M71) -> 0
M72: =SUM(D72-E72) -> 0 | N72: =SUM(E72,M72) -> 0
M73: =SUM(D73-E73) -> 0 | N73: =SUM(E73,M73) -> 0
C74: Iš viso Lietuvoje: | D74: =SUM(D68:D73) -> 0 | E74: =SUM(E68:E73) -> 0 | F74: =SUM(F68:F73) -> 0 | G74: =SUM(G68:G73) -> 0 | H74: =SUM(H68:H73) -> 0 | I74: =SUM(I68:I73) -> 0 | J74: =SUM(J68:J73) -> 0 | K74: =SUM(K68:K73) -> 0 | ... N74: =SUM(N68:N73) -> 0
C75: dienos foto | D75: =SUM(D68:D73) -> 0 | E75: =SUM(E68:E73) -> 0 | F75: =SUM(F74:K74) -> 0 | L75: =SUM(L68:L73) -> 0 | M75: =SUM(M68:M73) -> 0 | N75: =SUM(N68:N73) -> 0 | O75: =SUM(O68) -> 0 | P75: =SUM(P68) -> 0 | T75: =$V$3+L11+L19+L27+L35+L43+L51+L59+L67+L75 -> 21
A76: =OFFSET('0'!$B$112,($A$1-1)*10,$B76-1) -> -- | B76: =OFFSET('0'!$B$111,($A$1-1)*10,9) -> 10 | M76: =SUM(D76-E76) -> 0 | N76: =SUM(E76,M76) -> 0
M77: =SUM(D77-E77) -> 0 | N77: =SUM(E77,M77) -> 0
M78: =SUM(D78-E78) -> 0 | N78: =SUM(E78,M78) -> 0
M79: =SUM(D79-E79) -> 0 | N79: =SUM(E79,M79) -> 0
M80: =SUM(D80-E80) -> 0 | N80: =SUM(E80,M80) -> 0
M81: =SUM(D81-E81) -> 0 | N81: =SUM(E81,M81) -> 0
C82: Iš viso Lietuvoje: | D82: =SUM(D76:D81) -> 0 | E82: =SUM(E76:E81) -> 0 | F82: =SUM(F76:F81) -> 0 | G82: =SUM(G76:G81) -> 0 | H82: =SUM(H76:H81) -> 0 | I82: =SUM(I76:I81) -> 0 | J82: =SUM(J76:J81) -> 0 | K82: =SUM(K76:K81) -> 0 | ... N82: =SUM(N76:N81) -> 0
C83: dienos foto | D83: =SUM(D76:D81) -> 0 | E83: =SUM(E76:E81) -> 0 | F83: =SUM(F82:K82) -> 0 | L83: =SUM(L76:L81) -> 0 | M83: =SUM(M76:M81) -> 0 | N83: =SUM(N76:N81) -> 0 | O83: =SUM(O76) -> 0 | P83: =SUM(P76) -> 0 | T83: =$V$3+L11+L19+L27+L35+L43+L51+L59+L67+L75+L83 -> 21
A84: =OFFSET('0'!$B$112,($A$1-1)*10,$B84-1) -> -- | B84: =OFFSET('0'!$B$111,($A$1-1)*10,10) -> 11 | M84: =SUM(D84-E84) -> 0 | N84: =SUM(E84,M84) -> 0
M85: =SUM(D85-E85) -> 0 | N85: =SUM(E85,M85) -> 0
M86: =SUM(D86-E86) -> 0 | N86: =SUM(E86,M86) -> 0
M87: =SUM(D87-E87) -> 0 | N87: =SUM(E87,M87) -> 0
M88: =SUM(D88-E88) -> 0 | N88: =SUM(E88,M88) -> 0
M89: =SUM(D89-E89) -> 0 | N89: =SUM(E89,M89) -> 0
C90: Iš viso Lietuvoje: | D90: =SUM(D84:D89) -> 0 | E90: =SUM(E84:E89) -> 0 | F90: =SUM(F84:F89) -> 0 | G90: =SUM(G84:G89) -> 0 | H90: =SUM(H84:H89) -> 0 | I90: =SUM(I84:I89) -> 0 | J90: =SUM(J84:J89) -> 0 | K90: =SUM(K84:K89) -> 0 | ... N90: =SUM(N84:N89) -> 0
C91: dienos foto | D91: =SUM(D84:D89) -> 0 | E91: =SUM(E84:E89) -> 0 | F91: =SUM(F90:K90) -> 0 | L91: =SUM(L84:L89) -> 0 | M91: =SUM(M84:M89) -> 0 | N91: =SUM(N84:N89) -> 0 | O91: =SUM(O84) -> 0 | P91: =SUM(P84) -> 0 | T91: =$V$3+L11+L19+L27+L35+L43+L51+L59+L67+L75+L83+L91 -> 21
A92: =OFFSET('0'!$B$112,($A$1-1)*10,$B92-1) -> -- | B92: =OFFSET('0'!$B$111,($A$1-1)*10,11) -> 12 | M92: =SUM(D92-E92) -> 0 | N92: =SUM(E92,M92) -> 0
M93: =SUM(D93-E93) -> 0 | N93: =SUM(E93,M93) -> 0
M94: =SUM(D94-E94) -> 0 | N94: =SUM(E94,M94) -> 0
M95: =SUM(D95-E95) -> 0 | N95: =SUM(E95,M95) -> 0
M96: =SUM(D96-E96) -> 0 | N96: =SUM(E96,M96) -> 0
M97: =SUM(D97-E97) -> 0 | N97: =SUM(E97,M97) -> 0
C98: Iš viso Lietuvoje: | D98: =SUM(D92:D97) -> 0 | E98: =SUM(E92:E97) -> 0 | F98: =SUM(F92:F97) -> 0 | G98: =SUM(G92:G97) -> 0 | H98: =SUM(H92:H97) -> 0 | I98: =SUM(I92:I97) -> 0 | J98: =SUM(J92:J97) -> 0 | K98: =SUM(K92:K97) -> 0 | ... N98: =SUM(N92:N97) -> 0
C99: dienos foto | D99: =SUM(D92:D97) -> 0 | E99: =SUM(E92:E97) -> 0 | F99: =SUM(F98:K98) -> 0 | L99: =SUM(L92:L97) -> 0 | M99: =SUM(M92:M97) -> 0 | N99: =SUM(N92:N97) -> 0 | O99: =SUM(O92) -> 0 | P99: =SUM(P92) -> 0 | T99: =$V$3+L11+L19+L27+L35+L43+L51+L59+L67+L75+L83+L91+L99 -> 21
A100: =OFFSET('0'!$B$112,($A$1-1)*10,$B100-1) -> SS | B100: =OFFSET('0'!$B$111,($A$1-1)*10,12) -> 13 | M100: =SUM(D100-E100) -> 0 | N100: =SUM(E100,M100) -> 0
...

Sheet Liepa
A1: 7
B2: Mėnesio diena | C2: Vardas, pavardė. Pamaina D/N | D2: Paimti ROIK pranešimai (skaičius) | E2: Apdorota | F2: INFORMUOTA | L2: Pasisavintų lėšų suma (visų pranešimų) | M2: Neapdorota (siųstos pajėgos) | N2: Kontrolinis | O2: Tikslinamos aplinkybės (M) | P2: Pradėta IT | Q2: Pastabos | T2: Kontr. Kasdienė eilutė (Žalos)
F3: Bankas | G3: RRT | H3: FNTT | I3: NKSC | J3: Facebook | K3: Kita/įrašyti | U3: Praeitų mėn. Žalos | V3: =SUM(V6:V11) -> 21
A4: =OFFSET('0'!$B$112,($A$1-1)*10,$B4-1) -> -- | B4: =OFFSET('0'!$B$111,($A$1-1)*10,0) -> 1 | L4: 7 | M4: =SUM(D4-E4) -> 0 | N4: =SUM(E4,M4) -> 0
M5: =SUM(D5-E5) -> 0 | N5: =SUM(E5,M5) -> 0 | U5: mėn.
M6: =SUM(D6-E6) -> 0 | N6: =SUM(E6,M6) -> 0 | U6: 1 | V6: =Sausis!L254 -> 1
M7: =SUM(D7-E7) -> 0 | N7: =SUM(E7,M7) -> 0 | U7: 2 | V7: =Vasaris!L254 -> 2
M8: =SUM(D8-E8) -> 0 | N8: =SUM(E8,M8) -> 0 | U8: 3 | V8: =Kovas!L254 -> 3
M9: =SUM(D9-E9) -> 0 | N9: =SUM(E9,M9) -> 0 | U9: 4 | V9: =Balandis!L254 -> 4
C10: Iš viso Lietuvoje: | D10: =SUM(D4:D9) -> 0 | E10: =SUM(E4:E9) -> 0 | F10: =SUM(F4:F9) -> 0 | G10: =SUM(G4:G9) -> 0 | H10: =SUM(H4:H9) -> 0 | I10: =SUM(I4:I9) -> 0 | J10: =SUM(J4:J9) -> 0 | K10: =SUM(K4:K9) -> 0 | ... N10: =SUM(N4:N9) -> 0 | U10: 5 | V10: =Gegužė!L254 -> 5
C11: dienos foto | D11: =SUM(D4:D9) -> 0 | E11: =SUM(E4:E9) -> 0 | F11: =SUM(F10:K10) -> 0 | L11: =SUM(L4:L9) -> 7 | M11: =SUM(M4:M9) -> 0 | N11: =SUM(N4:N9) -> 0 | O11: =SUM(O4) -> 0 | P11: =SUM(P4) -> 0 | T11: =$V$3+L11 -> 28 | U11: 6 | V11: =Birželis!L254 -> 6
A12: =OFFSET('0'!$B$112,($A$1-1)*10,$B12-1) -> -- | B12: =OFFSET('0'!$B$111,($A$1-1)*10,1) -> 2 | M12: =SUM(D12-E12) -> 0 | N12: =SUM(E12,M12) -> 0 | U12: 7
M13: =SUM(D13-E13) -> 0 | N13: =SUM(E13,M13) -> 0 | U13: 8
M14: =SUM(D14-E14) -> 0 | N14: =SUM(E14,M14) -> 0 | U14: 9
M15: =SUM(D15-E15) -> 0 | N15: =SUM(E15,M15) -> 0 | U15: 10
M16: =SUM(D16-E16) -> 0 | N16: =SUM(E16,M16) -> 0 | U16: 11
M17: =SUM(D17-E17) -> 0 | N17: =SUM(E17,M17) -> 0
C18: Iš viso Lietuvoje: | D18: =SUM(D12:D17) -> 0 | E18: =SUM(E12:E17) -> 0 | F18: =SUM(F12:F17) -> 0 | G18: =SUM(G12:G17) -> 0 | H18: =SUM(H12:H17) -> 0 | I18: =SUM(I12:I17) -> 0 | J18: =SUM(J12:J17) -> 0 | K18: =SUM(K12:K17) -> 0 | ... N18: =SUM(N12:N17) -> 0
C19: dienos foto | D19: =SUM(D12:D17) -> 0 | E19: =SUM(E12:E17) -> 0 | F19: =SUM(F18:K18) -> 0 | L19: =SUM(L12:L17) -> 0 | M19: =SUM(M12:M17) -> 0 | N19: =SUM(N12:N17) -> 0 | O19: =SUM(O12) -> 0 | P19: =SUM(P12) -> 0 | T19: =$V$3+L11+L19 -> 28
A20: =OFFSET('0'!$B$112,($A$1-1)*10,$B20-1) -> -- | B20: =OFFSET('0'!$B$111,($A$1-1)*10,2) -> 3 | M20: =SUM(D20-E20) -> 0 | N20: =SUM(E20,M20) -> 0
M21: =SUM(D21-E21) -> 0 | N21: =SUM(E21,M21) -> 0
M22: =SUM(D22-E22) -> 0 | N22: =SUM(E22,M22) -> 0
M23: =SUM(D23-E23) -> 0 | N23: =SUM(E23,M23) -> 0
M24: =SUM(D24-E24) -> 0 | N24: =SUM(E24,M24) -> 0
M25: =SUM(D25-E25) -> 0 | N25: =SUM(E25,M25) -> 0
C26: Iš viso Lietuvoje: | D26: =SUM(D20:D25) -> 0 | E26: =SUM(E20:E25) -> 0 | F26: =SUM(F20:F25) -> 0 | G26: =SUM(G20:G25) -> 0 | H26: =SUM(H20:H25) -> 0 | I26: =SUM(I20:I25) -> 0 | J26: =SUM(J20:J25) -> 0 | K26: =SUM(K20:K25) -> 0 | ... N26: =SUM(N20:N25) -> 0
C27: dienos foto | D27: =SUM(D20:D25) -> 0 | E27: =SUM(E20:E25) -> 0 | F27: =SUM(F26:K26) -> 0 | L27: =SUM(L20:L25) -> 0 | M27: =SUM(M20:M25) -> 0 | N27: =SUM(N20:N25) -> 0 | O27: =SUM(O20) -> 0 | P27: =SUM(P20) -> 0 | T27: =$V$3++L11+L19+L27 -> 28
A28: =OFFSET('0'!$B$112,($A$1-1)*10,$B28-1) -> SS | B28: =OFFSET('0'!$B$111,($A$1-1)*10,3) -> 4 | M28: =SUM(D28-E28) -> 0 | N28: =SUM(E28,M28) -> 0
M29: =SUM(D29-E29) -> 0 | N29: =SUM(E29,M29) -> 0
M30: =SUM(D30-E30) -> 0 | N30: =SUM(E30,M30) -> 0
M31: =SUM(D31-E31) -> 0 | N31: =SUM(E31,M31) -> 0
M32: =SUM(D32-E32) -> 0 | N32: =SUM(E32,M32) -> 0
M33: =SUM(D33-E33) -> 0 | N33: =SUM(E33,M33) -> 0
C34: Iš viso Lietuvoje: | D34: =SUM(D28:D33) -> 0 | E34: =SUM(E28:E33) -> 0 | F34: =SUM(F28:F33) -> 0 | G34: =SUM(G28:G33) -> 0 | H34: =SUM(H28:H33) -> 0 | I34: =SUM(I28:I33) -> 0 | J34: =SUM(J28:J33) -> 0 | K34: =SUM(K28:K33) -> 0 | ... N34: =SUM(N28:N33) -> 0
C35: dienos foto | D35: =SUM(D28:D33) -> 0 | E35: =SUM(E28:E33) -> 0 | F35: =SUM(F34:K34) -> 0 | L35: =SUM(L28:L33) -> 0 | M35: =SUM(M28:M33) -> 0 | N35: =SUM(N28:N33) -> 0 | O35: =SUM(O28) -> 0 | P35: =SUM(P28) -> 0 | T35: =$V$3+L11+L19+L27+L35 -> 28
A36: =OFFSET('0'!$B$112,($A$1-1)*10,$B36-1) -> SK | B36: =OFFSET('0'!$B$111,($A$1-1)*10,4) -> 5 | M36: =SUM(D36-E36) -> 0 | N36: =SUM(E36,M36) -> 0
M37: =SUM(D37-E37) -> 0 | N37: =SUM(E37,M37) -> 0
M38: =SUM(D38-E38) -> 0 | N38: =SUM(E38,M38) -> 0
M39: =SUM(D39-E39) -> 0 | N39: =SUM(E39,M39) -> 0
M40: =SUM(D40-E40) -> 0 | N40: =SUM(E40,M40) -> 0
M41: =SUM(D41-E41) -> 0 | N41: =SUM(E41,M41) -> 0
C42: Iš viso Lietuvoje: | D42: =SUM(D36:D41) -> 0 | E42: =SUM(E36:E41) -> 0 | F42: =SUM(F36:F41) -> 0 | G42: =SUM(G36:G41) -> 0 | H42: =SUM(H36:H41) -> 0 | I42: =SUM(I36:I41) -> 0 | J42: =SUM(J36:J41) -> 0 | K42: =SUM(K36:K41) -> 0 | ... N42: =SUM(N36:N41) -> 0
C43: dienos foto | D43: =SUM(D36:D41) -> 0 | E43: =SUM(E36:E41) -> 0 | F43: =SUM(F42:K42) -> 0 | L43: =SUM(L36:L41) -> 0 | M43: =SUM(M36:M41) -> 0 | N43: =SUM(N36:N41) -> 0 | O43: =SUM(O36) -> 0 | P43: =SUM(P36) -> 0 | T43: =$V$3+L11+L19+L27+L35+L43 -> 28
A44: =OFFSET('0'!$B$112,($A$1-1)*10,$B44-1) -> SV | B44: =OFFSET('0'!$B$111,($A$1-1)*10,5) -> 6 | M44: =SUM(D44-E44) -> 0 | N44: =SUM(E44,M44) -> 0
M45: =SUM(D45-E45) -> 0 | N45: =SUM(E45,M45) -> 0
M46: =SUM(D46-E46) -> 0 | N46: =SUM(E46,M46) -> 0
M47: =SUM(D47-E47) -> 0 | N47: =SUM(E47,M47) -> 0
M48: =SUM(D48-E48) -> 0 | N48: =SUM(E48,M48) -> 0
M49: =SUM(D49-E49) -> 0 | N49: =SUM(E49,M49) -> 0
C50: Iš viso Lietuvoje: | D50: =SUM(D44:D49) -> 0 | E50: =SUM(E44:E49) -> 0 | F50: =SUM(F44:F49) -> 0 | G50: =SUM(G44:G49) -> 0 | H50: =SUM(H44:H49) -> 0 | I50: =SUM(I44:I49) -> 0 | J50: =SUM(J44:J49) -> 0 | K50: =SUM(K44:K49) -> 0 | ... N50: =SUM(N44:N49) -> 0
C51: dienos foto | D51: =SUM(D44:D49) -> 0 | E51: =SUM(E44:E49) -> 0 | F51: =SUM(F50:K50) -> 0 | L51: =SUM(L44:L49) -> 0 | M51: =SUM(M44:M49) -> 0 | N51: =SUM(N44:N49) -> 0 | O51: =SUM(O44) -> 0 | P51: =SUM(P44) -> 0 | T51: =$V$3+L11+L19+L27+L35+L43+L51 -> 28
A52: =OFFSET('0'!$B$112,($A$1-1)*10,$B52-1) -> -- | B52: =OFFSET('0'!$B$111,($A$1-1)*10,6) -> 7 | M52: =SUM(D52-E52) -> 0 | N52: =SUM(E52,M52) -> 0
M53: =SUM(D53-E53) -> 0 | N53: =SUM(E53,M53) -> 0
M54: =SUM(D54-E54) -> 0 | N54: =SUM(E54,M54) -> 0
M55: =SUM(D55-E55) -> 0 | N55: =SUM(E55,M55) -> 0
M56: =SUM(D56-E56) -> 0 | N56: =SUM(E56,M56) -> 0
M57: =SUM(D57-E57) -> 0 | N57: =SUM(E57,M57) -> 0
C58: Iš viso Lietuvoje: | D58: =SUM(D52:D57) -> 0 | E58: =SUM(E52:E57) -> 0 | F58: =SUM(F52:F57) -> 0 | G58: =SUM(G52:G57) -> 0 | H58: =SUM(H52:H57) -> 0 | I58: =SUM(I52:I57) -> 0 | J58: =SUM(J52:J57) -> 0 | K58: =SUM(K52:K57) -> 0 | ... N58: =SUM(N52:N57) -> 0
C59: dienos foto | D59: =SUM(D52:D57) -> 0 | E59: =SUM(E52:E57) -> 0 | F59: =SUM(F58:K58) -> 0 | L59: =SUM(L52:L57) -> 0 | M59: =SUM(M52:M57) -> 0 | N59: =SUM(N52:N57) -> 0 | O59: =SUM(O52) -> 0 | P59: =SUM(P52) -> 0 | T59: =$V$3+L11+L19+L27+L35+L43+L51+L59 -> 28
A60: =OFFSET('0'!$B$112,($A$1-1)*10,$B60-1) -> -- | B60: =OFFSET('0'!$B$111,($A$1-1)*10,7) -> 8 | M60: =SUM(D60-E60) -> 0 | N60: =SUM(E60,M60) -> 0
M61: =SUM(D61-E61) -> 0 | N61: =SUM(E61,M61) -> 0
M62: =SUM(D62-E62) -> 0 | N62: =SUM(E62,M62) -> 0
M63: =SUM(D63-E63) -> 0 | N63: =SUM(E63,M63) -> 0
M64: =SUM(D64-E64) -> 0 | N64: =SUM(E64,M64) -> 0
M65: =SUM(D65-E65) -> 0 | N65: =SUM(E65,M65) -> 0
C66: Iš viso Lietuvoje: | D66: =SUM(D60:D65) -> 0 | E66: =SUM(E60:E65) -> 0 | F66: =SUM(F60:F65) -> 0 | G66: =SUM(G60:G65) -> 0 | H66: =SUM(H60:H65) -> 0 | I66: =SUM(I60:I65) -> 0 | J66: =SUM(J60:J65) -> 0 | K66: =SUM(K60:K65) -> 0 | ... N66: =SUM(N60:N65) -> 0
C67: dienos foto | D67: =SUM(D60:D65) -> 0 | E67: =SUM(E60:E65) -> 0 | F67: =SUM(F66:K66) -> 0 | L67: =SUM(L60:L65) -> 0 | M67: =SUM(M60:M65) -> 0 | N67: =SUM(N60:N65) -> 0 | O67: =SUM(O60) -> 0 | P67: =SUM(P60) -> 0 | T67: =$V$3+L11+L19+L27+L35+L43+L51+L59+L67 -> 28
A68: =OFFSET('0'!$B$112,($A$1-1)*10,$B68-1) -> -- | B68: =OFFSET('0'!$B$111,($A$1-1)*10,8) -> 9 | M68: =SUM(D68-E68) -> 0 | N68: =SUM(E68,M68) -> 0
M69: =SUM(D69-E69) -> 0 | N69: =SUM(E69,M69) -> 0
M70: =SUM(D70-E70) -> 0 | N70: =SUM(E70,M70) -> 0
M71: =SUM(D71-E71) -> 0 | N71: =SUM(E71,M71) -> 0
M72: =SUM(D72-E72) -> 0 | N72: =SUM(E72,M72) -> 0
M73: =SUM(D73-E73) -> 0 | N73: =SUM(E73,M73) -> 0
C74: Iš viso Lietuvoje: | D74: =SUM(D68:D73) -> 0 | E74: =SUM(E68:E73) -> 0 | F74: =SUM(F68:F73) -> 0 | G74: =SUM(G68:G73) -> 0 | H74: =SUM(H68:H73) -> 0 | I74: =SUM(I68:I73) -> 0 | J74: =SUM(J68:J73) -> 0 | K74: =SUM(K68:K73) -> 0 | ... N74: =SUM(N68:N73) -> 0
C75: dienos foto | D75: =SUM(D68:D73) -> 0 | E75: =SUM(E68:E73) -> 0 | F75: =SUM(F74:K74) -> 0 | L75: =SUM(L68:L73) -> 0 | M75: =SUM(M68:M73) -> 0 | N75: =SUM(N68:N73) -> 0 | O75: =SUM(O68) -> 0 | P75: =SUM(P68) -> 0 | T75: =$V$3+L11+L19+L27+L35+L43+L51+L59+L67+L75 -> 28
A76: =OFFSET('0'!$B$112,($A$1-1)*10,$B76-1) -> -- | B76: =OFFSET('0'!$B$111,($A$1-1)*10,9) -> 10 | M76: =SUM(D76-E76) -> 0 | N76: =SUM(E76,M76) -> 0
M77: =SUM(D77-E77) -> 0 | N77: =SUM(E77,M77) -> 0
M78: =SUM(D78-E78) -> 0 | N78: =SUM(E78,M78) -> 0
M79: =SUM(D79-E79) -> 0 | N79: =SUM(E79,M79) -> 0
M80: =SUM(D80-E80) -> 0 | N80: =SUM(E80,M80) -> 0
M81: =SUM(D81-E81) -> 0 | N81: =SUM(E81,M81) -> 0
C82: Iš viso Lietuvoje: | D82: =SUM(D76:D81) -> 0 | E82: =SUM(E76:E81) -> 0 | F82: =SUM(F76:F81) -> 0 | G82: =SUM(G76:G81) -> 0 | H82: =SUM(H76:H81) -> 0 | I82: =SUM(I76:I81) -> 0 | J82: =SUM(J76:J81) -> 0 | K82: =SUM(K76:K81) -> 0 | ... N82: =SUM(N76:N81) -> 0
C83: dienos foto | D83: =SUM(D76:D81) -> 0 | E83: =SUM(E76:E81) -> 0 | F83: =SUM(F82:K82) -> 0 | L83: =SUM(L76:L81) -> 0 | M83: =SUM(M76:M81) -> 0 | N83: =SUM(N76:N81) -> 0 | O83: =SUM(O76) -> 0 | P83: =SUM(P76) -> 0 | T83: =$V$3+L11+L19+L27+L35+L43+L51+L59+L67+L75+L83 -> 28
A84: =OFFSET('0'!$B$112,($A$1-1)*10,$B84-1) -> SS | B84: =OFFSET('0'!$B$111,($A$1-1)*10,10) -> 11 | M84: =SUM(D84-E84) -> 0 | N84: =SUM(E84,M84) -> 0
M85: =SUM(D85-E85) -> 0 | N85: =SUM(E85,M85) -> 0
M86: =SUM(D86-E86) -> 0 | N86: =SUM(E86,M86) -> 0
M87: =SUM(D87-E87) -> 0 | N87: =SUM(E87,M87) -> 0
M88: =SUM(D88-E88) -> 0 | N88: =SUM(E88,M88) -> 0
M89: =SUM(D89-E89) -> 0 | N89: =SUM(E89,M89) -> 0
C90: Iš viso Lietuvoje: | D90: =SUM(D84:D89) -> 0 | E90: =SUM(E84:E89) -> 0 | F90: =SUM(F84:F89) -> 0 | G90: =SUM(G84:G89) -> 0 | H90: =SUM(H84:H89) -> 0 | I90: =SUM(I84:I89) -> 0 | J90: =SUM(J84:J89) -> 0 | K90: =SUM(K84:K89) -> 0 | ... N90: =SUM(N84:N89) -> 0
C91: dienos foto | D91: =SUM(D84:D89) -> 0 | E91: =SUM(E84:E89) -> 0 | F91: =SUM(F90:K90) -> 0 | L91: =SUM(L84:L89) -> 0 | M91: =SUM(M84:M89) -> 0 | N91: =SUM(N84:N89) -> 0 | O91: =SUM(O84) -> 0 | P91: =SUM(P84) -> 0 | T91: =$V$3+L11+L19+L27+L35+L43+L51+L59+L67+L75+L83+L91 -> 28
A92: =OFFSET('0'!$B$112,($A$1-1)*10,$B92-1) -> SK | B92: =OFFSET('0'!$B$111,($A$1-1)*10,11) -> 12 | M92: =SUM(D92-E92) -> 0 | N92: =SUM(E92,M92) -> 0
M93: =SUM(D93-E93) -> 0 | N93: =SUM(E93,M93) -> 0
M94: =SUM(D94-E94) -> 0 | N94: =SUM(E94,M94) -> 0
M95: =SUM(D95-E95) -> 0 | N95: =SUM(E95,M95) -> 0
M96: =SUM(D96-E96) -> 0 | N96: =SUM(E96,M96) -> 0
M97: =SUM(D97-E97) -> 0 | N97: =SUM(E97,M97) -> 0
C98: Iš viso Lietuvoje: | D98: =SUM(D92:D97) -> 0 | E98: =SUM(E92:E97) -> 0 | F98: =SUM(F92:F97) -> 0 | G98: =SUM(G92:G97) -> 0 | H98: =SUM(H92:H97) -> 0 | I98: =SUM(I92:I97) -> 0 | J98: =SUM(J92:J97) -> 0 | K98: =SUM(K92:K97) -> 0 | ... N98: =SUM(N92:N97) -> 0
C99: dienos foto | D99: =SUM(D92:D97) -> 0 | E99: =SUM(E92:E97) -> 0 | F99: =SUM(F98:K98) -> 0 | L99: =SUM(L92:L97) -> 0 | M99: =SUM(M92:M97) -> 0 | N99: =SUM(N92:N97) -> 0 | O99: =SUM(O92) -> 0 | P99: =SUM(P92) -> 0 | T99: =$V$3+L11+L19+L27+L35+L43+L51+L59+L67+L75+L83+L91+L99 -> 28
A100: =OFFSET('0'!$B$112,($A$1-1)*10,$B100-1) -> -- | B100: =OFFSET('0'!$B$111,($A$1-1)*10,12) -> 13 | M100: =SUM(D100-E100) -> 0 | N100: =SUM(E100,M100) -> 0
...

Sheet Rugpjūtis
A1: 8
B2: Mėnesio diena | C2: Vardas, pavardė. Pamaina D/N | D2: Paimti ROIK pranešimai (skaičius) | E2: Apdorota | F2: INFORMUOTA | L2: Pasisavintų lėšų suma (visų pranešimų) | M2: Neapdorota (siųstos pajėgos) | N2: Kontrolinis | O2: Tikslinamos aplinkybės (M) | P2: Pradėta IT | Q2: Pastabos | T2: Kontr. Kasdienė eilutė (Žalos)
F3: Bankas | G3: RRT | H3: FNTT | I3: NKSC | J3: Facebook | K3: Kita/įrašyti | U3: Praeitų mėn. Žalos | V3: =SUM(V6:V12) -> 28
A4: =OFFSET('0'!$B$112,($A$1-1)*10,$B4-1) -> SS | B4: =OFFSET('0'!$B$111,($A$1-1)*10,0) -> 1 | L4: 8 | M4: =SUM(D4-E4) -> 0 | N4: =SUM(E4,M4) -> 0
M5: =SUM(D5-E5) -> 0 | N5: =SUM(E5,M5) -> 0 | U5: mėn.
M6: =SUM(D6-E6) -> 0 | N6: =SUM(E6,M6) -> 0 | U6: 1 | V6: =Sausis!L254 -> 1
M7: =SUM(D7-E7) -> 0 | N7: =SUM(E7,M7) -> 0 | U7: 2 | V7: =Vasaris!L254 -> 2
M8: =SUM(D8-E8) -> 0 | N8: =SUM(E8,M8) -> 0 | U8: 3 | V8: =Kovas!L254 -> 3
M9: =SUM(D9-E9) -> 0 | N9: =SUM(E9,M9) -> 0 | U9: 4 | V9: =Balandis!L254 -> 4
C10: Iš viso Lietuvoje: | D10: =SUM(D4:D9) -> 0 | E10: =SUM(E4:E9) -> 0 | F10: =SUM(F4:F9) -> 0 | G10: =SUM(G4:G9) -> 0 | H10: =SUM(H4:H9) -> 0 | I10: =SUM(I4:I9) -> 0 | J10: =SUM(J4:J9) -> 0 | K10: =SUM(K4:K9) -> 0 | ... N10: =SUM(N4:N9) -> 0 | U10: 5 | V10: =Gegužė!L254 -> 5
C11: dienos foto | D11: =SUM(D4:D9) -> 0 | E11: =SUM(E4:E9) -> 0 | F11: =SUM(F10:K10) -> 0 | L11: =SUM(L4:L9) -> 8 | M11: =SUM(M4:M9) -> 0 | N11: =SUM(N4:N9) -> 0 | O11: =SUM(O4) -> 0 | P11: =SUM(P4) -> 0 | T11: =$V$3+L11 -> 36 | U11: 6 | V11: =Birželis!L254 -> 6
A12: =OFFSET('0'!$B$112,($A$1-1)*10,$B12-1) -> SK | B12: =OFFSET('0'!$B$111,($A$1-1)*10,1) -> 2 | M12: =SUM(D12-E12) -> 0 | N12: =SUM(E12,M12) -> 0 | U12: 7 | V12: =Liepa!L254 -> 7
M13: =SUM(D13-E13) -> 0 | N13: =SUM(E13,M13) -> 0 | U13: 8
M14: =SUM(D14-E14) -> 0 | N14: =SUM(E14,M14) -> 0 | U14: 9
M15: =SUM(D15-E15) -> 0 | N15: =SUM(E15,M15) -> 0 | U15: 10
M16: =SUM(D16-E16) -> 0 | N16: =SUM(E16,M16) -> 0 | U16: 11
M17: =SUM(D17-E17) -> 0 | N17: =SUM(E17,M17) -> 0
C18: Iš viso Lietuvoje: | D18: =SUM(D12:D17) -> 0 | E18: =SUM(E12:E17) -> 0 | F18: =SUM(F12:F17) -> 0 | G18: =SUM(G12:G17) -> 0 | H18: =SUM(H12:H17) -> 0 | I18: =SUM(I12:I17) -> 0 | J18: =SUM(J12:J17) -> 0 | K18: =SUM(K12:K17) -> 0 | ... N18: =SUM(N12:N17) -> 0
C19: dienos foto | D19: =SUM(D12:D17) -> 0 | E19: =SUM(E12:E17) -> 0 | F19: =SUM(F18:K18) -> 0 | L19: =SUM(L12:L17) -> 0 | M19: =SUM(M12:M17) -> 0 | N19: =SUM(N12:N17) -> 0 | O19: =SUM(O12) -> 0 | P19: =SUM(P12) -> 0 | T19: =$V$3+L11+L19 -> 36
A20: =OFFSET('0'!$B$112,($A$1-1)*10,$B20-1) -> -- | B20: =OFFSET('0'!$B$111,($A$1-1)*10,2) -> 3 | M20: =SUM(D20-E20) -> 0 | N20: =SUM(E20,M20) -> 0
M21: =SUM(D21-E21) -> 0 | N21: =SUM(E21,M21) -> 0
M22: =SUM(D22-E22) -> 0 | N22: =SUM(E22,M22) -> 0
M23: =SUM(D23-E23) -> 0 | N23: =SUM(E23,M23) -> 0
M24: =SUM(D24-E24) -> 0 | N24: =SUM(E24,M24) -> 0
M25: =SUM(D25-E25) -> 0 | N25: =SUM(E25,M25) -> 0
C26: Iš viso Lietuvoje: | D26: =SUM(D20:D25) -> 0 | E26: =SUM(E20:E25) -> 0 | F26: =SUM(F20:F25) -> 0 | G26: =SUM(G20:G25) -> 0 | H26: =SUM(H20:H25) -> 0 | I26: =SUM(I20:I25) -> 0 | J26: =SUM(J20:J25) -> 0 | K26: =SUM(K20:K25) -> 0 | ... N26: =SUM(N20:N25) -> 0
C27: dienos foto | D27: =SUM(D20:D25) -> 0 | E27: =SUM(E20:E25) -> 0 | F27: =SUM(F26:K26) -> 0 | L27: =SUM(L20:L25) -> 0 | M27: =SUM(M20:M25) -> 0 | N27: =SUM(N20:N25) -> 0 | O27: =SUM(O20) -> 0 | P27: =SUM(P20) -> 0 | T27: =$V$3++L11+L19+L27 -> 36
A28: =OFFSET('0'!$B$112,($A$1-1)*10,$B28-1) -> -- | B28: =OFFSET('0'!$B$111,($A$1-1)*10,3) -> 4 | M28: =SUM(D28-E28) -> 0 | N28: =SUM(E28,M28) -> 0
M29: =SUM(D29-E29) -> 0 | N29: =SUM(E29,M29) -> 0
M30: =SUM(D30-E30) -> 0 | N30: =SUM(E30,M30) -> 0
M31: =SUM(D31-E31) -> 0 | N31: =SUM(E31,M31) -> 0
M32: =SUM(D32-E32) -> 0 | N32: =SUM(E32,M32) -> 0
M33: =SUM(D33-E33) -> 0 | N33: =SUM(E33,M33) -> 0
C34: Iš viso Lietuvoje: | D34: =SUM(D28:D33) -> 0 | E34: =SUM(E28:E33) -> 0 | F34: =SUM(F28:F33) -> 0 | G34: =SUM(G28:G33) -> 0 | H34: =SUM(H28:H33) -> 0 | I34: =SUM(I28:I33) -> 0 | J34: =SUM(J28:J33) -> 0 | K34: =SUM(K28:K33) -> 0 | ... N34: =SUM(N28:N33) -> 0
C35: dienos foto | D35: =SUM(D28:D33) -> 0 | E35: =SUM(E28:E33) -> 0 | F35: =SUM(F34:K34) -> 0 | L35: =SUM(L28:L33) -> 0 | M35: =SUM(M28:M33) -> 0 | N35: =SUM(N28:N33) -> 0 | O35: =SUM(O28) -> 0 | P35: =SUM(P28) -> 0 | T35: =$V$3+L11+L19+L27+L35 -> 36
A36: =OFFSET('0'!$B$112,($A$1-1)*10,$B36-1) -> -- | B36: =OFFSET('0'!$B$111,($A$1-1)*10,4) -> 5 | M36: =SUM(D36-E36) -> 0 | N36: =SUM(E36,M36) -> 0
M37: =SUM(D37-E37) -> 0 | N37: =SUM(E37,M37) -> 0
M38: =SUM(D38-E38) -> 0 | N38: =SUM(E38,M38) -> 0
M39: =SUM(D39-E39) -> 0 | N39: =SUM(E39,M39) -> 0
M40: =SUM(D40-E40) -> 0 | N40: =SUM(E40,M40) -> 0
M41: =SUM(D41-E41) -> 0 | N41: =SUM(E41,M41) -> 0
C42: Iš viso Lietuvoje: | D42: =SUM(D36:D41) -> 0 | E42: =SUM(E36:E41) -> 0 | F42: =SUM(F36:F41) -> 0 | G42: =SUM(G36:G41) -> 0 | H42: =SUM(H36:H41) -> 0 | I42: =SUM(I36:I41) -> 0 | J42: =SUM(J36:J41) -> 0 | K42: =SUM(K36:K41) -> 0 | ... N42: =SUM(N36:N41) -> 0
C43: dienos foto | D43: =SUM(D36:D41) -> 0 | E43: =SUM(E36:E41) -> 0 | F43: =SUM(F42:K42) -> 0 | L43: =SUM(L36:L41) -> 0 | M43: =SUM(M36:M41) -> 0 | N43: =SUM(N36:N41) -> 0 | O43: =SUM(O36) -> 0 | P43: =SUM(P36) -> 0 | T43: =$V$3+L11+L19+L27+L35+L43 -> 36
A44: =OFFSET('0'!$B$112,($A$1-1)*10,$B44-1) -> -- | B44: =OFFSET('0'!$B$111,($A$1-1)*10,5) -> 6 | M44: =SUM(D44-E44) -> 0 | N44: =SUM(E44,M44) -> 0
M45: =SUM(D45-E45) -> 0 | N45: =SUM(E45,M45) -> 0
M46: =SUM(D46-E46) -> 0 | N46: =SUM(E46,M46) -> 0
M47: =SUM(D47-E47) -> 0 | N47: =SUM(E47,M47) -> 0
M48: =SUM(D48-E48) -> 0 | N48: =SUM(E48,M48) -> 0
M49: =SUM(D49-E49) -> 0 | N49: =SUM(E49,M49) -> 0
C50: Iš viso Lietuvoje: | D50: =SUM(D44:D49) -> 0 | E50: =SUM(E44:E49) -> 0 | F50: =SUM(F44:F49) -> 0 | G50: =SUM(G44:G49) -> 0 | H50: =SUM(H44:H49) -> 0 | I50: =SUM(I44:I49) -> 0 | J50: =SUM(J44:J49) -> 0 | K50: =SUM(K44:K49) -> 0 | ... N50: =SUM(N44:N49) -> 0
C51: dienos foto | D51: =SUM(D44:D49) -> 0 | E51: =SUM(E44:E49) -> 0 | F51: =SUM(F50:K50) -> 0 | L51: =SUM(L44:L49) -> 0 | M51: =SUM(M44:M49) -> 0 | N51: =SUM(N44:N49) -> 0 | O51: =SUM(O44) -> 0 | P51: =SUM(P44) -> 0 | T51: =$V$3+L11+L19+L27+L35+L43+L51 -> 36
A52: =OFFSET('0'!$B$112,($A$1-1)*10,$B52-1) -> -- | B52: =OFFSET('0'!$B$111,($A$1-1)*10,6) -> 7 | M52: =SUM(D52-E52) -> 0 | N52: =SUM(E52,M52) -> 0
M53: =SUM(D53-E53) -> 0 | N53: =SUM(E53,M53) -> 0
M54: =SUM(D54-E54) -> 0 | N54: =SUM(E54,M54) -> 0
M55: =SUM(D55-E55) -> 0 | N55: =SUM(E55,M55) -> 0
M56: =SUM(D56-E56) -> 0 | N56: =SUM(E56,M56) -> 0
M57: =SUM(D57-E57) -> 0 | N57: =SUM(E57,M57) -> 0
C58: Iš viso Lietuvoje: | D58: =SUM(D52:D57) -> 0 | E58: =SUM(E52:E57) -> 0 | F58: =SUM(F52:F57) -> 0 | G58: =SUM(G52:G57) -> 0 | H58: =SUM(H52:H57) -> 0 | I58: =SUM(I52:I57) -> 0 | J58: =SUM(J52:J57) -> 0 | K58: =SUM(K52:K57) -> 0 | ... N58: =SUM(N52:N57) -> 0
C59: dienos foto | D59: =SUM(D52:D57) -> 0 | E59: =SUM(E52:E57) -> 0 | F59: =SUM(F58:K58) -> 0 | L59: =SUM(L52:L57) -> 0 | M59: =SUM(M52:M57) -> 0 | N59: =SUM(N52:N57) -> 0 | O59: =SUM(O52) -> 0 | P59: =SUM(P52) -> 0 | T59: =$V$3+L11+L19+L27+L35+L43+L51+L59 -> 36
A60: =OFFSET('0'!$B$112,($A$1-1)*10,$B60-1) -> SS | B60: =OFFSET('0'!$B$111,($A$1-1)*10,7) -> 8 | M60: =SUM(D60-E60) -> 0 | N60: =SUM(E60,M60) -> 0
M61: =SUM(D61-E61) -> 0 | N61: =SUM(E61,M61) -> 0
M62: =SUM(D62-E62) -> 0 | N62: =SUM(E62,M62) -> 0
M63: =SUM(D63-E63) -> 0 | N63: =SUM(E63,M63) -> 0
M64: =SUM(D64-E64) -> 0 | N64: =SUM(E64,M64) -> 0
M65: =SUM(D65-E65) -> 0 | N65: =SUM(E65,M65) -> 0
C66: Iš viso Lietuvoje: | D66: =SUM(D60:D65) -> 0 | E66: =SUM(E60:E65) -> 0 | F66: =SUM(F60:F65) -> 0 | G66: =SUM(G60:G65) -> 0 | H66: =SUM(H60:H65) -> 0 | I66: =SUM(I60:I65) -> 0 | J66: =SUM(J60:J65) -> 0 | K66: =SUM(K60:K65) -> 0 | ... N66: =SUM(N60:N65) -> 0
C67: dienos foto | D67: =SUM(D60:D65) -> 0 | E67: =SUM(E60:E65) -> 0 | F67: =SUM(F66:K66) -> 0 | L67: =SUM(L60:L65) -> 0 | M67: =SUM(M60:M65) -> 0 | N67: =SUM(N60:N65) -> 0 | O67: =SUM(O60) -> 0 | P67: =SUM(P60) -> 0 | T67: =$V$3+L11+L19+L27+L35+L43+L51+L59+L67 -> 36
A68: =OFFSET('0'!$B$112,($A$1-1)*10,$B68-1) -> SK | B68: =OFFSET('0'!$B$111,($A$1-1)*10,8) -> 9 | M68: =SUM(D68-E68) -> 0 | N68: =SUM(E68,M68) -> 0
M69: =SUM(D69-E69) -> 0 | N69: =SUM(E69,M69) -> 0
M70: =SUM(D70-E70) -> 0 | N70: =SUM(E70,M70) -> 0
M71: =SUM(D71-E71) -> 0 | N71: =SUM(E71,M71) -> 0
M72: =SUM(D72-E72) -> 0 | N72: =SUM(E72,M72) -> 0
M73: =SUM(D73-E73) -> 0 | N73: =SUM(E73,M73) -> 0
C74: Iš viso Lietuvoje: | D74: =SUM(D68:D73) -> 0 | E74: =SUM(E68:E73) -> 0 | F74: =SUM(F68:F73) -> 0 | G74: =SUM(G68:G73) -> 0 | H74: =SUM(H68:H73) -> 0 | I74: =SUM(I68:I73) -> 0 | J74: =SUM(J68:J73) -> 0 | K74: =SUM(K68:K73) -> 0 | ... N74: =SUM(N68:N73) -> 0
C75: dienos foto | D75: =SUM(D68:D73) -> 0 | E75: =SUM(E68:E73) -> 0 | F75: =SUM(F74:K74) -> 0 | L75: =SUM(L68:L73) -> 0 | M75: =SUM(M68:M73) -> 0 | N75: =SUM(N68:N73) -> 0 | O75: =SUM(O68) -> 0 | P75: =SUM(P68) -> 0 | T75: =$V$3+L11+L19+L27+L35+L43+L51+L59+L67+L75 -> 36
A76: =OFFSET('0'!$B$112,($A$1-1)*10,$B76-1) -> -- | B76: =OFFSET('0'!$B$111,($A$1-1)*10,9) -> 10 | M76: =SUM(D76-E76) -> 0 | N76: =SUM(E76,M76) -> 0
M77: =SUM(D77-E77) -> 0 | N77: =SUM(E77,M77) -> 0
M78: =SUM(D78-E78) -> 0 | N78: =SUM(E78,M78) -> 0
M79: =SUM(D79-E79) -> 0 | N79: =SUM(E79,M79) -> 0
M80: =SUM(D80-E80) -> 0 | N80: =SUM(E80,M80) -> 0
M81: =SUM(D81-E81) -> 0 | N81: =SUM(E81,M81) -> 0
C82: Iš viso Lietuvoje: | D82: =SUM(D76:D81) -> 0 | E82: =SUM(E76:E81) -> 0 | F82: =SUM(F76:F81) -> 0 | G82: =SUM(G76:G81) -> 0 | H82: =SUM(H76:H81) -> 0 | I82: =SUM(I76:I81) -> 0 | J82: =SUM(J76:J81) -> 0 | K82: =SUM(K76:K81) -> 0 | ... N82: =SUM(N76:N81) -> 0
C83: dienos foto | D83: =SUM(D76:D81) -> 0 | E83: =SUM(E76:E81) -> 0 | F83: =SUM(F82:K82) -> 0 | L83: =SUM(L76:L81) -> 0 | M83: =SUM(M76:M81) -> 0 | N83: =SUM(N76:N81) -> 0 | O83: =SUM(O76) -> 0 | P83: =SUM(P76) -> 0 | T83: =$V$3+L11+L19+L27+L35+L43+L51+L59+L67+L75+L83 -> 36
A84: =OFFSET('0'!$B$112,($A$1-1)*10,$B84-1) -> -- | B84: =OFFSET('0'!$B$111,($A$1-1)*10,10) -> 11 | M84: =SUM(D84-E84) -> 0 | N84: =SUM(E84,M84) -> 0
M85: =SUM(D85-E85) -> 0 | N85: =SUM(E85,M85) -> 0
M86: =SUM(D86-E86) -> 0 | N86: =SUM(E86,M86) -> 0
M87: =SUM(D87-E87) -> 0 | N87: =SUM(E87,M87) -> 0
M88: =SUM(D88-E88) -> 0 | N88: =SUM(E88,M88) -> 0
M89: =SUM(D89-E89) -> 0 | N89: =SUM(E89,M89) -> 0
C90: Iš viso Lietuvoje: | D90: =SUM(D84:D89) -> 0 | E90: =SUM(E84:E89) -> 0 | F90: =SUM(F84:F89) -> 0 | G90: =SUM(G84:G89) -> 0 | H90: =SUM(H84:H89) -> 0 | I90: =SUM(I84:I89) -> 0 | J90: =SUM(J84:J89) -> 0 | K90: =SUM(K84:K89) -> 0 | ... N90: =SUM(N84:N89) -> 0
C91: dienos foto | D91: =SUM(D84:D89) -> 0 | E91: =SUM(E84:E89) -> 0 | F91: =SUM(F90:K90) -> 0 | L91: =SUM(L84:L89) -> 0 | M91: =SUM(M84:M89) -> 0 | N91: =SUM(N84:N89) -> 0 | O91: =SUM(O84) -> 0 | P91: =SUM(P84) -> 0 | T91: =$V$3+L11+L19+L27+L35+L43+L51+L59+L67+L75+L83+L91 -> 36
A92: =OFFSET('0'!$B$112,($A$1-1)*10,$B92-1) -> -- | B92: =OFFSET('0'!$B$111,($A$1-1)*10,11) -> 12 | M92: =SUM(D92-E92) -> 0 | N92: =SUM(E92,M92) -> 0
M93: =SUM(D93-E93) -> 0 | N93: =SUM(E93,M93) -> 0
M94: =SUM(D94-E94) -> 0 | N94: =SUM(E94,M94) -> 0
M95: =SUM(D95-E95) -> 0 | N95: =SUM(E95,M95) -> 0
M96: =SUM(D96-E96) -> 0 | N96: =SUM(E96,M96) -> 0
M97: =SUM(D97-E97) -> 0 | N97: =SUM(E97,M97) -> 0
C98: Iš viso Lietuvoje: | D98: =SUM(D92:D97) -> 0 | E98: =SUM(E92:E97) -> 0 | F98: =SUM(F92:F97) -> 0 | G98: =SUM(G92:G97) -> 0 | H98: =SUM(H92:H97) -> 0 | I98: =SUM(I92:I97) -> 0 | J98: =SUM(J92:J97) -> 0 | K98: =SUM(K92:K97) -> 0 | ... N98: =SUM(N92:N97) -> 0
C99: dienos foto | D99: =SUM(D92:D97) -> 0 | E99: =SUM(E92:E97) -> 0 | F99: =SUM(F98:K98) -> 0 | L99: =SUM(L92:L97) -> 0 | M99: =SUM(M92:M97) -> 0 | N99: =SUM(N92:N97) -> 0 | O99: =SUM(O92) -> 0 | P99: =SUM(P92) -> 0 | T99: =$V$3+L11+L19+L27+L35+L43+L51+L59+L67+L75+L83+L91+L99 -> 36
A100: =OFFSET('0'!$B$112,($A$1-1)*10,$B100-1) -> -- | B100: =OFFSET('0'!$B$111,($A$1-1)*10,12) -> 13 | M100: =SUM(D100-E100) -> 0 | N100: =SUM(E100,M100) -> 0
...

Sheet Rugsėjis
A1: 9
A2: 9 | B2: Mėnesio diena | C2: Vardas, pavardė. Pamaina D/N | D2: Paimti ROIK pranešimai (skaičius) | E2: Apdorota | F2: INFORMUOTA | L2: Pasisavintų lėšų suma (visų pranešimų) | M2: Neapdorota (siųstos pajėgos) | N2: Kontrolinis | O2: Tikslinamos aplinkybės (M) | P2: Pradėta IT | Q2: Pastabos | T2: Kontr. Kasdienė eilutė (Žalos)
F3: Bankas | G3: RRT | H3: FNTT | I3: NKSC | J3: Facebook | K3: Kita/įrašyti | U3: Praeitų mėn. Žalos | V3: =SUM(V6:V13) -> 36
A4: =OFFSET('0'!$B$112,($A$1-1)*10,$B4-1) -> -- | B4: =OFFSET('0'!$B$111,($A$1-1)*10,0) -> 1 | L4: 9 | M4: =SUM(D4-E4) -> 0 | N4: =SUM(E4,M4) -> 0
M5: =SUM(D5-E5) -> 0 | N5: =SUM(E5,M5) -> 0 | U5: mėn.
M6: =SUM(D6-E6) -> 0 | N6: =SUM(E6,M6) -> 0 | U6: 1 | V6: =Sausis!L254 -> 1
M7: =SUM(D7-E7) -> 0 | N7: =SUM(E7,M7) -> 0 | U7: 2 | V7: =Vasaris!L254 -> 2
M8: =SUM(D8-E8) -> 0 | N8: =SUM(E8,M8) -> 0 | U8: 3 | V8: =Kovas!L254 -> 3
M9: =SUM(D9-E9) -> 0 | N9: =SUM(E9,M9) -> 0 | U9: 4 | V9: =Balandis!L254 -> 4
C10: Iš viso Lietuvoje: | D10: =SUM(D4:D9) -> 0 | E10: =SUM(E4:E9) -> 0 | F10: =SUM(F4:F9) -> 0 | G10: =SUM(G4:G9) -> 0 | H10: =SUM(H4:H9) -> 0 | I10: =SUM(I4:I9) -> 0 | J10: =SUM(J4:J9) -> 0 | K10: =SUM(K4:K9) -> 0 | ... N10: =SUM(N4:N9) -> 0 | U10: 5 | V10: =Gegužė!L254 -> 5
C11: dienos foto | D11: =SUM(D4:D9) -> 0 | E11: =SUM(E4:E9) -> 0 | F11: =SUM(F10:K10) -> 0 | L11: =SUM(L4:L9) -> 9 | M11: =SUM(M4:M9) -> 0 | N11: =SUM(N4:N9) -> 0 | O11: =SUM(O4) -> 0 | P11: =SUM(P4) -> 0 | T11: =$V$3+L11 -> 45 | U11: 6 | V11: =Birželis!L254 -> 6
A12: =OFFSET('0'!$B$112,($A$1-1)*10,$B12-1) -> -- | B12: =OFFSET('0'!$B$111,($A$1-1)*10,1) -> 2 | M12: =SUM(D12-E12) -> 0 | N12: =SUM(E12,M12) -> 0 | U12: 7 | V12: =Liepa!L254 -> 7
M13: =SUM(D13-E13) -> 0 | N13: =SUM(E13,M13) -> 0 | U13: 8 | V13: =Rugpjūtis!L254 -> 8
M14: =SUM(D14-E14) -> 0 | N14: =SUM(E14,M14) -> 0 | U14: 9
M15: =SUM(D15-E15) -> 0 | N15: =SUM(E15,M15) -> 0 | U15: 10
M16: =SUM(D16-E16) -> 0 | N16: =SUM(E16,M16) -> 0 | U16: 11
M17: =SUM(D17-E17) -> 0 | N17: =SUM(E17,M17) -> 0
C18: Iš viso Lietuvoje: | D18: =SUM(D12:D17) -> 0 | E18: =SUM(E12:E17) -> 0 | F18: =SUM(F12:F17) -> 0 | G18: =SUM(G12:G17) -> 0 | H18: =SUM(H12:H17) -> 0 | I18: =SUM(I12:I17) -> 0 | J18: =SUM(J12:J17) -> 0 | K18: =SUM(K12:K17) -> 0 | ... N18: =SUM(N12:N17) -> 0
C19: dienos foto | D19: =SUM(D12:D17) -> 0 | E19: =SUM(E12:E17) -> 0 | F19: =SUM(F18:K18) -> 0 | L19: =SUM(L12:L17) -> 0 | M19: =SUM(M12:M17) -> 0 | N19: =SUM(N12:N17) -> 0 | O19: =SUM(O12) -> 0 | P19: =SUM(P12) -> 0 | T19: =$V$3+L11+L19 -> 45
A20: =OFFSET('0'!$B$112,($A$1-1)*10,$B20-1) -> -- | B20: =OFFSET('0'!$B$111,($A$1-1)*10,2) -> 3 | M20: =SUM(D20-E20) -> 0 | N20: =SUM(E20,M20) -> 0
M21: =SUM(D21-E21) -> 0 | N21: =SUM(E21,M21) -> 0
M22: =SUM(D22-E22) -> 0 | N22: =SUM(E22,M22) -> 0
M23: =SUM(D23-E23) -> 0 | N23: =SUM(E23,M23) -> 0
M24: =SUM(D24-E24) -> 0 | N24: =SUM(E24,M24) -> 0
M25: =SUM(D25-E25) -> 0 | N25: =SUM(E25,M25) -> 0
C26: Iš viso Lietuvoje: | D26: =SUM(D20:D25) -> 0 | E26: =SUM(E20:E25) -> 0 | F26: =SUM(F20:F25) -> 0 | G26: =SUM(G20:G25) -> 0 | H26: =SUM(H20:H25) -> 0 | I26: =SUM(I20:I25) -> 0 | J26: =SUM(J20:J25) -> 0 | K26: =SUM(K20:K25) -> 0 | ... N26: =SUM(N20:N25) -> 0
C27: dienos foto | D27: =SUM(D20:D25) -> 0 | E27: =SUM(E20:E25) -> 0 | F27: =SUM(F26:K26) -> 0 | L27: =SUM(L20:L25) -> 0 | M27: =SUM(M20:M25) -> 0 | N27: =SUM(N20:N25) -> 0 | O27: =SUM(O20) -> 0 | P27: =SUM(P20) -> 0 | T27: =$V$3++L11+L19+L27 -> 45
A28: =OFFSET('0'!$B$112,($A$1-1)*10,$B28-1) -> -- | B28: =OFFSET('0'!$B$111,($A$1-1)*10,3) -> 4 | M28: =SUM(D28-E28) -> 0 | N28: =SUM(E28,M28) -> 0
M29: =SUM(D29-E29) -> 0 | N29: =SUM(E29,M29) -> 0
M30: =SUM(D30-E30) -> 0 | N30: =SUM(E30,M30) -> 0
M31: =SUM(D31-E31) -> 0 | N31: =SUM(E31,M31) -> 0
M32: =SUM(D32-E32) -> 0 | N32: =SUM(E32,M32) -> 0
M33: =SUM(D33-E33) -> 0 | N33: =SUM(E33,M33) -> 0
C34: Iš viso Lietuvoje: | D34: =SUM(D28:D33) -> 0 | E34: =SUM(E28:E33) -> 0 | F34: =SUM(F28:F33) -> 0 | G34: =SUM(G28:G33) -> 0 | H34: =SUM(H28:H33) -> 0 | I34: =SUM(I28:I33) -> 0 | J34: =SUM(J28:J33) -> 0 | K34: =SUM(K28:K33) -> 0 | ... N34: =SUM(N28:N33) -> 0
C35: dienos foto | D35: =SUM(D28:D33) -> 0 | E35: =SUM(E28:E33) -> 0 | F35: =SUM(F34:K34) -> 0 | L35: =SUM(L28:L33) -> 0 | M35: =SUM(M28:M33) -> 0 | N35: =SUM(N28:N33) -> 0 | O35: =SUM(O28) -> 0 | P35: =SUM(P28) -> 0 | T35: =$V$3+L11+L19+L27+L35 -> 45
A36: =OFFSET('0'!$B$112,($A$1-1)*10,$B36-1) -> SS | B36: =OFFSET('0'!$B$111,($A$1-1)*10,4) -> 5 | M36: =SUM(D36-E36) -> 0 | N36: =SUM(E36,M36) -> 0
M37: =SUM(D37-E37) -> 0 | N37: =SUM(E37,M37) -> 0
M38: =SUM(D38-E38) -> 0 | N38: =SUM(E38,M38) -> 0
M39: =SUM(D39-E39) -> 0 | N39: =SUM(E39,M39) -> 0
M40: =SUM(D40-E40) -> 0 | N40: =SUM(E40,M40) -> 0
M41: =SUM(D41-E41) -> 0 | N41: =SUM(E41,M41) -> 0
C42: Iš viso Lietuvoje: | D42: =SUM(D36:D41) -> 0 | E42: =SUM(E36:E41) -> 0 | F42: =SUM(F36:F41) -> 0 | G42: =SUM(G36:G41) -> 0 | H42: =SUM(H36:H41) -> 0 | I42: =SUM(I36:I41) -> 0 | J42: =SUM(J36:J41) -> 0 | K42: =SUM(K36:K41) -> 0 | ... N42: =SUM(N36:N41) -> 0
C43: dienos foto | D43: =SUM(D36:D41) -> 0 | E43: =SUM(E36:E41) -> 0 | F43: =SUM(F42:K42) -> 0 | L43: =SUM(L36:L41) -> 0 | M43: =SUM(M36:M41) -> 0 | N43: =SUM(N36:N41) -> 0 | O43: =SUM(O36) -> 0 | P43: =SUM(P36) -> 0 | T43: =$V$3+L11+L19+L27+L35+L43 -> 45
A44: =OFFSET('0'!$B$112,($A$1-1)*10,$B44-1) -> SK | B44: =OFFSET('0'!$B$111,($A$1-1)*10,5) -> 6 | M44: =SUM(D44-E44) -> 0 | N44: =SUM(E44,M44) -> 0
M45: =SUM(D45-E45) -> 0 | N45: =SUM(E45,M45) -> 0
M46: =SUM(D46-E46) -> 0 | N46: =SUM(E46,M46) -> 0
M47: =SUM(D47-E47) -> 0 | N47: =SUM(E47,M47) -> 0
M48: =SUM(D48-E48) -> 0 | N48: =SUM(E48,M48) -> 0
M49: =SUM(D49-E49) -> 0 | N49: =SUM(E49,M49) -> 0
C50: Iš viso Lietuvoje: | D50: =SUM(D44:D49) -> 0 | E50: =SUM(E44:E49) -> 0 | F50: =SUM(F44:F49) -> 0 | G50: =SUM(G44:G49) -> 0 | H50: =SUM(H44:H49) -> 0 | I50: =SUM(I44:I49) -> 0 | J50: =SUM(J44:J49) -> 0 | K50: =SUM(K44:K49) -> 0 | ... N50: =SUM(N44:N49) -> 0
C51: dienos foto | D51: =SUM(D44:D49) -> 0 | E51: =SUM(E44:E49) -> 0 | F51: =SUM(F50:K50) -> 0 | L51: =SUM(L44:L49) -> 0 | M51: =SUM(M44:M49) -> 0 | N51: =SUM(N44:N49) -> 0 | O51: =SUM(O44) -> 0 | P51: =SUM(P44) -> 0 | T51: =$V$3+L11+L19+L27+L35+L43+L51 -> 45
A52: =OFFSET('0'!$B$112,($A$1-1)*10,$B52-1) -> -- | B52: =OFFSET('0'!$B$111,($A$1-1)*10,6) -> 7 | M52: =SUM(D52-E52) -> 0 | N52: =SUM(E52,M52) -> 0
M53: =SUM(D53-E53) -> 0 | N53: =SUM(E53,M53) -> 0
M54: =SUM(D54-E54) -> 0 | N54: =SUM(E54,M54) -> 0
M55: =SUM(D55-E55) -> 0 | N55: =SUM(E55,M55) -> 0
M56: =SUM(D56-E56) -> 0 | N56: =SUM(E56,M56) -> 0
M57: =SUM(D57-E57) -> 0 | N57: =SUM(E57,M57) -> 0
C58: Iš viso Lietuvoje: | D58: =SUM(D52:D57) -> 0 | E58: =SUM(E52:E57) -> 0 | F58: =SUM(F52:F57) -> 0 | G58: =SUM(G52:G57) -> 0 | H58: =SUM(H52:H57) -> 0 | I58: =SUM(I52:I57) -> 0 | J58: =SUM(J52:J57) -> 0 | K58: =SUM(K52:K57) -> 0 | ... N58: =SUM(N52:N57) -> 0
C59: dienos foto | D59: =SUM(D52:D57) -> 0 | E59: =SUM(E52:E57) -> 0 | F59: =SUM(F58:K58) -> 0 | L59: =SUM(L52:L57) -> 0 | M59: =SUM(M52:M57) -> 0 | N59: =SUM(N52:N57) -> 0 | O59: =SUM(O52) -> 0 | P59: =SUM(P52) -> 0 | T59: =$V$3+L11+L19+L27+L35+L43+L51+L59 -> 45
A60: =OFFSET('0'!$B$112,($A$1-1)*10,$B60-1) -> -- | B60: =OFFSET('0'!$B$111,($A$1-1)*10,7) -> 8 | M60: =SUM(D60-E60) -> 0 | N60: =SUM(E60,M60) -> 0
M61: =SUM(D61-E61) -> 0 | N61: =SUM(E61,M61) -> 0
M62: =SUM(D62-E62) -> 0 | N62: =SUM(E62,M62) -> 0
M63: =SUM(D63-E63) -> 0 | N63: =SUM(E63,M63) -> 0
M64: =SUM(D64-E64) -> 0 | N64: =SUM(E64,M64) -> 0
M65: =SUM(D65-E65) -> 0 | N65: =SUM(E65,M65) -> 0
C66: Iš viso Lietuvoje: | D66: =SUM(D60:D65) -> 0 | E66: =SUM(E60:E65) -> 0 | F66: =SUM(F60:F65) -> 0 | G66: =SUM(G60:G65) -> 0 | H66: =SUM(H60:H65) -> 0 | I66: =SUM(I60:I65) -> 0 | J66: =SUM(J60:J65) -> 0 | K66: =SUM(K60:K65) -> 0 | ... N66: =SUM(N60:N65) -> 0
C67: dienos foto | D67: =SUM(D60:D65) -> 0 | E67: =SUM(E60:E65) -> 0 | F67: =SUM(F66:K66) -> 0 | L67: =SUM(L60:L65) -> 0 | M67: =SUM(M60:M65) -> 0 | N67: =SUM(N60:N65) -> 0 | O67: =SUM(O60) -> 0 | P67: =SUM(P60) -> 0 | T67: =$V$3+L11+L19+L27+L35+L43+L51+L59+L67 -> 45
A68: =OFFSET('0'!$B$112,($A$1-1)*10,$B68-1) -> -- | B68: =OFFSET('0'!$B$111,($A$1-1)*10,8) -> 9 | M68: =SUM(D68-E68) -> 0 | N68: =SUM(E68,M68) -> 0
M69: =SUM(D69-E69) -> 0 | N69: =SUM(E69,M69) -> 0
M70: =SUM(D70-E70) -> 0 | N70: =SUM(E70,M70) -> 0
M71: =SUM(D71-E71) -> 0 | N71: =SUM(E71,M71) -> 0
M72: =SUM(D72-E72) -> 0 | N72: =SUM(E72,M72) -> 0
M73: =SUM(D73-E73) -> 0 | N73: =SUM(E73,M73) -> 0
C74: Iš viso Lietuvoje: | D74: =SUM(D68:D73) -> 0 | E74: =SUM(E68:E73) -> 0 | F74: =SUM(F68:F73) -> 0 | G74: =SUM(G68:G73) -> 0 | H74: =SUM(H68:H73) -> 0 | I74: =SUM(I68:I73) -> 0 | J74: =SUM(J68:J73) -> 0 | K74: =SUM(K68:K73) -> 0 | ... N74: =SUM(N68:N73) -> 0
C75: dienos foto | D75: =SUM(D68:D73) -> 0 | E75: =SUM(E68:E73) -> 0 | F75: =SUM(F74:K74) -> 0 | L75: =SUM(L68:L73) -> 0 | M75: =SUM(M68:M73) -> 0 | N75: =SUM(N68:N73) -> 0 | O75: =SUM(O68) -> 0 | P75: =SUM(P68) -> 0 | T75: =$V$3+L11+L19+L27+L35+L43+L51+L59+L67+L75 -> 45
A76: =OFFSET('0'!$B$112,($A$1-1)*10,$B76-1) -> -- | B76: =OFFSET('0'!$B$111,($A$1-1)*10,9) -> 10 | M76: =SUM(D76-E76) -> 0 | N76: =SUM(E76,M76) -> 0
M77: =SUM(D77-E77) -> 0 | N77: =SUM(E77,M77) -> 0
M78: =SUM(D78-E78) -> 0 | N78: =SUM(E78,M78) -> 0
M79: =SUM(D79-E79) -> 0 | N79: =SUM(E79,M79) -> 0
M80: =SUM(D80-E80) -> 0 | N80: =SUM(E80,M80) -> 0
M81: =SUM(D81-E81) -> 0 | N81: =SUM(E81,M81) -> 0
C82: Iš viso Lietuvoje: | D82: =SUM(D76:D81) -> 0 | E82: =SUM(E76:E81) -> 0 | F82: =SUM(F76:F81) -> 0 | G82: =SUM(G76:G81) -> 0 | H82: =SUM(H76:H81) -> 0 | I82: =SUM(I76:I81) -> 0 | J82: =SUM(J76:J81) -> 0 | K82: =SUM(K76:K81) -> 0 | ... N82: =SUM(N76:N81) -> 0
C83: dienos foto | D83: =SUM(D76:D81) -> 0 | E83: =SUM(E76:E81) -> 0 | F83: =SUM(F82:K82) -> 0 | L83: =SUM(L76:L81) -> 0 | M83: =SUM(M76:M81) -> 0 | N83: =SUM(N76:N81) -> 0 | O83: =SUM(O76) -> 0 | P83: =SUM(P76) -> 0 | T83: =$V$3+L11+L19+L27+L35+L43+L51+L59+L67+L75+L83 -> 45
A84: =OFFSET('0'!$B$112,($A$1-1)*10,$B84-1) -> -- | B84: =OFFSET('0'!$B$111,($A$1-1)*10,10) -> 11 | M84: =SUM(D84-E84) -> 0 | N84: =SUM(E84,M84) -> 0
M85: =SUM(D85-E85) -> 0 | N85: =SUM(E85,M85) -> 0
M86: =SUM(D86-E86) -> 0 | N86: =SUM(E86,M86) -> 0
M87: =SUM(D87-E87) -> 0 | N87: =SUM(E87,M87) -> 0
M88: =SUM(D88-E88) -> 0 | N88: =SUM(E88,M88) -> 0
M89: =SUM(D89-E89) -> 0 | N89: =SUM(E89,M89) -> 0
C90: Iš viso Lietuvoje: | D90: =SUM(D84:D89) -> 0 | E90: =SUM(E84:E89) -> 0 | F90: =SUM(F84:F89) -> 0 | G90: =SUM(G84:G89) -> 0 | H90: =SUM(H84:H89) -> 0 | I90: =SUM(I84:I89) -> 0 | J90: =SUM(J84:J89) -> 0 | K90: =SUM(K84:K89) -> 0 | ... N90: =SUM(N84:N89) -> 0
C91: dienos foto | D91: =SUM(D84:D89) -> 0 | E91: =SUM(E84:E89) -> 0 | F91: =SUM(F90:K90) -> 0 | L91: =SUM(L84:L89) -> 0 | M91: =SUM(M84:M89) -> 0 | N91: =SUM(N84:N89) -> 0 | O91: =SUM(O84) -> 0 | P91: =SUM(P84) -> 0 | T91: =$V$3+L11+L19+L27+L35+L43+L51+L59+L67+L75+L83+L91 -> 45
A92: =OFFSET('0'!$B$112,($A$1-1)*10,$B92-1) -> SS | B92: =OFFSET('0'!$B$111,($A$1-1)*10,11) -> 12 | M92: =SUM(D92-E92) -> 0 | N92: =SUM(E92,M92) -> 0
M93: =SUM(D93-E93) -> 0 | N93: =SUM(E93,M93) -> 0
M94: =SUM(D94-E94) -> 0 | N94: =SUM(E94,M94) -> 0
M95: =SUM(D95-E95) -> 0 | N95: =SUM(E95,M95) -> 0
M96: =SUM(D96-E96) -> 0 | N96: =SUM(E96,M96) -> 0
M97: =SUM(D97-E97) -> 0 | N97: =SUM(E97,M97) -> 0
C98: Iš viso Lietuvoje: | D98: =SUM(D92:D97) -> 0 | E98: =SUM(E92:E97) -> 0 | F98: =SUM(F92:F97) -> 0 | G98: =SUM(G92:G97) -> 0 | H98: =SUM(H92:H97) -> 0 | I98: =SUM(I92:I97) -> 0 | J98: =SUM(J92:J97) -> 0 | K98: =SUM(K92:K97) -> 0 | ... N98: =SUM(N92:N97) -> 0
C99: dienos foto | D99: =SUM(D92:D97) -> 0 | E99: =SUM(E92:E97) -> 0 | F99: =SUM(F98:K98) -> 0 | L99: =SUM(L92:L97) -> 0 | M99: =SUM(M92:M97) -> 0 | N99: =SUM(N92:N97) -> 0 | O99: =SUM(O92) -> 0 | P99: =SUM(P92) -> 0 | T99: =$V$3+L11+L19+L27+L35+L43+L51+L59+L67+L75+L83+L91+L99 -> 45
A100: =OFFSET('0'!$B$112,($A$1-1)*10,$B100-1) -> SK | B100: =OFFSET('0'!$B$111,($A$1-1)*10,12) -> 13 | M100: =SUM(D100-E100) -> 0 | N100: =SUM(E100,M100) -> 0
...

Sheet Spalis
A1: 10
B2: Mėnesio diena | C2: Vardas, pavardė. Pamaina D/N | D2: Paimti ROIK pranešimai (skaičius) | E2: Apdorota | F2: INFORMUOTA | L2: Pasisavintų lėšų suma (visų pranešimų) | M2: Neapdorota (siųstos pajėgos) | N2: Kontrolinis | O2: Tikslinamos aplinkybės (M) | P2: Pradėta IT | Q2: Pastabos | T2: Kontr. Kasdienė eilutė (Žalos)
F3: Bankas | G3: RRT | H3: FNTT | I3: NKSC | J3: Facebook | K3: Kita/įrašyti | U3: Praeitų mėn. Žalos | V3: =SUM(V6:V14) -> 45
A4: =OFFSET('0'!$B$112,($A$1-1)*10,$B4-1) -> -- | B4: =OFFSET('0'!$B$111,($A$1-1)*10,0) -> 1 | L4: 10 | M4: =SUM(D4-E4) -> 0 | N4: =SUM(E4,M4) -> 0
M5: =SUM(D5-E5) -> 0 | N5: =SUM(E5,M5) -> 0 | U5: mėn.
M6: =SUM(D6-E6) -> 0 | N6: =SUM(E6,M6) -> 0 | U6: 1 | V6: =Sausis!L254 -> 1
M7: =SUM(D7-E7) -> 0 | N7: =SUM(E7,M7) -> 0 | U7: 2 | V7: =Vasaris!L254 -> 2
M8: =SUM(D8-E8) -> 0 | N8: =SUM(E8,M8) -> 0 | U8: 3 | V8: =Kovas!L254 -> 3
M9: =SUM(D9-E9) -> 0 | N9: =SUM(E9,M9) -> 0 | U9: 4 | V9: =Balandis!L254 -> 4
C10: Iš viso Lietuvoje: | D10: =SUM(D4:D9) -> 0 | E10: =SUM(E4:E9) -> 0 | F10: =SUM(F4:F9) -> 0 | G10: =SUM(G4:G9) -> 0 | H10: =SUM(H4:H9) -> 0 | I10: =SUM(I4:I9) -> 0 | J10: =SUM(J4:J9) -> 0 | K10: =SUM(K4:K9) -> 0 | ... N10: =SUM(N4:N9) -> 0 | U10: 5 | V10: =Gegužė!L254 -> 5
C11: dienos foto | D11: =SUM(D4:D9) -> 0 | E11: =SUM(E4:E9) -> 0 | F11: =SUM(F10:K10) -> 0 | L11: =SUM(L4:L9) -> 10 | M11: =SUM(M4:M9) -> 0 | N11: =SUM(N4:N9) -> 0 | O11: =SUM(O4) -> 0 | P11: =SUM(P4) -> 0 | T11: =$V$3+L11 -> 55 | U11: 6 | V11: =Birželis!L254 -> 6
A12: =OFFSET('0'!$B$112,($A$1-1)*10,$B12-1) -> -- | B12: =OFFSET('0'!$B$111,($A$1-1)*10,1) -> 2 | M12: =SUM(D12-E12) -> 0 | N12: =SUM(E12,M12) -> 0 | U12: 7 | V12: =Liepa!L254 -> 7
M13: =SUM(D13-E13) -> 0 | N13: =SUM(E13,M13) -> 0 | U13: 8 | V13: =Rugpjūtis!L254 -> 8
M14: =SUM(D14-E14) -> 0 | N14: =SUM(E14,M14) -> 0 | U14: 9 | V14: =Rugsėjis!L254 -> 9
M15: =SUM(D15-E15) -> 0 | N15: =SUM(E15,M15) -> 0 | U15: 10
M16: =SUM(D16-E16) -> 0 | N16: =SUM(E16,M16) -> 0 | U16: 11
M17: =SUM(D17-E17) -> 0 | N17: =SUM(E17,M17) -> 0
C18: Iš viso Lietuvoje: | D18: =SUM(D12:D17) -> 0 | E18: =SUM(E12:E17) -> 0 | F18: =SUM(F12:F17) -> 0 | G18: =SUM(G12:G17) -> 0 | H18: =SUM(H12:H17) -> 0 | I18: =SUM(I12:I17) -> 0 | J18: =SUM(J12:J17) -> 0 | K18: =SUM(K12:K17) -> 0 | ... N18: =SUM(N12:N17) -> 0
C19: dienos foto | D19: =SUM(D12:D17) -> 0 | E19: =SUM(E12:E17) -> 0 | F19: =SUM(F18:K18) -> 0 | L19: =SUM(L12:L17) -> 0 | M19: =SUM(M12:M17) -> 0 | N19: =SUM(N12:N17) -> 0 | O19: =SUM(O12) -> 0 | P19: =SUM(P12) -> 0 | T19: =$V$3+L11+L19 -> 55
A20: =OFFSET('0'!$B$112,($A$1-1)*10,$B20-1) -> SS | B20: =OFFSET('0'!$B$111,($A$1-1)*10,2) -> 3 | M20: =SUM(D20-E20) -> 0 | N20: =SUM(E20,M20) -> 0
M21: =SUM(D21-E21) -> 0 | N21: =SUM(E21,M21) -> 0
M22: =SUM(D22-E22) -> 0 | N22: =SUM(E22,M22) -> 0
M23: =SUM(D23-E23) -> 0 | N23: =SUM(E23,M23) -> 0
M24: =SUM(D24-E24) -> 0 | N24: =SUM(E24,M24) -> 0
M25: =SUM(D25-E25) -> 0 | N25: =SUM(E25,M25) -> 0
C26: Iš viso Lietuvoje: | D26: =SUM(D20:D25) -> 0 | E26: =SUM(E20:E25) -> 0 | F26: =SUM(F20:F25) -> 0 | G26: =SUM(G20:G25) -> 0 | H26: =SUM(H20:H25) -> 0 | I26: =SUM(I20:I25) -> 0 | J26: =SUM(J20:J25) -> 0 | K26: =SUM(K20:K25) -> 0 | ... N26: =SUM(N20:N25) -> 0
C27: dienos foto | D27: =SUM(D20:D25) -> 0 | E27: =SUM(E20:E25) -> 0 | F27: =SUM(F26:K26) -> 0 | L27: =SUM(L20:L25) -> 0 | M27: =SUM(M20:M25) -> 0 | N27: =SUM(N20:N25) -> 0 | O27: =SUM(O20) -> 0 | P27: =SUM(P20) -> 0 | T27: =$V$3++L11+L19+L27 -> 55
A28: =OFFSET('0'!$B$112,($A$1-1)*10,$B28-1) -> SK | B28: =OFFSET('0'!$B$111,($A$1-1)*10,3) -> 4 | M28: =SUM(D28-E28) -> 0 | N28: =SUM(E28,M28) -> 0
M29: =SUM(D29-E29) -> 0 | N29: =SUM(E29,M29) -> 0
M30: =SUM(D30-E30) -> 0 | N30: =SUM(E30,M30) -> 0
M31: =SUM(D31-E31) -> 0 | N31: =SUM(E31,M31) -> 0
M32: =SUM(D32-E32) -> 0 | N32: =SUM(E32,M32) -> 0
M33: =SUM(D33-E33) -> 0 | N33: =SUM(E33,M33) -> 0
C34: Iš viso Lietuvoje: | D34: =SUM(D28:D33) -> 0 | E34: =SUM(E28:E33) -> 0 | F34: =SUM(F28:F33) -> 0 | G34: =SUM(G28:G33) -> 0 | H34: =SUM(H28:H33) -> 0 | I34: =SUM(I28:I33) -> 0 | J34: =SUM(J28:J33) -> 0 | K34: =SUM(K28:K33) -> 0 | ... N34: =SUM(N28:N33) -> 0
C35: dienos foto | D35: =SUM(D28:D33) -> 0 | E35: =SUM(E28:E33) -> 0 | F35: =SUM(F34:K34) -> 0 | L35: =SUM(L28:L33) -> 0 | M35: =SUM(M28:M33) -> 0 | N35: =SUM(N28:N33) -> 0 | O35: =SUM(O28) -> 0 | P35: =SUM(P28) -> 0 | T35: =$V$3+L11+L19+L27+L35 -> 55
A36: =OFFSET('0'!$B$112,($A$1-1)*10,$B36-1) -> -- | B36: =OFFSET('0'!$B$111,($A$1-1)*10,4) -> 5 | M36: =SUM(D36-E36) -> 0 | N36: =SUM(E36,M36) -> 0
M37: =SUM(D37-E37) -> 0 | N37: =SUM(E37,M37) -> 0
M38: =SUM(D38-E38) -> 0 | N38: =SUM(E38,M38) -> 0
M39: =SUM(D39-E39) -> 0 | N39: =SUM(E39,M39) -> 0
M40: =SUM(D40-E40) -> 0 | N40: =SUM(E40,M40) -> 0
M41: =SUM(D41-E41) -> 0 | N41: =SUM(E41,M41) -> 0
C42: Iš viso Lietuvoje: | D42: =SUM(D36:D41) -> 0 | E42: =SUM(E36:E41) -> 0 | F42: =SUM(F36:F41) -> 0 | G42: =SUM(G36:G41) -> 0 | H42: =SUM(H36:H41) -> 0 | I42: =SUM(I36:I41) -> 0 | J42: =SUM(J36:J41) -> 0 | K42: =SUM(K36:K41) -> 0 | ... N42: =SUM(N36:N41) -> 0
C43: dienos foto | D43: =SUM(D36:D41) -> 0 | E43: =SUM(E36:E41) -> 0 | F43: =SUM(F42:K42) -> 0 | L43: =SUM(L36:L41) -> 0 | M43: =SUM(M36:M41) -> 0 | N43: =SUM(N36:N41) -> 0 | O43: =SUM(O36) -> 0 | P43: =SUM(P36) -> 0 | T43: =$V$3+L11+L19+L27+L35+L43 -> 55
A44: =OFFSET('0'!$B$112,($A$1-1)*10,$B44-1) -> -- | B44: =OFFSET('0'!$B$111,($A$1-1)*10,5) -> 6 | M44: =SUM(D44-E44) -> 0 | N44: =SUM(E44,M44) -> 0
M45: =SUM(D45-E45) -> 0 | N45: =SUM(E45,M45) -> 0
M46: =SUM(D46-E46) -> 0 | N46: =SUM(E46,M46) -> 0
M47: =SUM(D47-E47) -> 0 | N47: =SUM(E47,M47) -> 0
M48: =SUM(D48-E48) -> 0 | N48: =SUM(E48,M48) -> 0
M49: =SUM(D49-E49) -> 0 | N49: =SUM(E49,M49) -> 0
C50: Iš viso Lietuvoje: | D50: =SUM(D44:D49) -> 0 | E50: =SUM(E44:E49) -> 0 | F50: =SUM(F44:F49) -> 0 | G50: =SUM(G44:G49) -> 0 | H50: =SUM(H44:H49) -> 0 | I50: =SUM(I44:I49) -> 0 | J50: =SUM(J44:J49) -> 0 | K50: =SUM(K44:K49) -> 0 | ... N50: =SUM(N44:N49) -> 0
C51: dienos foto | D51: =SUM(D44:D49) -> 0 | E51: =SUM(E44:E49) -> 0 | F51: =SUM(F50:K50) -> 0 | L51: =SUM(L44:L49) -> 0 | M51: =SUM(M44:M49) -> 0 | N51: =SUM(N44:N49) -> 0 | O51: =SUM(O44) -> 0 | P51: =SUM(P44) -> 0 | T51: =$V$3+L11+L19+L27+L35+L43+L51 -> 55
A52: =OFFSET('0'!$B$112,($A$1-1)*10,$B52-1) -> -- | B52: =OFFSET('0'!$B$111,($A$1-1)*10,6) -> 7 | M52: =SUM(D52-E52) -> 0 | N52: =SUM(E52,M52) -> 0
M53: =SUM(D53-E53) -> 0 | N53: =SUM(E53,M53) -> 0
M54: =SUM(D54-E54) -> 0 | N54: =SUM(E54,M54) -> 0
M55: =SUM(D55-E55) -> 0 | N55: =SUM(E55,M55) -> 0
M56: =SUM(D56-E56) -> 0 | N56: =SUM(E56,M56) -> 0
M57: =SUM(D57-E57) -> 0 | N57: =SUM(E57,M57) -> 0
C58: Iš viso Lietuvoje: | D58: =SUM(D52:D57) -> 0 | E58: =SUM(E52:E57) -> 0 | F58: =SUM(F52:F57) -> 0 | G58: =SUM(G52:G57) -> 0 | H58: =SUM(H52:H57) -> 0 | I58: =SUM(I52:I57) -> 0 | J58: =SUM(J52:J57) -> 0 | K58: =SUM(K52:K57) -> 0 | ... N58: =SUM(N52:N57) -> 0
C59: dienos foto | D59: =SUM(D52:D57) -> 0 | E59: =SUM(E52:E57) -> 0 | F59: =SUM(F58:K58) -> 0 | L59: =SUM(L52:L57) -> 0 | M59: =SUM(M52:M57) -> 0 | N59: =SUM(N52:N57) -> 0 | O59: =SUM(O52) -> 0 | P59: =SUM(P52) -> 0 | T59: =$V$3+L11+L19+L27+L35+L43+L51+L59 -> 55
A60: =OFFSET('0'!$B$112,($A$1-1)*10,$B60-1) -> -- | B60: =OFFSET('0'!$B$111,($A$1-1)*10,7) -> 8 | M60: =SUM(D60-E60) -> 0 | N60: =SUM(E60,M60) -> 0
M61: =SUM(D61-E61) -> 0 | N61: =SUM(E61,M61) -> 0
M62: =SUM(D62-E62) -> 0 | N62: =SUM(E62,M62) -> 0
M63: =SUM(D63-E63) -> 0 | N63: =SUM(E63,M63) -> 0
M64: =SUM(D64-E64) -> 0 | N64: =SUM(E64,M64) -> 0
M65: =SUM(D65-E65) -> 0 | N65: =SUM(E65,M65) -> 0
C66: Iš viso Lietuvoje: | D66: =SUM(D60:D65) -> 0 | E66: =SUM(E60:E65) -> 0 | F66: =SUM(F60:F65) -> 0 | G66: =SUM(G60:G65) -> 0 | H66: =SUM(H60:H65) -> 0 | I66: =SUM(I60:I65) -> 0 | J66: =SUM(J60:J65) -> 0 | K66: =SUM(K60:K65) -> 0 | ... N66: =SUM(N60:N65) -> 0
C67: dienos foto | D67: =SUM(D60:D65) -> 0 | E67: =SUM(E60:E65) -> 0 | F67: =SUM(F66:K66) -> 0 | L67: =SUM(L60:L65) -> 0 | M67: =SUM(M60:M65) -> 0 | N67: =SUM(N60:N65) -> 0 | O67: =SUM(O60) -> 0 | P67: =SUM(P60) -> 0 | T67: =$V$3+L11+L19+L27+L35+L43+L51+L59+L67 -> 55
A68: =OFFSET('0'!$B$112,($A$1-1)*10,$B68-1) -> -- | B68: =OFFSET('0'!$B$111,($A$1-1)*10,8) -> 9 | M68: =SUM(D68-E68) -> 0 | N68: =SUM(E68,M68) -> 0
M69: =SUM(D69-E69) -> 0 | N69: =SUM(E69,M69) -> 0
M70: =SUM(D70-E70) -> 0 | N70: =SUM(E70,M70) -> 0
M71: =SUM(D71-E71) -> 0 | N71: =SUM(E71,M71) -> 0
M72: =SUM(D72-E72) -> 0 | N72: =SUM(E72,M72) -> 0
M73: =SUM(D73-E73) -> 0 | N73: =SUM(E73,M73) -> 0
C74: Iš viso Lietuvoje: | D74: =SUM(D68:D73) -> 0 | E74: =SUM(E68:E73) -> 0 | F74: =SUM(F68:F73) -> 0 | G74: =SUM(G68:G73) -> 0 | H74: =SUM(H68:H73) -> 0 | I74: =SUM(I68:I73) -> 0 | J74: =SUM(J68:J73) -> 0 | K74: =SUM(K68:K73) -> 0 | ... N74: =SUM(N68:N73) -> 0
C75: dienos foto | D75: =SUM(D68:D73) -> 0 | E75: =SUM(E68:E73) -> 0 | F75: =SUM(F74:K74) -> 0 | L75: =SUM(L68:L73) -> 0 | M75: =SUM(M68:M73) -> 0 | N75: =SUM(N68:N73) -> 0 | O75: =SUM(O68) -> 0 | P75: =SUM(P68) -> 0 | T75: =$V$3+L11+L19+L27+L35+L43+L51+L59+L67+L75 -> 55
A76: =OFFSET('0'!$B$112,($A$1-1)*10,$B76-1) -> SS | B76: =OFFSET('0'!$B$111,($A$1-1)*10,9) -> 10 | M76: =SUM(D76-E76) -> 0 | N76: =SUM(E76,M76) -> 0
M77: =SUM(D77-E77) -> 0 | N77: =SUM(E77,M77) -> 0
M78: =SUM(D78-E78) -> 0 | N78: =SUM(E78,M78) -> 0
M79: =SUM(D79-E79) -> 0 | N79: =SUM(E79,M79) -> 0
M80: =SUM(D80-E80) -> 0 | N80: =SUM(E80,M80) -> 0
M81: =SUM(D81-E81) -> 0 | N81: =SUM(E81,M81) -> 0
C82: Iš viso Lietuvoje: | D82: =SUM(D76:D81) -> 0 | E82: =SUM(E76:E81) -> 0 | F82: =SUM(F76:F81) -> 0 | G82: =SUM(G76:G81) -> 0 | H82: =SUM(H76:H81) -> 0 | I82: =SUM(I76:I81) -> 0 | J82: =SUM(J76:J81) -> 0 | K82: =SUM(K76:K81) -> 0 | ... N82: =SUM(N76:N81) -> 0
C83: dienos foto | D83: =SUM(D76:D81) -> 0 | E83: =SUM(E76:E81) -> 0 | F83: =SUM(F82:K82) -> 0 | L83: =SUM(L76:L81) -> 0 | M83: =SUM(M76:M81) -> 0 | N83: =SUM(N76:N81) -> 0 | O83: =SUM(O76) -> 0 | P83: =SUM(P76) -> 0 | T83: =$V$3+L11+L19+L27+L35+L43+L51+L59+L67+L75+L83 -> 55
A84: =OFFSET('0'!$B$112,($A$1-1)*10,$B84-1) -> SK | B84: =OFFSET('0'!$B$111,($A$1-1)*10,10) -> 11 | M84: =SUM(D84-E84) -> 0 | N84: =SUM(E84,M84) -> 0
M85: =SUM(D85-E85) -> 0 | N85: =SUM(E85,M85) -> 0
M86: =SUM(D86-E86) -> 0 | N86: =SUM(E86,M86) -> 0
M87: =SUM(D87-E87) -> 0 | N87: =SUM(E87,M87) -> 0
M88: =SUM(D88-E88) -> 0 | N88: =SUM(E88,M88) -> 0
M89: =SUM(D89-E89) -> 0 | N89: =SUM(E89,M89) -> 0
C90: Iš viso Lietuvoje: | D90: =SUM(D84:D89) -> 0 | E90: =SUM(E84:E89) -> 0 | F90: =SUM(F84:F89) -> 0 | G90: =SUM(G84:G89) -> 0 | H90: =SUM(H84:H89) -> 0 | I90: =SUM(I84:I89) -> 0 | J90: =SUM(J84:J89) -> 0 | K90: =SUM(K84:K89) -> 0 | ... N90: =SUM(N84:N89) -> 0
C91: dienos foto | D91: =SUM(D84:D89) -> 0 | E91: =SUM(E84:E89) -> 0 | F91: =SUM(F90:K90) -> 0 | L91: =SUM(L84:L89) -> 0 | M91: =SUM(M84:M89) -> 0 | N91: =SUM(N84:N89) -> 0 | O91: =SUM(O84) -> 0 | P91: =SUM(P84) -> 0 | T91: =$V$3+L11+L19+L27+L35+L43+L51+L59+L67+L75+L83+L91 -> 55
A92: =OFFSET('0'!$B$112,($A$1-1)*10,$B92-1) -> -- | B92: =OFFSET('0'!$B$111,($A$1-1)*10,11) -> 12 | M92: =SUM(D92-E92) -> 0 | N92: =SUM(E92,M92) -> 0
M93: =SUM(D93-E93) -> 0 | N93: =SUM(E93,M93) -> 0
M94: =SUM(D94-E94) -> 0 | N94: =SUM(E94,M94) -> 0
M95: =SUM(D95-E95) -> 0 | N95: =SUM(E95,M95) -> 0
M96: =SUM(D96-E96) -> 0 | N96: =SUM(E96,M96) -> 0
M97: =SUM(D97-E97) -> 0 | N97: =SUM(E97,M97) -> 0
C98: Iš viso Lietuvoje: | D98: =SUM(D92:D97) -> 0 | E98: =SUM(E92:E97) -> 0 | F98: =SUM(F92:F97) -> 0 | G98: =SUM(G92:G97) -> 0 | H98: =SUM(H92:H97) -> 0 | I98: =SUM(I92:I97) -> 0 | J98: =SUM(J92:J97) -> 0 | K98: =SUM(K92:K97) -> 0 | ... N98: =SUM(N92:N97) -> 0
C99: dienos foto | D99: =SUM(D92:D97) -> 0 | E99: =SUM(E92:E97) -> 0 | F99: =SUM(F98:K98) -> 0 | L99: =SUM(L92:L97) -> 0 | M99: =SUM(M92:M97) -> 0 | N99: =SUM(N92:N97) -> 0 | O99: =SUM(O92) -> 0 | P99: =SUM(P92) -> 0 | T99: =$V$3+L11+L19+L27+L35+L43+L51+L59+L67+L75+L83+L91+L99 -> 55
A100: =OFFSET('0'!$B$112,($A$1-1)*10,$B100-1) -> -- | B100: =OFFSET('0'!$B$111,($A$1-1)*10,12) -> 13 | M100: =SUM(D100-E100) -> 0 | N100: =SUM(E100,M100) -> 0
...

Sheet Lapkritis
A1: 11
B2: Mėnesio diena | C2: Vardas, pavardė. Pamaina D/N | D2: Paimti ROIK pranešimai (skaičius) | E2: Apdorota | F2: INFORMUOTA | L2: Pasisavintų lėšų suma (visų pranešimų) | M2: Neapdorota (siųstos pajėgos) | N2: Kontrolinis | O2: Tikslinamos aplinkybės (M) | P2: Pradėta IT | Q2: Pastabos | T2: Kontr. Kasdienė eilutė (Žalos)
F3: Bankas | G3: RRT | H3: FNTT | I3: NKSC | J3: Facebook | K3: Kita/įrašyti | U3: Praeitų mėn. Žalos | V3: =SUM(V6:V15) -> 55
A4: =OFFSET('0'!$B$112,($A$1-1)*10,$B4-1) -> SV | B4: =OFFSET('0'!$B$111,($A$1-1)*10,0) -> 1 | L4: 11 | M4: =SUM(D4-E4) -> 0 | N4: =SUM(E4,M4) -> 0
M5: =SUM(D5-E5) -> 0 | N5: =SUM(E5,M5) -> 0 | U5: mėn.
M6: =SUM(D6-E6) -> 0 | N6: =SUM(E6,M6) -> 0 | U6: 1 | V6: =Sausis!L254 -> 1
M7: =SUM(D7-E7) -> 0 | N7: =SUM(E7,M7) -> 0 | U7: 2 | V7: =Vasaris!L254 -> 2
M8: =SUM(D8-E8) -> 0 | N8: =SUM(E8,M8) -> 0 | U8: 3 | V8: =Kovas!L254 -> 3
M9: =SUM(D9-E9) -> 0 | N9: =SUM(E9,M9) -> 0 | U9: 4 | V9: =Balandis!L254 -> 4
C10: Iš viso Lietuvoje: | D10: =SUM(D4:D9) -> 0 | E10: =SUM(E4:E9) -> 0 | F10: =SUM(F4:F9) -> 0 | G10: =SUM(G4:G9) -> 0 | H10: =SUM(H4:H9) -> 0 | I10: =SUM(I4:I9) -> 0 | J10: =SUM(J4:J9) -> 0 | K10: =SUM(K4:K9) -> 0 | ... N10: =SUM(N4:N9) -> 0 | U10: 5 | V10: =Gegužė!L254 -> 5
C11: dienos foto | D11: =SUM(D4:D9) -> 0 | E11: =SUM(E4:E9) -> 0 | F11: =SUM(F10:K10) -> 0 | L11: =SUM(L4:L9) -> 11 | M11: =SUM(M4:M9) -> 0 | N11: =SUM(N4:N9) -> 0 | O11: =SUM(O4) -> 0 | P11: =SUM(P4) -> 0 | T11: =$V$3+L11 -> 66 | U11: 6 | V11: =Birželis!L254 -> 6
A12: =OFFSET('0'!$B$112,($A$1-1)*10,$B12-1) -> SV | B12: =OFFSET('0'!$B$111,($A$1-1)*10,1) -> 2 | M12: =SUM(D12-E12) -> 0 | N12: =SUM(E12,M12) -> 0 | U12: 7 | V12: =Liepa!L254 -> 7
M13: =SUM(D13-E13) -> 0 | N13: =SUM(E13,M13) -> 0 | U13: 8 | V13: =Rugpjūtis!L254 -> 8
M14: =SUM(D14-E14) -> 0 | N14: =SUM(E14,M14) -> 0 | U14: 9 | V14: =Rugsėjis!L254 -> 9
M15: =SUM(D15-E15) -> 0 | N15: =SUM(E15,M15) -> 0 | U15: 10 | V15: =Spalis!L254 -> 10
M16: =SUM(D16-E16) -> 0 | N16: =SUM(E16,M16) -> 0 | U16: 11
M17: =SUM(D17-E17) -> 0 | N17: =SUM(E17,M17) -> 0
C18: Iš viso Lietuvoje: | D18: =SUM(D12:D17) -> 0 | E18: =SUM(E12:E17) -> 0 | F18: =SUM(F12:F17) -> 0 | G18: =SUM(G12:G17) -> 0 | H18: =SUM(H12:H17) -> 0 | I18: =SUM(I12:I17) -> 0 | J18: =SUM(J12:J17) -> 0 | K18: =SUM(K12:K17) -> 0 | ... N18: =SUM(N12:N17) -> 0
C19: dienos foto | D19: =SUM(D12:D17) -> 0 | E19: =SUM(E12:E17) -> 0 | F19: =SUM(F18:K18) -> 0 | L19: =SUM(L12:L17) -> 0 | M19: =SUM(M12:M17) -> 0 | N19: =SUM(N12:N17) -> 0 | O19: =SUM(O12) -> 0 | P19: =SUM(P12) -> 0 | T19: =$V$3+L11+L19 -> 66
A20: =OFFSET('0'!$B$112,($A$1-1)*10,$B20-1) -> -- | B20: =OFFSET('0'!$B$111,($A$1-1)*10,2) -> 3 | M20: =SUM(D20-E20) -> 0 | N20: =SUM(E20,M20) -> 0
M21: =SUM(D21-E21) -> 0 | N21: =SUM(E21,M21) -> 0
M22: =SUM(D22-E22) -> 0 | N22: =SUM(E22,M22) -> 0
M23: =SUM(D23-E23) -> 0 | N23: =SUM(E23,M23) -> 0
M24: =SUM(D24-E24) -> 0 | N24: =SUM(E24,M24) -> 0
M25: =SUM(D25-E25) -> 0 | N25: =SUM(E25,M25) -> 0
C26: Iš viso Lietuvoje: | D26: =SUM(D20:D25) -> 0 | E26: =SUM(E20:E25) -> 0 | F26: =SUM(F20:F25) -> 0 | G26: =SUM(G20:G25) -> 0 | H26: =SUM(H20:H25) -> 0 | I26: =SUM(I20:I25) -> 0 | J26: =SUM(J20:J25) -> 0 | K26: =SUM(K20:K25) -> 0 | ... N26: =SUM(N20:N25) -> 0
C27: dienos foto | D27: =SUM(D20:D25) -> 0 | E27: =SUM(E20:E25) -> 0 | F27: =SUM(F26:K26) -> 0 | L27: =SUM(L20:L25) -> 0 | M27: =SUM(M20:M25) -> 0 | N27: =SUM(N20:N25) -> 0 | O27: =SUM(O20) -> 0 | P27: =SUM(P20) -> 0 | T27: =$V$3++L11+L19+L27 -> 66
A28: =OFFSET('0'!$B$112,($A$1-1)*10,$B28-1) -> -- | B28: =OFFSET('0'!$B$111,($A$1-1)*10,3) -> 4 | M28: =SUM(D28-E28) -> 0 | N28: =SUM(E28,M28) -> 0
M29: =SUM(D29-E29) -> 0 | N29: =SUM(E29,M29) -> 0
M30: =SUM(D30-E30) -> 0 | N30: =SUM(E30,M30) -> 0
M31: =SUM(D31-E31) -> 0 | N31: =SUM(E31,M31) -> 0
M32: =SUM(D32-E32) -> 0 | N32: =SUM(E32,M32) -> 0
M33: =SUM(D33-E33) -> 0 | N33: =SUM(E33,M33) -> 0
C34: Iš viso Lietuvoje: | D34: =SUM(D28:D33) -> 0 | E34: =SUM(E28:E33) -> 0 | F34: =SUM(F28:F33) -> 0 | G34: =SUM(G28:G33) -> 0 | H34: =SUM(H28:H33) -> 0 | I34: =SUM(I28:I33) -> 0 | J34: =SUM(J28:J33) -> 0 | K34: =SUM(K28:K33) -> 0 | ... N34: =SUM(N28:N33) -> 0
C35: dienos foto | D35: =SUM(D28:D33) -> 0 | E35: =SUM(E28:E33) -> 0 | F35: =SUM(F34:K34) -> 0 | L35: =SUM(L28:L33) -> 0 | M35: =SUM(M28:M33) -> 0 | N35: =SUM(N28:N33) -> 0 | O35: =SUM(O28) -> 0 | P35: =SUM(P28) -> 0 | T35: =$V$3+L11+L19+L27+L35 -> 66
A36: =OFFSET('0'!$B$112,($A$1-1)*10,$B36-1) -> -- | B36: =OFFSET('0'!$B$111,($A$1-1)*10,4) -> 5 | M36: =SUM(D36-E36) -> 0 | N36: =SUM(E36,M36) -> 0
M37: =SUM(D37-E37) -> 0 | N37: =SUM(E37,M37) -> 0
M38: =SUM(D38-E38) -> 0 | N38: =SUM(E38,M38) -> 0
M39: =SUM(D39-E39) -> 0 | N39: =SUM(E39,M39) -> 0
M40: =SUM(D40-E40) -> 0 | N40: =SUM(E40,M40) -> 0
M41: =SUM(D41-E41) -> 0 | N41: =SUM(E41,M41) -> 0
C42: Iš viso Lietuvoje: | D42: =SUM(D36:D41) -> 0 | E42: =SUM(E36:E41) -> 0 | F42: =SUM(F36:F41) -> 0 | G42: =SUM(G36:G41) -> 0 | H42: =SUM(H36:H41) -> 0 | I42: =SUM(I36:I41) -> 0 | J42: =SUM(J36:J41) -> 0 | K42: =SUM(K36:K41) -> 0 | ... N42: =SUM(N36:N41) -> 0
C43: dienos foto | D43: =SUM(D36:D41) -> 0 | E43: =SUM(E36:E41) -> 0 | F43: =SUM(F42:K42) -> 0 | L43: =SUM(L36:L41) -> 0 | M43: =SUM(M36:M41) -> 0 | N43: =SUM(N36:N41) -> 0 | O43: =SUM(O36) -> 0 | P43: =SUM(P36) -> 0 | T43: =$V$3+L11+L19+L27+L35+L43 -> 66
A44: =OFFSET('0'!$B$112,($A$1-1)*10,$B44-1) -> -- | B44: =OFFSET('0'!$B$111,($A$1-1)*10,5) -> 6 | M44: =SUM(D44-E44) -> 0 | N44: =SUM(E44,M44) -> 0
M45: =SUM(D45-E45) -> 0 | N45: =SUM(E45,M45) -> 0
M46: =SUM(D46-E46) -> 0 | N46: =SUM(E46,M46) -> 0
M47: =SUM(D47-E47) -> 0 | N47: =SUM(E47,M47) -> 0
M48: =SUM(D48-E48) -> 0 | N48: =SUM(E48,M48) -> 0
M49: =SUM(D49-E49) -> 0 | N49: =SUM(E49,M49) -> 0
C50: Iš viso Lietuvoje: | D50: =SUM(D44:D49) -> 0 | E50: =SUM(E44:E49) -> 0 | F50: =SUM(F44:F49) -> 0 | G50: =SUM(G44:G49) -> 0 | H50: =SUM(H44:H49) -> 0 | I50: =SUM(I44:I49) -> 0 | J50: =SUM(J44:J49) -> 0 | K50: =SUM(K44:K49) -> 0 | ... N50: =SUM(N44:N49) -> 0
C51: dienos foto | D51: =SUM(D44:D49) -> 0 | E51: =SUM(E44:E49) -> 0 | F51: =SUM(F50:K50) -> 0 | L51: =SUM(L44:L49) -> 0 | M51: =SUM(M44:M49) -> 0 | N51: =SUM(N44:N49) -> 0 | O51: =SUM(O44) -> 0 | P51: =SUM(P44) -> 0 | T51: =$V$3+L11+L19+L27+L35+L43+L51 -> 66
A52: =OFFSET('0'!$B$112,($A$1-1)*10,$B52-1) -> SS | B52: =OFFSET('0'!$B$111,($A$1-1)*10,6) -> 7 | M52: =SUM(D52-E52) -> 0 | N52: =SUM(E52,M52) -> 0
M53: =SUM(D53-E53) -> 0 | N53: =SUM(E53,M53) -> 0
M54: =SUM(D54-E54) -> 0 | N54: =SUM(E54,M54) -> 0
M55: =SUM(D55-E55) -> 0 | N55: =SUM(E55,M55) -> 0
M56: =SUM(D56-E56) -> 0 | N56: =SUM(E56,M56) -> 0
M57: =SUM(D57-E57) -> 0 | N57: =SUM(E57,M57) -> 0
C58: Iš viso Lietuvoje: | D58: =SUM(D52:D57) -> 0 | E58: =SUM(E52:E57) -> 0 | F58: =SUM(F52:F57) -> 0 | G58: =SUM(G52:G57) -> 0 | H58: =SUM(H52:H57) -> 0 | I58: =SUM(I52:I57) -> 0 | J58: =SUM(J52:J57) -> 0 | K58: =SUM(K52:K57) -> 0 | ... N58: =SUM(N52:N57) -> 0
C59: dienos foto | D59: =SUM(D52:D57) -> 0 | E59: =SUM(E52:E57) -> 0 | F59: =SUM(F58:K58) -> 0 | L59: =SUM(L52:L57) -> 0 | M59: =SUM(M52:M57) -> 0 | N59: =SUM(N52:N57) -> 0 | O59: =SUM(O52) -> 0 | P59: =SUM(P52) -> 0 | T59: =$V$3+L11+L19+L27+L35+L43+L51+L59 -> 66
A60: =OFFSET('0'!$B$112,($A$1-1)*10,$B60-1) -> SK | B60: =OFFSET('0'!$B$111,($A$1-1)*10,7) -> 8 | M60: =SUM(D60-E60) -> 0 | N60: =SUM(E60,M60) -> 0
M61: =SUM(D61-E61) -> 0 | N61: =SUM(E61,M61) -> 0
M62: =SUM(D62-E62) -> 0 | N62: =SUM(E62,M62) -> 0
M63: =SUM(D63-E63) -> 0 | N63: =SUM(E63,M63) -> 0
M64: =SUM(D64-E64) -> 0 | N64: =SUM(E64,M64) -> 0
M65: =SUM(D65-E65) -> 0 | N65: =SUM(E65,M65) -> 0
C66: Iš viso Lietuvoje: | D66: =SUM(D60:D65) -> 0 | E66: =SUM(E60:E65) -> 0 | F66: =SUM(F60:F65) -> 0 | G66: =SUM(G60:G65) -> 0 | H66: =SUM(H60:H65) -> 0 | I66: =SUM(I60:I65) -> 0 | J66: =SUM(J60:J65) -> 0 | K66: =SUM(K60:K65) -> 0 | ... N66: =SUM(N60:N65) -> 0
C67: dienos foto | D67: =SUM(D60:D65) -> 0 | E67: =SUM(E60:E65) -> 0 | F67: =SUM(F66:K66) -> 0 | L67: =SUM(L60:L65) -> 0 | M67: =SUM(M60:M65) -> 0 | N67: =SUM(N60:N65) -> 0 | O67: =SUM(O60) -> 0 | P67: =SUM(P60) -> 0 | T67: =$V$3+L11+L19+L27+L35+L43+L51+L59+L67 -> 66
A68: =OFFSET('0'!$B$112,($A$1-1)*10,$B68-1) -> -- | B68: =OFFSET('0'!$B$111,($A$1-1)*10,8) -> 9 | M68: =SUM(D68-E68) -> 0 | N68: =SUM(E68,M68) -> 0
M69: =SUM(D69-E69) -> 0 | N69: =SUM(E69,M69) -> 0
M70: =SUM(D70-E70) -> 0 | N70: =SUM(E70,M70) -> 0
M71: =SUM(D71-E71) -> 0 | N71: =SUM(E71,M71) -> 0
M72: =SUM(D72-E72) -> 0 | N72: =SUM(E72,M72) -> 0
M73: =SUM(D73-E73) -> 0 | N73: =SUM(E73,M73) -> 0
C74: Iš viso Lietuvoje: | D74: =SUM(D68:D73) -> 0 | E74: =SUM(E68:E73) -> 0 | F74: =SUM(F68:F73) -> 0 | G74: =SUM(G68:G73) -> 0 | H74: =SUM(H68:H73) -> 0 | I74: =SUM(I68:I73) -> 0 | J74: =SUM(J68:J73) -> 0 | K74: =SUM(K68:K73) -> 0 | ... N74: =SUM(N68:N73) -> 0
C75: dienos foto | D75: =SUM(D68:D73) -> 0 | E75: =SUM(E68:E73) -> 0 | F75: =SUM(F74:K74) -> 0 | L75: =SUM(L68:L73) -> 0 | M75: =SUM(M68:M73) -> 0 | N75: =SUM(N68:N73) -> 0 | O75: =SUM(O68) -> 0 | P75: =SUM(P68) -> 0 | T75: =$V$3+L11+L19+L27+L35+L43+L51+L59+L67+L75 -> 66
A76: =OFFSET('0'!$B$112,($A$1-1)*10,$B76-1) -> -- | B76: =OFFSET('0'!$B$111,($A$1-1)*10,9) -> 10 | M76: =SUM(D76-E76) -> 0 | N76: =SUM(E76,M76) -> 0
M77: =SUM(D77-E77) -> 0 | N77: =SUM(E77,M77) -> 0
M78: =SUM(D78-E78) -> 0 | N78: =SUM(E78,M78) -> 0
M79: =SUM(D79-E79) -> 0 | N79: =SUM(E79,M79) -> 0
M80: =SUM(D80-E80) -> 0 | N80: =SUM(E80,M80) -> 0
M81: =SUM(D81-E81) -> 0 | N81: =SUM(E81,M81) -> 0
C82: Iš viso Lietuvoje: | D82: =SUM(D76:D81) -> 0 | E82: =SUM(E76:E81) -> 0 | F82: =SUM(F76:F81) -> 0 | G82: =SUM(G76:G81) -> 0 | H82: =SUM(H76:H81) -> 0 | I82: =SUM(I76:I81) -> 0 | J82: =SUM(J76:J81) -> 0 | K82: =SUM(K76:K81) -> 0 | ... N82: =SUM(N76:N81) -> 0
C83: dienos foto | D83: =SUM(D76:D81) -> 0 | E83: =SUM(E76:E81) -> 0 | F83: =SUM(F82:K82) -> 0 | L83: =SUM(L76:L81) -> 0 | M83: =SUM(M76:M81) -> 0 | N83: =SUM(N76:N81) -> 0 | O83: =SUM(O76) -> 0 | P83: =SUM(P76) -> 0 | T83: =$V$3+L11+L19+L27+L35+L43+L51+L59+L67+L75+L83 -> 66
A84: =OFFSET('0'!$B$112,($A$1-1)*10,$B84-1) -> -- | B84: =OFFSET('0'!$B$111,($A$1-1)*10,10) -> 11 | M84: =SUM(D84-E84) -> 0 | N84: =SUM(E84,M84) -> 0
M85: =SUM(D85-E85) -> 0 | N85: =SUM(E85,M85) -> 0
M86: =SUM(D86-E86) -> 0 | N86: =SUM(E86,M86) -> 0
M87: =SUM(D87-E87) -> 0 | N87: =SUM(E87,M87) -> 0
M88: =SUM(D88-E88) -> 0 | N88: =SUM(E88,M88) -> 0
M89: =SUM(D89-E89) -> 0 | N89: =SUM(E89,M89) -> 0
C90: Iš viso Lietuvoje: | D90: =SUM(D84:D89) -> 0 | E90: =SUM(E84:E89) -> 0 | F90: =SUM(F84:F89) -> 0 | G90: =SUM(G84:G89) -> 0 | H90: =SUM(H84:H89) -> 0 | I90: =SUM(I84:I89) -> 0 | J90: =SUM(J84:J89) -> 0 | K90: =SUM(K84:K89) -> 0 | ... N90: =SUM(N84:N89) -> 0
C91: dienos foto | D91: =SUM(D84:D89) -> 0 | E91: =SUM(E84:E89) -> 0 | F91: =SUM(F90:K90) -> 0 | L91: =SUM(L84:L89) -> 0 | M91: =SUM(M84:M89) -> 0 | N91: =SUM(N84:N89) -> 0 | O91: =SUM(O84) -> 0 | P91: =SUM(P84) -> 0 | T91: =$V$3+L11+L19+L27+L35+L43+L51+L59+L67+L75+L83+L91 -> 66
A92: =OFFSET('0'!$B$112,($A$1-1)*10,$B92-1) -> -- | B92: =OFFSET('0'!$B$111,($A$1-1)*10,11) -> 12 | M92: =SUM(D92-E92) -> 0 | N92: =SUM(E92,M92) -> 0
M93: =SUM(D93-E93) -> 0 | N93: =SUM(E93,M93) -> 0
M94: =SUM(D94-E94) -> 0 | N94: =SUM(E94,M94) -> 0
M95: =SUM(D95-E95) -> 0 | N95: =SUM(E95,M95) -> 0
M96: =SUM(D96-E96) -> 0 | N96: =SUM(E96,M96) -> 0
M97: =SUM(D97-E97) -> 0 | N97: =SUM(E97,M97) -> 0
C98: Iš viso Lietuvoje: | D98: =SUM(D92:D97) -> 0 | E98: =SUM(E92:E97) -> 0 | F98: =SUM(F92:F97) -> 0 | G98: =SUM(G92:G97) -> 0 | H98: =SUM(H92:H97) -> 0 | I98: =SUM(I92:I97) -> 0 | J98: =SUM(J92:J97) -> 0 | K98: =SUM(K92:K97) -> 0 | ... N98: =SUM(N92:N97) -> 0
C99: dienos foto | D99: =SUM(D92:D97) -> 0 | E99: =SUM(E92:E97) -> 0 | F99: =SUM(F98:K98) -> 0 | L99: =SUM(L92:L97) -> 0 | M99: =SUM(M92:M97) -> 0 | N99: =SUM(N92:N97) -> 0 | O99: =SUM(O92) -> 0 | P99: =SUM(P92) -> 0 | T99: =$V$3+L11+L19+L27+L35+L43+L51+L59+L67+L75+L83+L91+L99 -> 66
A100: =OFFSET('0'!$B$112,($A$1-1)*10,$B100-1) -> -- | B100: =OFFSET('0'!$B$111,($A$1-1)*10,12) -> 13 | M100: =SUM(D100-E100) -> 0 | N100: =SUM(E100,M100) -> 0
...

Sheet Gruodis
A1: 12
B2: Mėnesio diena | C2: Vardas, pavardė. Pamaina D/N | D2: Paimti ROIK pranešimai (skaičius) | E2: Apdorota | F2: INFORMUOTA | L2: Pasisavintų lėšų suma (visų pranešimų) | M2: Neapdorota (siųstos pajėgos) | N2: Kontrolinis | O2: Tikslinamos aplinkybės (M) | P2: Pradėta IT | Q2: Pastabos | T2: Kontr. Kasdienė eilutė (Žalos)
F3: Bankas | G3: RRT | H3: FNTT | I3: NKSC | J3: Facebook | K3: Kita/įrašyti | U3: Praeitų mėn. Žalos | V3: =SUM(V6:V16) -> 66
A4: =OFFSET('0'!$B$112,($A$1-1)*10,$B4-1) -> -- | B4: =OFFSET('0'!$B$111,($A$1-1)*10,0) -> 1 | L4: 12 | M4: =SUM(D4-E4) -> 0 | N4: =SUM(E4,M4) -> 0
M5: =SUM(D5-E5) -> 0 | N5: =SUM(E5,M5) -> 0 | U5: mėn.
M6: =SUM(D6-E6) -> 0 | N6: =SUM(E6,M6) -> 0 | U6: 1 | V6: =Sausis!L254 -> 1
M7: =SUM(D7-E7) -> 0 | N7: =SUM(E7,M7) -> 0 | U7: 2 | V7: =Vasaris!L254 -> 2
M8: =SUM(D8-E8) -> 0 | N8: =SUM(E8,M8) -> 0 | U8: 3 | V8: =Kovas!L254 -> 3
M9: =SUM(D9-E9) -> 0 | N9: =SUM(E9,M9) -> 0 | U9: 4 | V9: =Balandis!L254 -> 4
C10: Iš viso Lietuvoje: | D10: =SUM(D4:D9) -> 0 | E10: =SUM(E4:E9) -> 0 | F10: =SUM(F4:F9) -> 0 | G10: =SUM(G4:G9) -> 0 | H10: =SUM(H4:H9) -> 0 | I10: =SUM(I4:I9) -> 0 | J10: =SUM(J4:J9) -> 0 | K10: =SUM(K4:K9) -> 0 | ... N10: =SUM(N4:N9) -> 0 | U10: 5 | V10: =Gegužė!L254 -> 5
C11: dienos foto | D11: =SUM(D4:D9) -> 0 | E11: =SUM(E4:E9) -> 0 | F11: =SUM(F10:K10) -> 0 | L11: =SUM(L4:L9) -> 12 | M11: =SUM(M4:M9) -> 0 | N11: =SUM(N4:N9) -> 0 | O11: =SUM(O4) -> 0 | P11: =SUM(P4) -> 0 | T11: =$V$3+L11 -> 78 | U11: 6 | V11: =Birželis!L254 -> 6
A12: =OFFSET('0'!$B$112,($A$1-1)*10,$B12-1) -> -- | B12: =OFFSET('0'!$B$111,($A$1-1)*10,1) -> 2 | M12: =SUM(D12-E12) -> 0 | N12: =SUM(E12,M12) -> 0 | U12: 7 | V12: =Liepa!L254 -> 7
M13: =SUM(D13-E13) -> 0 | N13: =SUM(E13,M13) -> 0 | U13: 8 | V13: =Rugpjūtis!L254 -> 8
M14: =SUM(D14-E14) -> 0 | N14: =SUM(E14,M14) -> 0 | U14: 9 | V14: =Rugsėjis!L254 -> 9
M15: =SUM(D15-E15) -> 0 | N15: =SUM(E15,M15) -> 0 | U15: 10 | V15: =Spalis!L254 -> 10
M16: =SUM(D16-E16) -> 0 | N16: =SUM(E16,M16) -> 0 | U16: 11 | V16: =Lapkritis!L254 -> 11
M17: =SUM(D17-E17) -> 0 | N17: =SUM(E17,M17) -> 0
C18: Iš viso Lietuvoje: | D18: =SUM(D12:D17) -> 0 | E18: =SUM(E12:E17) -> 0 | F18: =SUM(F12:F17) -> 0 | G18: =SUM(G12:G17) -> 0 | H18: =SUM(H12:H17) -> 0 | I18: =SUM(I12:I17) -> 0 | J18: =SUM(J12:J17) -> 0 | K18: =SUM(K12:K17) -> 0 | ... N18: =SUM(N12:N17) -> 0
C19: dienos foto | D19: =SUM(D12:D17) -> 0 | E19: =SUM(E12:E17) -> 0 | F19: =SUM(F18:K18) -> 0 | L19: =SUM(L12:L17) -> 0 | M19: =SUM(M12:M17) -> 0 | N19: =SUM(N12:N17) -> 0 | O19: =SUM(O12) -> 0 | P19: =SUM(P12) -> 0 | T19: =$V$3+L11+L19 -> 78
A20: =OFFSET('0'!$B$112,($A$1-1)*10,$B20-1) -> -- | B20: =OFFSET('0'!$B$111,($A$1-1)*10,2) -> 3 | M20: =SUM(D20-E20) -> 0 | N20: =SUM(E20,M20) -> 0
M21: =SUM(D21-E21) -> 0 | N21: =SUM(E21,M21) -> 0
M22: =SUM(D22-E22) -> 0 | N22: =SUM(E22,M22) -> 0
M23: =SUM(D23-E23) -> 0 | N23: =SUM(E23,M23) -> 0
M24: =SUM(D24-E24) -> 0 | N24: =SUM(E24,M24) -> 0
M25: =SUM(D25-E25) -> 0 | N25: =SUM(E25,M25) -> 0
C26: Iš viso Lietuvoje: | D26: =SUM(D20:D25) -> 0 | E26: =SUM(E20:E25) -> 0 | F26: =SUM(F20:F25) -> 0 | G26: =SUM(G20:G25) -> 0 | H26: =SUM(H20:H25) -> 0 | I26: =SUM(I20:I25) -> 0 | J26: =SUM(J20:J25) -> 0 | K26: =SUM(K20:K25) -> 0 | ... N26: =SUM(N20:N25) -> 0
C27: dienos foto | D27: =SUM(D20:D25) -> 0 | E27: =SUM(E20:E25) -> 0 | F27: =SUM(F26:K26) -> 0 | L27: =SUM(L20:L25) -> 0 | M27: =SUM(M20:M25) -> 0 | N27: =SUM(N20:N25) -> 0 | O27: =SUM(O20) -> 0 | P27: =SUM(P20) -> 0 | T27: =$V$3++L11+L19+L27 -> 78
A28: =OFFSET('0'!$B$112,($A$1-1)*10,$B28-1) -> -- | B28: =OFFSET('0'!$B$111,($A$1-1)*10,3) -> 4 | M28: =SUM(D28-E28) -> 0 | N28: =SUM(E28,M28) -> 0
M29: =SUM(D29-E29) -> 0 | N29: =SUM(E29,M29) -> 0
M30: =SUM(D30-E30) -> 0 | N30: =SUM(E30,M30) -> 0
M31: =SUM(D31-E31) -> 0 | N31: =SUM(E31,M31) -> 0
M32: =SUM(D32-E32) -> 0 | N32: =SUM(E32,M32) -> 0
M33: =SUM(D33-E33) -> 0 | N33: =SUM(E33,M33) -> 0
C34: Iš viso Lietuvoje: | D34: =SUM(D28:D33) -> 0 | E34: =SUM(E28:E33) -> 0 | F34: =SUM(F28:F33) -> 0 | G34: =SUM(G28:G33) -> 0 | H34: =SUM(H28:H33) -> 0 | I34: =SUM(I28:I33) -> 0 | J34: =SUM(J28:J33) -> 0 | K34: =SUM(K28:K33) -> 0 | ... N34: =SUM(N28:N33) -> 0
C35: dienos foto | D35: =SUM(D28:D33) -> 0 | E35: =SUM(E28:E33) -> 0 | F35: =SUM(F34:K34) -> 0 | L35: =SUM(L28:L33) -> 0 | M35: =SUM(M28:M33) -> 0 | N35: =SUM(N28:N33) -> 0 | O35: =SUM(O28) -> 0 | P35: =SUM(P28) -> 0 | T35: =$V$3+L11+L19+L27+L35 -> 78
A36: =OFFSET('0'!$B$112,($A$1-1)*10,$B36-1) -> SS | B36: =OFFSET('0'!$B$111,($A$1-1)*10,4) -> 5 | M36: =SUM(D36-E36) -> 0 | N36: =SUM(E36,M36) -> 0
M37: =SUM(D37-E37) -> 0 | N37: =SUM(E37,M37) -> 0
M38: =SUM(D38-E38) -> 0 | N38: =SUM(E38,M38) -> 0
M39: =SUM(D39-E39) -> 0 | N39: =SUM(E39,M39) -> 0
M40: =SUM(D40-E40) -> 0 | N40: =SUM(E40,M40) -> 0
M41: =SUM(D41-E41) -> 0 | N41: =SUM(E41,M41) -> 0
C42: Iš viso Lietuvoje: | D42: =SUM(D36:D41) -> 0 | E42: =SUM(E36:E41) -> 0 | F42: =SUM(F36:F41) -> 0 | G42: =SUM(G36:G41) -> 0 | H42: =SUM(H36:H41) -> 0 | I42: =SUM(I36:I41) -> 0 | J42: =SUM(J36:J41) -> 0 | K42: =SUM(K36:K41) -> 0 | ... N42: =SUM(N36:N41) -> 0
C43: dienos foto | D43: =SUM(D36:D41) -> 0 | E43: =SUM(E36:E41) -> 0 | F43: =SUM(F42:K42) -> 0 | L43: =SUM(L36:L41) -> 0 | M43: =SUM(M36:M41) -> 0 | N43: =SUM(N36:N41) -> 0 | O43: =SUM(O36) -> 0 | P43: =SUM(P36) -> 0 | T43: =$V$3+L11+L19+L27+L35+L43 -> 78
A44: =OFFSET('0'!$B$112,($A$1-1)*10,$B44-1) -> SK | B44: =OFFSET('0'!$B$111,($A$1-1)*10,5) -> 6 | M44: =SUM(D44-E44) -> 0 | N44: =SUM(E44,M44) -> 0
M45: =SUM(D45-E45) -> 0 | N45: =SUM(E45,M45) -> 0
M46: =SUM(D46-E46) -> 0 | N46: =SUM(E46,M46) -> 0
M47: =SUM(D47-E47) -> 0 | N47: =SUM(E47,M47) -> 0
M48: =SUM(D48-E48) -> 0 | N48: =SUM(E48,M48) -> 0
M49: =SUM(D49-E49) -> 0 | N49: =SUM(E49,M49) -> 0
C50: Iš viso Lietuvoje: | D50: =SUM(D44:D49) -> 0 | E50: =SUM(E44:E49) -> 0 | F50: =SUM(F44:F49) -> 0 | G50: =SUM(G44:G49) -> 0 | H50: =SUM(H44:H49) -> 0 | I50: =SUM(I44:I49) -> 0 | J50: =SUM(J44:J49) -> 0 | K50: =SUM(K44:K49) -> 0 | ... N50: =SUM(N44:N49) -> 0
C51: dienos foto | D51: =SUM(D44:D49) -> 0 | E51: =SUM(E44:E49) -> 0 | F51: =SUM(F50:K50) -> 0 | L51: =SUM(L44:L49) -> 0 | M51: =SUM(M44:M49) -> 0 | N51: =SUM(N44:N49) -> 0 | O51: =SUM(O44) -> 0 | P51: =SUM(P44) -> 0 | T51: =$V$3+L11+L19+L27+L35+L43+L51 -> 78
A52: =OFFSET('0'!$B$112,($A$1-1)*10,$B52-1) -> -- | B52: =OFFSET('0'!$B$111,($A$1-1)*10,6) -> 7 | M52: =SUM(D52-E52) -> 0 | N52: =SUM(E52,M52) -> 0
M53: =SUM(D53-E53) -> 0 | N53: =SUM(E53,M53) -> 0
M54: =SUM(D54-E54) -> 0 | N54: =SUM(E54,M54) -> 0
M55: =SUM(D55-E55) -> 0 | N55: =SUM(E55,M55) -> 0
M56: =SUM(D56-E56) -> 0 | N56: =SUM(E56,M56) -> 0
M57: =SUM(D57-E57) -> 0 | N57: =SUM(E57,M57) -> 0
C58: Iš viso Lietuvoje: | D58: =SUM(D52:D57) -> 0 | E58: =SUM(E52:E57) -> 0 | F58: =SUM(F52:F57) -> 0 | G58: =SUM(G52:G57) -> 0 | H58: =SUM(H52:H57) -> 0 | I58: =SUM(I52:I57) -> 0 | J58: =SUM(J52:J57) -> 0 | K58: =SUM(K52:K57) -> 0 | ... N58: =SUM(N52:N57) -> 0
C59: dienos foto | D59: =SUM(D52:D57) -> 0 | E59: =SUM(E52:E57) -> 0 | F59: =SUM(F58:K58) -> 0 | L59: =SUM(L52:L57) -> 0 | M59: =SUM(M52:M57) -> 0 | N59: =SUM(N52:N57) -> 0 | O59: =SUM(O52) -> 0 | P59: =SUM(P52) -> 0 | T59: =$V$3+L11+L19+L27+L35+L43+L51+L59 -> 78
A60: =OFFSET('0'!$B$112,($A$1-1)*10,$B60-1) -> -- | B60: =OFFSET('0'!$B$111,($A$1-1)*10,7) -> 8 | M60: =SUM(D60-E60) -> 0 | N60: =SUM(E60,M60) -> 0
M61: =SUM(D61-E61) -> 0 | N61: =SUM(E61,M61) -> 0
M62: =SUM(D62-E62) -> 0 | N62: =SUM(E62,M62) -> 0
M63: =SUM(D63-E63) -> 0 | N63: =SUM(E63,M63) -> 0
M64: =SUM(D64-E64) -> 0 | N64: =SUM(E64,M64) -> 0
M65: =SUM(D65-E65) -> 0 | N65: =SUM(E65,M65) -> 0
C66: Iš viso Lietuvoje: | D66: =SUM(D60:D65) -> 0 | E66: =SUM(E60:E65) -> 0 | F66: =SUM(F60:F65) -> 0 | G66: =SUM(G60:G65) -> 0 | H66: =SUM(H60:H65) -> 0 | I66: =SUM(I60:I65) -> 0 | J66: =SUM(J60:J65) -> 0 | K66: =SUM(K60:K65) -> 0 | ... N66: =SUM(N60:N65) -> 0
C67: dienos foto | D67: =SUM(D60:D65) -> 0 | E67: =SUM(E60:E65) -> 0 | F67: =SUM(F66:K66) -> 0 | L67: =SUM(L60:L65) -> 0 | M67: =SUM(M60:M65) -> 0 | N67: =SUM(N60:N65) -> 0 | O67: =SUM(O60) -> 0 | P67: =SUM(P60) -> 0 | T67: =$V$3+L11+L19+L27+L35+L43+L51+L59+L67 -> 78
A68: =OFFSET('0'!$B$112,($A$1-1)*10,$B68-1) -> -- | B68: =OFFSET('0'!$B$111,($A$1-1)*10,8) -> 9 | M68: =SUM(D68-E68) -> 0 | N68: =SUM(E68,M68) -> 0
M69: =SUM(D69-E69) -> 0 | N69: =SUM(E69,M69) -> 0
M70: =SUM(D70-E70) -> 0 | N70: =SUM(E70,M70) -> 0
M71: =SUM(D71-E71) -> 0 | N71: =SUM(E71,M71) -> 0
M72: =SUM(D72-E72) -> 0 | N72: =SUM(E72,M72) -> 0
M73: =SUM(D73-E73) -> 0 | N73: =SUM(E73,M73) -> 0
C74: Iš viso Lietuvoje: | D74: =SUM(D68:D73) -> 0 | E74: =SUM(E68:E73) -> 0 | F74: =SUM(F68:F73) -> 0 | G74: =SUM(G68:G73) -> 0 | H74: =SUM(H68:H73) -> 0 | I74: =SUM(I68:I73) -> 0 | J74: =SUM(J68:J73) -> 0 | K74: =SUM(K68:K73) -> 0 | ... N74: =SUM(N68:N73) -> 0
C75: dienos foto | D75: =SUM(D68:D73) -> 0 | E75: =SUM(E68:E73) -> 0 | F75: =SUM(F74:K74) -> 0 | L75: =SUM(L68:L73) -> 0 | M75: =SUM(M68:M73) -> 0 | N75: =SUM(N68:N73) -> 0 | O75: =SUM(O68) -> 0 | P75: =SUM(P68) -> 0 | T75: =$V$3+L11+L19+L27+L35+L43+L51+L59+L67+L75 -> 78
A76: =OFFSET('0'!$B$112,($A$1-1)*10,$B76-1) -> -- | B76: =OFFSET('0'!$B$111,($A$1-1)*10,9) -> 10 | M76: =SUM(D76-E76) -> 0 | N76: =SUM(E76,M76) -> 0
M77: =SUM(D77-E77) -> 0 | N77: =SUM(E77,M77) -> 0
M78: =SUM(D78-E78) -> 0 | N78: =SUM(E78,M78) -> 0
M79: =SUM(D79-E79) -> 0 | N79: =SUM(E79,M79) -> 0
M80: =SUM(D80-E80) -> 0 | N80: =SUM(E80,M80) -> 0
M81: =SUM(D81-E81) -> 0 | N81: =SUM(E81,M81) -> 0
C82: Iš viso Lietuvoje: | D82: =SUM(D76:D81) -> 0 | E82: =SUM(E76:E81) -> 0 | F82: =SUM(F76:F81) -> 0 | G82: =SUM(G76:G81) -> 0 | H82: =SUM(H76:H81) -> 0 | I82: =SUM(I76:I81) -> 0 | J82: =SUM(J76:J81) -> 0 | K82: =SUM(K76:K81) -> 0 | ... N82: =SUM(N76:N81) -> 0
C83: dienos foto | D83: =SUM(D76:D81) -> 0 | E83: =SUM(E76:E81) -> 0 | F83: =SUM(F82:K82) -> 0 | L83: =SUM(L76:L81) -> 0 | M83: =SUM(M76:M81) -> 0 | N83: =SUM(N76:N81) -> 0 | O83: =SUM(O76) -> 0 | P83: =SUM(P76) -> 0 | T83: =$V$3+L11+L19+L27+L35+L43+L51+L59+L67+L75+L83 -> 78
A84: =OFFSET('0'!$B$112,($A$1-1)*10,$B84-1) -> -- | B84: =OFFSET('0'!$B$111,($A$1-1)*10,10) -> 11 | M84: =SUM(D84-E84) -> 0 | N84: =SUM(E84,M84) -> 0
M85: =SUM(D85-E85) -> 0 | N85: =SUM(E85,M85) -> 0
M86: =SUM(D86-E86) -> 0 | N86: =SUM(E86,M86) -> 0
M87: =SUM(D87-E87) -> 0 | N87: =SUM(E87,M87) -> 0
M88: =SUM(D88-E88) -> 0 | N88: =SUM(E88,M88) -> 0
M89: =SUM(D89-E89) -> 0 | N89: =SUM(E89,M89) -> 0
C90: Iš viso Lietuvoje: | D90: =SUM(D84:D89) -> 0 | E90: =SUM(E84:E89) -> 0 | F90: =SUM(F84:F89) -> 0 | G90: =SUM(G84:G89) -> 0 | H90: =SUM(H84:H89) -> 0 | I90: =SUM(I84:I89) -> 0 | J90: =SUM(J84:J89) -> 0 | K90: =SUM(K84:K89) -> 0 | ... N90: =SUM(N84:N89) -> 0
C91: dienos foto | D91: =SUM(D84:D89) -> 0 | E91: =SUM(E84:E89) -> 0 | F91: =SUM(F90:K90) -> 0 | L91: =SUM(L84:L89) -> 0 | M91: =SUM(M84:M89) -> 0 | N91: =SUM(N84:N89) -> 0 | O91: =SUM(O84) -> 0 | P91: =SUM(P84) -> 0 | T91: =$V$3+L11+L19+L27+L35+L43+L51+L59+L67+L75+L83+L91 -> 78
A92: =OFFSET('0'!$B$112,($A$1-1)*10,$B92-1) -> SS | B92: =OFFSET('0'!$B$111,($A$1-1)*10,11) -> 12 | M92: =SUM(D92-E92) -> 0 | N92: =SUM(E92,M92) -> 0
M93: =SUM(D93-E93) -> 0 | N93: =SUM(E93,M93) -> 0
M94: =SUM(D94-E94) -> 0 | N94: =SUM(E94,M94) -> 0
M95: =SUM(D95-E95) -> 0 | N95: =SUM(E95,M95) -> 0
M96: =SUM(D96-E96) -> 0 | N96: =SUM(E96,M96) -> 0
M97: =SUM(D97-E97) -> 0 | N97: =SUM(E97,M97) -> 0
C98: Iš viso Lietuvoje: | D98: =SUM(D92:D97) -> 0 | E98: =SUM(E92:E97) -> 0 | F98: =SUM(F92:F97) -> 0 | G98: =SUM(G92:G97) -> 0 | H98: =SUM(H92:H97) -> 0 | I98: =SUM(I92:I97) -> 0 | J98: =SUM(J92:J97) -> 0 | K98: =SUM(K92:K97) -> 0 | ... N98: =SUM(N92:N97) -> 0
C99: dienos foto | D99: =SUM(D92:D97) -> 0 | E99: =SUM(E92:E97) -> 0 | F99: =SUM(F98:K98) -> 0 | L99: =SUM(L92:L97) -> 0 | M99: =SUM(M92:M97) -> 0 | N99: =SUM(N92:N97) -> 0 | O99: =SUM(O92) -> 0 | P99: =SUM(P92) -> 0 | T99: =$V$3+L11+L19+L27+L35+L43+L51+L59+L67+L75+L83+L91+L99 -> 78
A100: =OFFSET('0'!$B$112,($A$1-1)*10,$B100-1) -> SK | B100: =OFFSET('0'!$B$111,($A$1-1)*10,12) -> 13 | M100: =SUM(D100-E100) -> 0 | N100: =SUM(E100,M100) -> 0
...

Sheet Sablonas
A1: 4
B2: Mėnesio diena | C2: Vardas, pavardė. Pamaina D/N | D2: Paimti ROIK pranešimai (skaičius) | E2: Apdorota | F2: INFORMUOTA | L2: Pasisavintų lėšų suma (visų pranešimų) | M2: Neapdorota (siųstos pajėgos) | N2: Kontrolinis | O2: Tikslinamos aplinkybės (M) | P2: Pradėta IT | Q2: Pastabos | T2: Kontr. Kasdienė eilutė (Žalos)
F3: Bankas | G3: RRT | H3: FNTT | I3: NKSC | J3: Facebook | K3: Kita/įrašyti | U3: Praeitų mėn. Žalos | V3: =SUM(V6:V16) -> #REF!
A4: =OFFSET('0'!$B$112,($A$1-1)*10,$B4-1) -> -- | B4: =OFFSET('0'!$B$111,($A$1-1)*10,0) -> 1 | M4: =SUM(D4-E4) -> 0 | N4: =SUM(E4,M4) -> 0
M5: =SUM(D5-E5) -> 0 | N5: =SUM(E5,M5) -> 0 | U5: mėn.
M6: =SUM(D6-E6) -> 0 | N6: =SUM(E6,M6) -> 0 | U6: 1 | V6: =#REF! -> #REF!
M7: =SUM(D7-E7) -> 0 | N7: =SUM(E7,M7) -> 0 | U7: 2 | V7: =#REF! -> #REF!
M8: =SUM(D8-E8) -> 0 | N8: =SUM(E8,M8) -> 0 | U8: 3
M9: =SUM(D9-E9) -> 0 | N9: =SUM(E9,M9) -> 0 | U9: 4
C10: Iš viso Lietuvoje: | D10: =SUM(D4:D9) -> 0 | E10: =SUM(E4:E9) -> 0 | F10: =SUM(F4:F9) -> 0 | G10: =SUM(G4:G9) -> 0 | H10: =SUM(H4:H9) -> 0 | I10: =SUM(I4:I9) -> 0 | J10: =SUM(J4:J9) -> 0 | K10: =SUM(K4:K9) -> 0 | M10: =SUM(M4:M9) -> 0 | N10: =SUM(N4:N9) -> 0 | U10: 5
C11: dienos foto | D11: =SUM(D4:D9) -> 0 | E11: =SUM(E4:E9) -> 0 | F11: =SUM(F10:K10) -> 0 | L11: =L10 -> 0 | M11: =SUM(M4:M9) -> 0 | N11: =SUM(N4:N9) -> 0 | O11: =SUM(O4) -> 0 | P11: =SUM(P4) -> 0 | T11: =$V$3+L11 -> #REF! | U11: 6
A12: =OFFSET('0'!$B$112,($A$1-1)*10,$B12-1) -> -- | B12: =OFFSET('0'!$B$111,($A$1-1)*10,1) -> 2 | M12: =SUM(D12-E12) -> 0 | N12: =SUM(E12,M12) -> 0 | U12: 7
M13: =SUM(D13-E13) -> 0 | N13: =SUM(E13,M13) -> 0 | U13: 8
M14: =SUM(D14-E14) -> 0 | N14: =SUM(E14,M14) -> 0 | U14: 9
M15: =SUM(D15-E15) -> 0 | N15: =SUM(E15,M15) -> 0 | U15: 10
M16: =SUM(D16-E16) -> 0 | N16: =SUM(E16,M16) -> 0 | U16: 11
M17: =SUM(D17-E17) -> 0 | N17: =SUM(E17,M17) -> 0
C18: Iš viso Lietuvoje: | D18: =SUM(D12:D17) -> 0 | E18: =SUM(E12:E17) -> 0 | F18: =SUM(F12:F17) -> 0 | G18: =SUM(G12:G17) -> 0 | H18: =SUM(H12:H17) -> 0 | I18: =SUM(I12:I17) -> 0 | J18: =SUM(J12:J17) -> 0 | K18: =SUM(K12:K17) -> 0 | M18: =SUM(M12:M17) -> 0 | N18: =SUM(N12:N17) -> 0
C19: dienos foto | D19: =SUM(D12:D17) -> 0 | E19: =SUM(E12:E17) -> 0 | F19: =SUM(F18:K18) -> 0 | L19: =L18 -> 0 | M19: =SUM(M12:M17) -> 0 | N19: =SUM(N12:N17) -> 0 | O19: =SUM(O12) -> 0 | P19: =SUM(P12) -> 0 | T19: =$V$3+L11+L19 -> #REF!
A20: =OFFSET('0'!$B$112,($A$1-1)*10,$B20-1) -> -- | B20: =OFFSET('0'!$B$111,($A$1-1)*10,2) -> 3 | M20: =SUM(D20-E20) -> 0 | N20: =SUM(E20,M20) -> 0
M21: =SUM(D21-E21) -> 0 | N21: =SUM(E21,M21) -> 0
M22: =SUM(D22-E22) -> 0 | N22: =SUM(E22,M22) -> 0
M23: =SUM(D23-E23) -> 0 | N23: =SUM(E23,M23) -> 0
M24: =SUM(D24-E24) -> 0 | N24: =SUM(E24,M24) -> 0
M25: =SUM(D25-E25) -> 0 | N25: =SUM(E25,M25) -> 0
C26: Iš viso Lietuvoje: | D26: =SUM(D20:D25) -> 0 | E26: =SUM(E20:E25) -> 0 | F26: =SUM(F20:F25) -> 0 | G26: =SUM(G20:G25) -> 0 | H26: =SUM(H20:H25) -> 0 | I26: =SUM(I20:I25) -> 0 | J26: =SUM(J20:J25) -> 0 | K26: =SUM(K20:K25) -> 0 | M26: =SUM(M20:M25) -> 0 | N26: =SUM(N20:N25) -> 0
C27: dienos foto | D27: =SUM(D20:D25) -> 0 | E27: =SUM(E20:E25) -> 0 | F27: =SUM(F26:K26) -> 0 | L27: =L26 -> 0 | M27: =SUM(M20:M25) -> 0 | N27: =SUM(N20:N25) -> 0 | O27: =SUM(O20) -> 0 | P27: =SUM(P20) -> 0 | T27: =$V$3++L11+L19+L27 -> #REF!
A28: =OFFSET('0'!$B$112,($A$1-1)*10,$B28-1) -> SS | B28: =OFFSET('0'!$B$111,($A$1-1)*10,3) -> 4 | M28: =SUM(D28-E28) -> 0 | N28: =SUM(E28,M28) -> 0
M29: =SUM(D29-E29) -> 0 | N29: =SUM(E29,M29) -> 0
M30: =SUM(D30-E30) -> 0 | N30: =SUM(E30,M30) -> 0
M31: =SUM(D31-E31) -> 0 | N31: =SUM(E31,M31) -> 0
M32: =SUM(D32-E32) -> 0 | N32: =SUM(E32,M32) -> 0
M33: =SUM(D33-E33) -> 0 | N33: =SUM(E33,M33) -> 0
C34: Iš viso Lietuvoje: | D34: =SUM(D28:D33) -> 0 | E34: =SUM(E28:E33) -> 0 | F34: =SUM(F28:F33) -> 0 | G34: =SUM(G28:G33) -> 0 | H34: =SUM(H28:H33) -> 0 | I34: =SUM(I28:I33) -> 0 | J34: =SUM(J28:J33) -> 0 | K34: =SUM(K28:K33) -> 0 | M34: =SUM(M28:M33) -> 0 | N34: =SUM(N28:N33) -> 0
C35: dienos foto | D35: =SUM(D28:D33) -> 0 | E35: =SUM(E28:E33) -> 0 | F35: =SUM(F34:K34) -> 0 | L35: =L34 -> 0 | M35: =SUM(M28:M33) -> 0 | N35: =SUM(N28:N33) -> 0 | O35: =SUM(O28) -> 0 | P35: =SUM(P28) -> 0 | T35: =$V$3+L11+L19+L27+L35 -> #REF!
A36: =OFFSET('0'!$B$112,($A$1-1)*10,$B36-1) -> SV | B36: =OFFSET('0'!$B$111,($A$1-1)*10,4) -> 5 | M36: =SUM(D36-E36) -> 0 | N36: =SUM(E36,M36) -> 0
M37: =SUM(D37-E37) -> 0 | N37: =SUM(E37,M37) -> 0
M38: =SUM(D38-E38) -> 0 | N38: =SUM(E38,M38) -> 0
M39: =SUM(D39-E39) -> 0 | N39: =SUM(E39,M39) -> 0
M40: =SUM(D40-E40) -> 0 | N40: =SUM(E40,M40) -> 0
M41: =SUM(D41-E41) -> 0 | N41: =SUM(E41,M41) -> 0
C42: Iš viso Lietuvoje: | D42: =SUM(D36:D41) -> 0 | E42: =SUM(E36:E41) -> 0 | F42: =SUM(F36:F41) -> 0 | G42: =SUM(G36:G41) -> 0 | H42: =SUM(H36:H41) -> 0 | I42: =SUM(I36:I41) -> 0 | J42: =SUM(J36:J41) -> 0 | K42: =SUM(K36:K41) -> 0 | M42: =SUM(M36:M41) -> 0 | N42: =SUM(N36:N41) -> 0
C43: dienos foto | D43: =SUM(D36:D41) -> 0 | E43: =SUM(E36:E41) -> 0 | F43: =SUM(F42:K42) -> 0 | L43: =L42 -> 0 | M43: =SUM(M36:M41) -> 0 | N43: =SUM(N36:N41) -> 0 | O43: =SUM(O36) -> 0 | P43: =SUM(P36) -> 0 | T43: =$V$3+L11+L19+L27+L35+L43 -> #REF!
A44: =OFFSET('0'!$B$112,($A$1-1)*10,$B44-1) -> -- | B44: =OFFSET('0'!$B$111,($A$1-1)*10,5) -> 6 | M44: =SUM(D44-E44) -> 0 | N44: =SUM(E44,M44) -> 0
M45: =SUM(D45-E45) -> 0 | N45: =SUM(E45,M45) -> 0
M46: =SUM(D46-E46) -> 0 | N46: =SUM(E46,M46) -> 0
M47: =SUM(D47-E47) -> 0 | N47: =SUM(E47,M47) -> 0
M48: =SUM(D48-E48) -> 0 | N48: =SUM(E48,M48) -> 0
M49: =SUM(D49-E49) -> 0 | N49: =SUM(E49,M49) -> 0
C50: Iš viso Lietuvoje: | D50: =SUM(D44:D49) -> 0 | E50: =SUM(E44:E49) -> 0 | F50: =SUM(F44:F49) -> 0 | G50: =SUM(G44:G49) -> 0 | H50: =SUM(H44:H49) -> 0 | I50: =SUM(I44:I49) -> 0 | J50: =SUM(J44:J49) -> 0 | K50: =SUM(K44:K49) -> 0 | M50: =SUM(M44:M49) -> 0 | N50: =SUM(N44:N49) -> 0
C51: dienos foto | D51: =SUM(D44:D49) -> 0 | E51: =SUM(E44:E49) -> 0 | F51: =SUM(F50:K50) -> 0 | L51: =L50 -> 0 | M51: =SUM(M44:M49) -> 0 | N51: =SUM(N44:N49) -> 0 | O51: =SUM(O44) -> 0 | P51: =SUM(P44) -> 0 | T51: =$V$3+L11+L19+L27+L35+L43+L51 -> #REF!
A52: =OFFSET('0'!$B$112,($A$1-1)*10,$B52-1) -> -- | B52: =OFFSET('0'!$B$111,($A$1-1)*10,6) -> 7 | M52: =SUM(D52-E52) -> 0 | N52: =SUM(E52,M52) -> 0
M53: =SUM(D53-E53) -> 0 | N53: =SUM(E53,M53) -> 0
M54: =SUM(D54-E54) -> 0 | N54: =SUM(E54,M54) -> 0
M55: =SUM(D55-E55) -> 0 | N55: =SUM(E55,M55) -> 0
M56: =SUM(D56-E56) -> 0 | N56: =SUM(E56,M56) -> 0
M57: =SUM(D57-E57) -> 0 | N57: =SUM(E57,M57) -> 0
C58: Iš viso Lietuvoje: | D58: =SUM(D52:D57) -> 0 | E58: =SUM(E52:E57) -> 0 | F58: =SUM(F52:F57) -> 0 | G58: =SUM(G52:G57) -> 0 | H58: =SUM(H52:H57) -> 0 | I58: =SUM(I52:I57) -> 0 | J58: =SUM(J52:J57) -> 0 | K58: =SUM(K52:K57) -> 0 | M58: =SUM(M52:M57) -> 0 | N58: =SUM(N52:N57) -> 0
C59: dienos foto | D59: =SUM(D52:D57) -> 0 | E59: =SUM(E52:E57) -> 0 | F59: =SUM(F58:K58) -> 0 | L59: =L58 -> 0 | M59: =SUM(M52:M57) -> 0 | N59: =SUM(N52:N57) -> 0 | O59: =SUM(O52) -> 0 | P59: =SUM(P52) -> 0 | T59: =$V$3+L11+L19+L27+L35+L43+L51+L59 -> #REF!
A60: =OFFSET('0'!$B$112,($A$1-1)*10,$B60-1) -> -- | B60: =OFFSET('0'!$B$111,($A$1-1)*10,7) -> 8 | M60: =SUM(D60-E60) -> 0 | N60: =SUM(E60,M60) -> 0
M61: =SUM(D61-E61) -> 0 | N61: =SUM(E61,M61) -> 0
M62: =SUM(D62-E62) -> 0 | N62: =SUM(E62,M62) -> 0
M63: =SUM(D63-E63) -> 0 | N63: =SUM(E63,M63) -> 0
M64: =SUM(D64-E64) -> 0 | N64: =SUM(E64,M64) -> 0
M65: =SUM(D65-E65) -> 0 | N65: =SUM(E65,M65) -> 0
C66: Iš viso Lietuvoje: | D66: =SUM(D60:D65) -> 0 | E66: =SUM(E60:E65) -> 0 | F66: =SUM(F60:F65) -> 0 | G66: =SUM(G60:G65) -> 0 | H66: =SUM(H60:H65) -> 0 | I66: =SUM(I60:I65) -> 0 | J66: =SUM(J60:J65) -> 0 | K66: =SUM(K60:K65) -> 0 | M66: =SUM(M60:M65) -> 0 | N66: =SUM(N60:N65) -> 0
C67: dienos foto | D67: =SUM(D60:D65) -> 0 | E67: =SUM(E60:E65) -> 0 | F67: =SUM(F66:K66) -> 0 | L67: =L66 -> 0 | M67: =SUM(M60:M65) -> 0 | N67: =SUM(N60:N65) -> 0 | O67: =SUM(O60) -> 0 | P67: =SUM(P60) -> 0 | T67: =$V$3+L11+L19+L27+L35+L43+L51+L59+L67 -> #REF!
A68: =OFFSET('0'!$B$112,($A$1-1)*10,$B68-1) -> -- | B68: =OFFSET('0'!$B$111,($A$1-1)*10,8) -> 9 | M68: =SUM(D68-E68) -> 0 | N68: =SUM(E68,M68) -> 0
M69: =SUM(D69-E69) -> 0 | N69: =SUM(E69,M69) -> 0
M70: =SUM(D70-E70) -> 0 | N70: =SUM(E70,M70) -> 0
M71: =SUM(D71-E71) -> 0 | N71: =SUM(E71,M71) -> 0
M72: =SUM(D72-E72) -> 0 | N72: =SUM(E72,M72) -> 0
M73: =SUM(D73-E73) -> 0 | N73: =SUM(E73,M73) -> 0
C74: Iš viso Lietuvoje: | D74: =SUM(D68:D73) -> 0 | E74: =SUM(E68:E73) -> 0 | F74: =SUM(F68:F73) -> 0 | G74: =SUM(G68:G73) -> 0 | H74: =SUM(H68:H73) -> 0 | I74: =SUM(I68:I73) -> 0 | J74: =SUM(J68:J73) -> 0 | K74: =SUM(K68:K73) -> 0 | M74: =SUM(M68:M73) -> 0 | N74: =SUM(N68:N73) -> 0
C75: dienos foto | D75: =SUM(D68:D73) -> 0 | E75: =SUM(E68:E73) -> 0 | F75: =SUM(F74:K74) -> 0 | L75: =L74 -> 0 | M75: =SUM(M68:M73) -> 0 | N75: =SUM(N68:N73) -> 0 | O75: =SUM(O68) -> 0 | P75: =SUM(P68) -> 0 | T75: =$V$3+L11+L19+L27+L35+L43+L51+L59+L67+L75 -> #REF!
A76: =OFFSET('0'!$B$112,($A$1-1)*10,$B76-1) -> -- | B76: =OFFSET('0'!$B$111,($A$1-1)*10,9) -> 10 | M76: =SUM(D76-E76) -> 0 | N76: =SUM(E76,M76) -> 0
M77: =SUM(D77-E77) -> 0 | N77: =SUM(E77,M77) -> 0
M78: =SUM(D78-E78) -> 0 | N78: =SUM(E78,M78) -> 0
M79: =SUM(D79-E79) -> 0 | N79: =SUM(E79,M79) -> 0
M80: =SUM(D80-E80) -> 0 | N80: =SUM(E80,M80) -> 0
M81: =SUM(D81-E81) -> 0 | N81: =SUM(E81,M81) -> 0
C82: Iš viso Lietuvoje: | D82: =SUM(D76:D81) -> 0 | E82: =SUM(E76:E81) -> 0 | F82: =SUM(F76:F81) -> 0 | G82: =SUM(G76:G81) -> 0 | H82: =SUM(H76:H81) -> 0 | I82: =SUM(I76:I81) -> 0 | J82: =SUM(J76:J81) -> 0 | K82: =SUM(K76:K81) -> 0 | M82: =SUM(M76:M81) -> 0 | N82: =SUM(N76:N81) -> 0
C83: dienos foto | D83: =SUM(D76:D81) -> 0 | E83: =SUM(E76:E81) -> 0 | F83: =SUM(F82:K82) -> 0 | L83: =L82 -> 0 | M83: =SUM(M76:M81) -> 0 | N83: =SUM(N76:N81) -> 0 | O83: =SUM(O76) -> 0 | P83: =SUM(P76) -> 0 | T83: =$V$3+L11+L19+L27+L35+L43+L51+L59+L67+L75+L83 -> #REF!
A84: =OFFSET('0'!$B$112,($A$1-1)*10,$B84-1) -> SS | B84: =OFFSET('0'!$B$111,($A$1-1)*10,10) -> 11 | M84: =SUM(D84-E84) -> 0 | N84: =SUM(E84,M84) -> 0
M85: =SUM(D85-E85) -> 0 | N85: =SUM(E85,M85) -> 0
M86: =SUM(D86-E86) -> 0 | N86: =SUM(E86,M86) -> 0
M87: =SUM(D87-E87) -> 0 | N87: =SUM(E87,M87) -> 0
M88: =SUM(D88-E88) -> 0 | N88: =SUM(E88,M88) -> 0
M89: =SUM(D89-E89) -> 0 | N89: =SUM(E89,M89) -> 0
C90: Iš viso Lietuvoje: | D90: =SUM(D84:D89) -> 0 | E90: =SUM(E84:E89) -> 0 | F90: =SUM(F84:F89) -> 0 | G90: =SUM(G84:G89) -> 0 | H90: =SUM(H84:H89) -> 0 | I90: =SUM(I84:I89) -> 0 | J90: =SUM(J84:J89) -> 0 | K90: =SUM(K84:K89) -> 0 | M90: =SUM(M84:M89) -> 0 | N90: =SUM(N84:N89) -> 0
C91: dienos foto | D91: =SUM(D84:D89) -> 0 | E91: =SUM(E84:E89) -> 0 | F91: =SUM(F90:K90) -> 0 | L91: =L90 -> 0 | M91: =SUM(M84:M89) -> 0 | N91: =SUM(N84:N89) -> 0 | O91: =SUM(O84) -> 0 | P91: =SUM(P84) -> 0 | T91: =$V$3+L11+L19+L27+L35+L43+L51+L59+L67+L75+L83+L91 -> #REF!
A92: =OFFSET('0'!$B$112,($A$1-1)*10,$B92-1) -> SK | B92: =OFFSET('0'!$B$111,($A$1-1)*10,11) -> 12 | M92: =SUM(D92-E92) -> 0 | N92: =SUM(E92,M92) -> 0
M93: =SUM(D93-E93) -> 0 | N93: =SUM(E93,M93) -> 0
M94: =SUM(D94-E94) -> 0 | N94: =SUM(E94,M94) -> 0
M95: =SUM(D95-E95) -> 0 | N95: =SUM(E95,M95) -> 0
M96: =SUM(D96-E96) -> 0 | N96: =SUM(E96,M96) -> 0
M97: =SUM(D97-E97) -> 0 | N97: =SUM(E97,M97) -> 0
C98: Iš viso Lietuvoje: | D98: =SUM(D92:D97) -> 0 | E98: =SUM(E92:E97) -> 0 | F98: =SUM(F92:F97) -> 0 | G98: =SUM(G92:G97) -> 0 | H98: =SUM(H92:H97) -> 0 | I98: =SUM(I92:I97) -> 0 | J98: =SUM(J92:J97) -> 0 | K98: =SUM(K92:K97) -> 0 | M98: =SUM(M92:M97) -> 0 | N98: =SUM(N92:N97) -> 0
C99: dienos foto | D99: =SUM(D92:D97) -> 0 | E99: =SUM(E92:E97) -> 0 | F99: =SUM(F98:K98) -> 0 | L99: =L98 -> 0 | M99: =SUM(M92:M97) -> 0 | N99: =SUM(N92:N97) -> 0 | O99: =SUM(O92) -> 0 | P99: =SUM(P92) -> 0 | T99: =$V$3+L11+L19+L27+L35+L43+L51+L59+L67+L75+L83+L91+L99 -> #REF!
A100: =OFFSET('0'!$B$112,($A$1-1)*10,$B100-1) -> -- | B100: =OFFSET('0'!$B$111,($A$1-1)*10,12) -> 13 | M100: =SUM(D100-E100) -> 0 | N100: =SUM(E100,M100) -> 0
...

Sheet Dinamika (registruotų)
A1: Metai: | B1: 2025
B2: 1 d. | C2: 2 d. | D2: 3 d. | E2: 4 d. | F2: 5 d. | G2: 6 d. | H2: 7 d. | I2: 8 d. | J2: 9 d. | K2: 10 d. | L2: 11 d. | M2: 12 d. | N2: 13 d. | O2: 14 d. | P2: 15 d. | Q2: 16 d. | R2: 17 d. | S2: 18 d. | T2: 19 d. | U2: 20 d. | V2: 21 d. | W2: 22 d. | X2: 23 d. | Y2: 24 d. | Z2: 25 d. | AA2: 26 d. | AB2: 27 d. | AC2: 28 d. | AD2: 29 d. | AE2: 30 d. | AF2: 31 d. | AG2: Iš viso
A3: Sausis | AB3: =#REF! -> #REF! | AC3: =#REF! -> #REF! | AD3: =#REF! -> #REF! | AE3: =#REF! -> #REF! | AF3: =#REF! -> #REF! | AG3: =SUM(B3:AF3) -> #REF!
A4: Sausis | AB4: =#REF! -> #REF! | AC4: =#REF! -> #REF! | AD4: =#REF! -> #REF! | AE4: =#REF! -> #REF! | AF4: =#REF! -> #REF! | AG4: =SUM(B4:AF4) -> #REF!
B28: 1 d. | C28: 2 d. | D28: 3 d. | E28: 4 d. | F28: 5 d. | G28: 6 d. | H28: 7 d. | I28: 8 d. | J28: 9 d. | K28: 10 d. | L28: 11 d. | M28: 12 d. | N28: 13 d. | O28: 14 d. | P28: 15 d. | Q28: 16 d. | R28: 17 d. | S28: 18 d. | T28: 19 d. | U28: 20 d. | V28: 21 d. | W28: 22 d. | X28: 23 d. | Y28: 24 d. | Z28: 25 d. | AA28: 26 d. | AB28: 27 d. | AC28: 28 d. | AG28: Iš viso
