Workbook

Sheet 0
A1: sausio | B1: Sausis | C1: I | D1: 2025 | I1: 1 | AG1: 0 | AH1: ale | AI1: Jurijus Aleksejevas, D.
A2: vasario | B2: Vasaris | C2: II | D2: 2026 | I2: 16 | AG2: 0 | AH2: ale | AI2: Jurijus Aleksejevas, N.
A3: kovo | B3: Kovas | C3: III | D3: 2027 | I3: 11 | K3: =IF(B29=3,B28,"") | AG3: 0 | AH3: bac | AI3: Dalius Bacevičius, D.
A4: balandžio | B4: Balandis | C4: IV | D4: 2028 | K4: =IF(B29=4,B28,IF(K3=31,1,"")) -> 20 | AG4: 0 | AH4: bac | AI4: Dalius Bacevičius, N.
A5: gegužės | B5: Gegužė | D5: 2029 | I5: 1 | AG5: 0 | AH5: čep | AI5: Agnė Čepukė, D.
A6: birželio | B6: Birželis | D6: 2030 | I6: 26 | AG6: 0 | AH6: čep | AI6: Agnė Čepukė, N.
A7: liepos | B7: Liepa | D7: 2031 | I7: 6 | AG7: 0 | AH7: jok | AI7: Vitalija Jokubynienė, D.
A8: rugpjūčio | B8: Rugpjūtis | D8: 2032 | I8: 15 | AG8: 0 | AH8: jok | AI8: Vitalija Jokubynienė, N.
A9: rugsėjo | B9: Rugsėjis | D9: 2033 | AG9: 0 | AH9: kiu | AI9: Aidas Kiukys, D.
A10: spalio | B10: Spalis | D10: 2034 | AG10: 0 | AH10: kiu | AI10: Aidas Kiukys, N.
A11: lapkričio | B11: Lapkritis | D11: 2035 | I11: 1 | J11: 2 | AG11: 0 | AH11: mas | AI11: Evaldas Maskeliūnas, D.
A12: gruodžio | B12: Gruodis | D12: 2036 | I12: 24 | J12: 25 | K12: 26 | AG12: 0 | AH12: mas | AI12: Evaldas Maskeliūnas, N.
D13: 2037 | AG13: 0 | AH13: men | AI13: Laura Mendelienė, D.
D14: 2038 | AG14: 0 | AH14: men | AI14: Laura Mendelienė, N.
D15: 2039 | AG15: 0 | AH15: mer | AI15: Saulius Merkininkas, D.
D16: PASAULIO PAB. | AG16: 0 | AH16: mer | AI16: Saulius Merkininkas, N.
A17: Velyku skaiciuokle | AG17: 0 | AH17: pil | AI17: Jurgita Pilypaitienė, D.
AG18: 0 | AH18: pil | AI18: Jurgita Pilypaitienė, N.
A19: Metai | B19: =Dinamika!$B$1 -> 2025 | D19: Dienos eilutes | E19: 8 | AG19: 0 | AH19: saj | AI19: Giedrė Sajetaitė, D.
A20: a | B20: =MOD(B19,19) -> 11 | AG20: 0 | AH20: saj | AI20: Giedrė Sajetaitė, N.
A21: b | B21: =TRUNC(B19/4) -> 506 | AG21: 0 | AH21: šed | AI21: Vaidas Šeduikis, D.
A22: c | B22: =TRUNC(B21/25)+1 -> 21 | AG22: 0 | AH22: šed | AI22: Vaidas Šeduikis, N.
A23: d | B23: =TRUNC(B22*3/4) -> 15 | AG23: 0 | AH23: žur | AI23: Tomas Žuramskas, D.
A24: e1 | B24: =MOD((B20*19)-(TRUNC((B22*8+5)/25)+B23+15),30) -> 23 | AG24: 0 | AH24: žur | AI24: Tomas Žuramskas, N.
A25: e2 | B25: =B24+TRUNC((29578-B20-B24*32)/1024) -> 51 | AG25: 9 | AH25: kau | AI25: Kauno apskr. VPK
A26: e3 | B26: =B25-MOD((MOD(B19,7)+B21-B23+B25+2),7) -> 51 | AG26: 9 | AH26: mar | AI26: Marijampolės apskr. VPK Vilkaviškio r. PK
A27: d | B27: =TRUNC(B26/32) -> 1 | AG27: 9 | AH27: pan | AI27: Panevėžio apskr. VPK
A28: diena | B28: =B26-B27*31 -> 20 | AG28: 9 | AH28: vil | AI28: Vilniaus apskr. VPK
A29: menuo | B29: =B27+3 -> 4
A31: Velykos | B31: =DATE(B19,B29,B28) -> 45767
A109: Metai | B109: Menuo skaičium | C109: Dienų sk. | F109: Menuo
A110: =Dinamika!$B$1 -> 2025 | B110: 1 | C110: =DAY(EOMONTH(DATE(A110,B110,1),0)) -> 31 | F110: =CHOOSE($B110,$B$1,$B$2,$B$3,$B$4,$B$5,$B$6,$B$7,$B$8,$B$9,$B$10,$B$11,$B$12) -> Sausis
A111: =CHOOSE($B110,$B$1,$B$2,$B$3,$B$4,$B$5,$B$6,$B$7,$B$8,$B$9,$B$10,$B$11,$B$12) -> Sausis | B111: 1 | C111: =B111+1 -> 2 | D111: =C111+1 -> 3 | E111: =D111+1 -> 4 | F111: =E111+1 -> 5 | G111: =F111+1 -> 6 | H111: =G111+1 -> 7 | I111: =H111+1 -> 8 | J111: =I111+1 -> 9 | ... AC111: =AB111+1 -> 28 | AD111: =IF(ABS(AC111)<$C110,AC111+1,-AC111+1) -> 29 | AE111: =IF(ABS(AD111)<$C110,AD111+1,-AD111+1) -> 30 | AF111: =IF(ABS(AE111)<$C110,AE111+1,-AE111+1) -> 31
A112: =A111 -> Sausis | B112: =IF(B111>0,IF(OR(OFFSET($I$1,$B110-1,0)=B111,OFFSET($I$1,$B110-1,1)=B111,OFFSET($I$1,$B110-1,2)=B111),"SV",CHOOSE(WEEKDAY(DATE($A110,$B110,B111),2),"--","--","--","--","--","SS","SK")),"XX") -> SV | C112: =IF(C111>0,IF(OR(OFFSET($I$1,$B110-1,0)=C111,OFFSET($I$1,$B110-1,1)=C111,OFFSET($I$1,$B110-1,2)=C111),"SV",CHOOSE(WEEKDAY(DATE($A110,$B110,C111),2),"--","--","--","--","--","SS","SK")),"XX") -> -- | D112: =IF(D111>0,IF(OR(OFFSET($I$1,$B110-1,0)=D111,OFFSET($I$1,$B110-1,1)=D111,OFFSET($I$1,$B110-1,2)=D111),"SV",CHOOSE(WEEKDAY(DATE($A110,$B110,D111),2),"--","--","--","--","--","SS","SK")),"XX") -> -- | E112: =IF(E111>0,IF(OR(OFFSET($I$1,$B110-1,0)=E111,OFFSET($I$1,$B110-1,1)=E111,OFFSET($I$1,$B110-1,2)=E111),"SV",CHOOSE(WEEKDAY(DATE($A110,$B110,E111),2),"--","--","--","--","--","SS","SK")),"XX") -> SS | F112: =IF(F111>0,IF(OR(OFFSET($I$1,$B110-1,0)=F111,OFFSET($I$1,$B110-1,1)=F111,OFFSET($I$1,$B110-1,2)=F111),"SV",CHOOSE(WEEKDAY(DATE($A110,$B110,F111),2),"--","--","--","--","--","SS","SK")),"XX") -> SK | G112: =IF(G111>0,IF(OR(OFFSET($I$1,$B110-1,0)=G111,OFFSET($I$1,$B110-1,1)=G111,OFFSET($I$1,$B110-1,2)=G111),"SV",CHOOSE(WEEKDAY(DATE($A110,$B110,G111),2),"--","--","--","--","--","SS","SK")),"XX") -> -- | H112: =IF(H111>0,IF(OR(OFFSET($I$1,$B110-1,0)=H111,OFFSET($I$1,$B110-1,1)=H111,OFFSET($I$1,$B110-1,2)=H111),"SV",CHOOSE(WEEKDAY(DATE($A110,$B110,H111),2),"--","--","--","--","--","SS","SK")),"XX") -> -- | I112: =IF(I111>0,IF(OR(OFFSET($I$1,$B110-1,0)=I111,OFFSET($I$1,$B110-1,1)=I111,OFFSET($I$1,$B110-1,2)=I111),"SV",CHOOSE(WEEKDAY(DATE($A110,$B110,I111),2),"--","--","--","--","--","SS","SK")),"XX") -> -- | ... AF112: =IF(AF111>0,IF(OR(OFFSET($I$1,$B110-1,0)=AF111,OFFSET($I$1,$B110-1,1)=AF111,OFFSET($I$1,$B110-1,2)=AF111),"SV",CHOOSE(WEEKDAY(DATE($A110,$B110,AF111),2),"--","--","--","--","--","SS","SK")),"XX") -> --
A113: =ROW(Sausis!$A254)-1 -> 253 | B113: =ROW(Sausis!$A11)-1 -> 10 | C113: =ROW(Sausis!$A19)-1 -> 18 | D113: =ROW(Sausis!$A27)-1 -> 26 | E113: =ROW(Sausis!$A35)-1 -> 34 | F113: =ROW(Sausis!$A43)-1 -> 42 | G113: =ROW(Sausis!$A51)-1 -> 50 | H113: =ROW(Sausis!$A59)-1 -> 58 | I113: =ROW(Sausis!$A67)-1 -> 66 | J113: =ROW(Sausis!$A75)-1 -> 74 | K113: =ROW(Sausis!$A83)-1 -> 82 | L113: =ROW(Sausis!$A91)-1 -> 90 | M113: =ROW(Sausis!$A99)-1 -> 98 | N113: =ROW(Sausis!$A107)-1 -> 106 | O113: =ROW(Sausis!$A115)-1 -> 114 | P113: =ROW(Sausis!$A123)-1 -> 122 | Q113: =ROW(Sausis!$A131)-1 -> 130 | R113: =ROW(Sausis!$A139)-1 -> 138 | S113: =ROW(Sausis!$A147)-1 -> 146 | T113: =ROW(Sausis!$A155)-1 -> 154 | U113: =ROW(Sausis!$A163)-1 -> 162 | V113: =ROW(Sausis!$A171)-1 -> 170 | W113: =ROW(Sausis!$A179)-1 -> 178 | X113: =ROW(Sausis!$A187)-1 -> 186 | Y113: =ROW(Sausis!$A195)-1 -> 194 | Z113: =ROW(Sausis!$A203)-1 -> 202 | AA113: =ROW(Sausis!$A211)-1 -> 210 | AB113: =ROW(Sausis!$A219)-1 -> 218 | AC113: =ROW(Sausis!$A227)-1 -> 226 | AD113: =ROW(Sausis!$A235)-1 -> 234 | AE113: =ROW(Sausis!$A243)-1 -> 242 | AF113: =ROW(Sausis!$A251)-1 -> 250
A119: Metai | B119: Menuo skaičium | C119: Dienų sk. | F119: Menuo
A120: =Dinamika!$B$1 -> 2025 | B120: 2 | C120: =DAY(EOMONTH(DATE(A120,B120,1),0)) -> 28 | F120: =CHOOSE($B120,$B$1,$B$2,$B$3,$B$4,$B$5,$B$6,$B$7,$B$8,$B$9,$B$10,$B$11,$B$12) -> Vasaris
A121: =CHOOSE($B120,$B$1,$B$2,$B$3,$B$4,$B$5,$B$6,$B$7,$B$8,$B$9,$B$10,$B$11,$B$12) -> Vasaris | B121: 1 | C121: =B121+1 -> 2 | D121: =C121+1 -> 3 | E121: =D121+1 -> 4 | F121: =E121+1 -> 5 | G121: =F121+1 -> 6 | H121: =G121+1 -> 7 | I121: =H121+1 -> 8 | J121: =I121+1 -> 9 | ... AC121: =AB121+1 -> 28 | AD121: =IF(ABS(AC121)<$C120,AC121+1,-AC121+1) -> -27 | AE121: =IF(ABS(AD121)<$C120,AD121+1,-AD121+1) -> -26 | AF121: =IF(ABS(AE121)<$C120,AE121+1,-AE121+1) -> -25
A122: =A121 -> Vasaris | B122: =IF(B121>0,IF(OR(OFFSET($I$1,$B120-1,0)=B121,OFFSET($I$1,$B120-1,1)=B121,OFFSET($I$1,$B120-1,2)=B121),"SV",CHOOSE(WEEKDAY(DATE($A120,$B120,B121),2),"--","--","--","--","--","SS","SK")),"XX") -> SS | C122: =IF(C121>0,IF(OR(OFFSET($I$1,$B120-1,0)=C121,OFFSET($I$1,$B120-1,1)=C121,OFFSET($I$1,$B120-1,2)=C121),"SV",CHOOSE(WEEKDAY(DATE($A120,$B120,C121),2),"--","--","--","--","--","SS","SK")),"XX") -> SK | D122: =IF(D121>0,IF(OR(OFFSET($I$1,$B120-1,0)=D121,OFFSET($I$1,$B120-1,1)=D121,OFFSET($I$1,$B120-1,2)=D121),"SV",CHOOSE(WEEKDAY(DATE($A120,$B120,D121),2),"--","--","--","--","--","SS","SK")),"XX") -> -- | E122: =IF(E121>0,IF(OR(OFFSET($I$1,$B120-1,0)=E121,OFFSET($I$1,$B120-1,1)=E121,OFFSET($I$1,$B120-1,2)=E121),"SV",CHOOSE(WEEKDAY(DATE($A120,$B120,E121),2),"--","--","--","--","--","SS","SK")),"XX") -> -- | F122: =IF(F121>0,IF(OR(OFFSET($I$1,$B120-1,0)=F121,OFFSET($I$1,$B120-1,1)=F121,OFFSET($I$1,$B120-1,2)=F121),"SV",CHOOSE(WEEKDAY(DATE($A120,$B120,F121),2),"--","--","--","--","--","SS","SK")),"XX") -> -- | G122: =IF(G121>0,IF(OR(OFFSET($I$1,$B120-1,0)=G121,OFFSET($I$1,$B120-1,1)=G121,OFFSET($I$1,$B120-1,2)=G121),"SV",CHOOSE(WEEKDAY(DATE($A120,$B120,G121),2),"--","--","--","--","--","SS","SK")),"XX") -> -- | H122: =IF(H121>0,IF(OR(OFFSET($I$1,$B120-1,0)=H121,OFFSET($I$1,$B120-1,1)=H121,OFFSET($I$1,$B120-1,2)=H121),"SV",CHOOSE(WEEKDAY(DATE($A120,$B120,H121),2),"--","--","--","--","--","SS","SK")),"XX") -> -- | I122: =IF(I121>0,IF(OR(OFFSET($I$1,$B120-1,0)=I121,OFFSET($I$1,$B120-1,1)=I121,OFFSET($I$1,$B120-1,2)=I121),"SV",CHOOSE(WEEKDAY(DATE($A120,$B120,I121),2),"--","--","--","--","--","SS","SK")),"XX") -> SS | ... AF122: =IF(AF121>0,IF(OR(OFFSET($I$1,$B120-1,0)=AF121,OFFSET($I$1,$B120-1,1)=AF121,OFFSET($I$1,$B120-1,2)=AF121),"SV",CHOOSE(WEEKDAY(DATE($A120,$B120,AF121),2),"--","--","--","--","--","SS","SK")),"XX") -> XX
A123: =ROW(Vasaris!A251)-1 -> 250 | B123: =ROW(Vasaris!$A7)-1 -> 6 | C123: =ROW(Vasaris!$A15)-1 -> 14 | D123: =ROW(Vasaris!$A23)-1 -> 22 | E123: =ROW(Vasaris!$A31)-1 -> 30 | F123: =ROW(Vasaris!$A39)-1 -> 38 | G123: =ROW(Vasaris!$A47)-1 -> 46 | H123: =ROW(Vasaris!$A55)-1 -> 54 | I123: =ROW(Vasaris!$A63)-1 -> 62 | J123: =ROW(Vasaris!$A71)-1 -> 70 | K123: =ROW(Vasaris!$A79)-1 -> 78 | L123: =ROW(Vasaris!$A87)-1 -> 86 | M123: =ROW(Vasaris!$A95)-1 -> 94 | N123: =ROW(Vasaris!$A103)-1 -> 102 | O123: =ROW(Vasaris!$A111)-1 -> 110 | P123: =ROW(Vasaris!$A119)-1 -> 118 | Q123: =ROW(Vasaris!$A127)-1 -> 126 | R123: =ROW(Vasaris!$A135)-1 -> 134 | S123: =ROW(Vasaris!$A143)-1 -> 142 | T123: =ROW(Vasaris!$A151)-1 -> 150 | U123: =ROW(Vasaris!$A159)-1 -> 158 | V123: =ROW(Vasaris!$A168)-1 -> 167 | W123: =ROW(Vasaris!$A176)-1 -> 175 | X123: =ROW(Vasaris!$A184)-1 -> 183 | Y123: =ROW(Vasaris!$A192)-1 -> 191 | Z123: =ROW(Vasaris!$A200)-1 -> 199 | AA123: =ROW(Vasaris!$A208)-1 -> 207 | AB123: =ROW(Vasaris!$A216)-1 -> 215 | AC123: =ROW(Vasaris!$A224)-1 -> 223 | AD123: =ROW(Vasaris!$A232)-1 -> 231 | AE123: =ROW(Vasaris!$A240)-1 -> 239 | AF123: =ROW(Vasaris!$A248)-1 -> 247
A129: Metai | B129: Menuo skaičium | C129: Dienų sk. | F129: Menuo
A130: =Dinamika!$B$1 -> 2025 | B130: 3 | C130: =DAY(EOMONTH(DATE(A130,B130,1),0)) -> 31 | F130: =CHOOSE($B130,$B$1,$B$2,$B$3,$B$4,$B$5,$B$6,$B$7,$B$8,$B$9,$B$10,$B$11,$B$12) -> Kovas
A131: =CHOOSE($B130,$B$1,$B$2,$B$3,$B$4,$B$5,$B$6,$B$7,$B$8,$B$9,$B$10,$B$11,$B$12) -> Kovas | B131: 1 | C131: =B131+1 -> 2 | D131: =C131+1 -> 3 | E131: =D131+1 -> 4 | F131: =E131+1 -> 5 | G131: =F131+1 -> 6 | H131: =G131+1 -> 7 | I131: =H131+1 -> 8 | J131: =I131+1 -> 9 | ... AC131: =AB131+1 -> 28 | AD131: =IF(ABS(AC131)<$C130,AC131+1,-AC131+1) -> 29 | AE131: =IF(ABS(AD131)<$C130,AD131+1,-AD131+1) -> 30 | AF131: =IF(ABS(AE131)<$C130,AE131+1,-AE131+1) -> 31
B132: =IF(B131>0,IF(OR(OFFSET($I$1,$B130-1,0)=B131,OFFSET($I$1,$B130-1,1)=B131,OFFSET($I$1,$B130-1,2)=B131),"SV",CHOOSE(WEEKDAY(DATE($A130,$B130,B131),2),"--","--","--","--","--","SS","SK")),"XX") -> SS | C132: =IF(C131>0,IF(OR(OFFSET($I$1,$B130-1,0)=C131,OFFSET($I$1,$B130-1,1)=C131,OFFSET($I$1,$B130-1,2)=C131),"SV",CHOOSE(WEEKDAY(DATE($A130,$B130,C131),2),"--","--","--","--","--","SS","SK")),"XX") -> SK | D132: =IF(D131>0,IF(OR(OFFSET($I$1,$B130-1,0)=D131,OFFSET($I$1,$B130-1,1)=D131,OFFSET($I$1,$B130-1,2)=D131),"SV",CHOOSE(WEEKDAY(DATE($A130,$B130,D131),2),"--","--","--","--","--","SS","SK")),"XX") -> -- | E132: =IF(E131>0,IF(OR(OFFSET($I$1,$B130-1,0)=E131,OFFSET($I$1,$B130-1,1)=E131,OFFSET($I$1,$B130-1,2)=E131),"SV",CHOOSE(WEEKDAY(DATE($A130,$B130,E131),2),"--","--","--","--","--","SS","SK")),"XX") -> -- | F132: =IF(F131>0,IF(OR(OFFSET($I$1,$B130-1,0)=F131,OFFSET($I$1,$B130-1,1)=F131,OFFSET($I$1,$B130-1,2)=F131),"SV",CHOOSE(WEEKDAY(DATE($A130,$B130,F131),2),"--","--","--","--","--","SS","SK")),"XX") -> -- | G132: =IF(G131>0,IF(OR(OFFSET($I$1,$B130-1,0)=G131,OFFSET($I$1,$B130-1,1)=G131,OFFSET($I$1,$B130-1,2)=G131),"SV",CHOOSE(WEEKDAY(DATE($A130,$B130,G131),2),"--","--","--","--","--","SS","SK")),"XX") -> -- | H132: =IF(H131>0,IF(OR(OFFSET($I$1,$B130-1,0)=H131,OFFSET($I$1,$B130-1,1)=H131,OFFSET($I$1,$B130-1,2)=H131),"SV",CHOOSE(WEEKDAY(DATE($A130,$B130,H131),2),"--","--","--","--","--","SS","SK")),"XX") -> -- | I132: =IF(I131>0,IF(OR(OFFSET($I$1,$B130-1,0)=I131,OFFSET($I$1,$B130-1,1)=I131,OFFSET($I$1,$B130-1,2)=I131),"SV",CHOOSE(WEEKDAY(DATE($A130,$B130,I131),2),"--","--","--","--","--","SS","SK")),"XX") -> SS | ... AF132: =IF(AF131>0,IF(OR(OFFSET($I$1,$B130-1,0)=AF131,OFFSET($I$1,$B130-1,1)=AF131,OFFSET($I$1,$B130-1,2)=AF131),"SV",CHOOSE(WEEKDAY(DATE($A130,$B130,AF131),2),"--","--","--","--","--","SS","SK")),"XX") -> --
A133: =ROW(Kovas!A254)-1 -> 253 | B133: =ROW(Kovas!$A11)-1 -> 10 | C133: =ROW(Kovas!$A19)-1 -> 18 | D133: =ROW(Kovas!$A27)-1 -> 26 | E133: =ROW(Kovas!$A35)-1 -> 34 | F133: =ROW(Kovas!$A43)-1 -> 42 | G133: =ROW(Kovas!$A51)-1 -> 50 | H133: =ROW(Kovas!$A59)-1 -> 58 | I133: =ROW(Kovas!$A67)-1 -> 66 | J133: =ROW(Kovas!$A75)-1 -> 74 | K133: =ROW(Kovas!$A83)-1 -> 82 | L133: =ROW(Kovas!$A91)-1 -> 90 | M133: =ROW(Kovas!$A99)-1 -> 98 | N133: =ROW(Kovas!$A107)-1 -> 106 | O133: =ROW(Kovas!$A115)-1 -> 114 | P133: =ROW(Kovas!$A123)-1 -> 122 | Q133: =ROW(Kovas!$A131)-1 -> 130 | R133: =ROW(Kovas!$A139)-1 -> 138 | S133: =ROW(Kovas!$A147)-1 -> 146 | T133: =ROW(Kovas!$A155)-1 -> 154 | U133: =ROW(Kovas!$A163)-1 -> 162 | V133: =ROW(Kovas!$A171)-1 -> 170 | W133: =ROW(Kovas!$A179)-1 -> 178 | X133: =ROW(Kovas!$A187)-1 -> 186 | Y133: =ROW(Kovas!$A195)-1 -> 194 | Z133: =ROW(Kovas!$A203)-1 -> 202 | AA133: =ROW(Kovas!$A211)-1 -> 210 | AB133: =ROW(Kovas!$A219)-1 -> 218 | AC133: =ROW(Kovas!$A227)-1 -> 226 | AD133: =ROW(Kovas!$A235)-1 -> 234 | AE133: =ROW(Kovas!$A243)-1 -> 242 | AF133: =ROW(Kovas!$A251)-1 -> 250
A139: Metai | B139: Menuo skaičium | C139: Dienų sk. | F139: Menuo
A140: =Dinamika!$B$1 -> 2025 | B140: 4 | C140: =DAY(EOMONTH(DATE(A140,B140,1),0)) -> 30 | F140: =CHOOSE($B140,$B$1,$B$2,$B$3,$B$4,$B$5,$B$6,$B$7,$B$8,$B$9,$B$10,$B$11,$B$12) -> Balandis
A141: =CHOOSE($B140,$B$1,$B$2,$B$3,$B$4,$B$5,$B$6,$B$7,$B$8,$B$9,$B$10,$B$11,$B$12) -> Balandis | B141: 1 | C141: =B141+1 -> 2 | D141: =C141+1 -> 3 | E141: =D141+1 -> 4 | F141: =E141+1 -> 5 | G141: =F141+1 -> 6 | H141: =G141+1 -> 7 | I141: =H141+1 -> 8 | J141: =I141+1 -> 9 | ... AC141: =AB141+1 -> 28 | AD141: =IF(ABS(AC141)<$C140,AC141+1,-AC141+1) -> 29 | AE141: =IF(ABS(AD141)<$C140,AD141+1,-AD141+1) -> 30 | AF141: =IF(ABS(AE141)<$C140,AE141+1,-AE141+1) -> -29
B142: =IF(B141>0,IF(OR(OFFSET($I$1,$B140-1,0)=B141,OFFSET($I$1,$B140-1,1)=B141,OFFSET($I$1,$B140-1,2)=B141),"SV",CHOOSE(WEEKDAY(DATE($A140,$B140,B141),2),"--","--","--","--","--","SS","SK")),"XX") -> -- | C142: =IF(C141>0,IF(OR(OFFSET($I$1,$B140-1,0)=C141,OFFSET($I$1,$B140-1,1)=C141,OFFSET($I$1,$B140-1,2)=C141),"SV",CHOOSE(WEEKDAY(DATE($A140,$B140,C141),2),"--","--","--","--","--","SS","SK")),"XX") -> -- | D142: =IF(D141>0,IF(OR(OFFSET($I$1,$B140-1,0)=D141,OFFSET($I$1,$B140-1,1)=D141,OFFSET($I$1,$B140-1,2)=D141),"SV",CHOOSE(WEEKDAY(DATE($A140,$B140,D141),2),"--","--","--","--","--","SS","SK")),"XX") -> -- | E142: =IF(E141>0,IF(OR(OFFSET($I$1,$B140-1,0)=E141,OFFSET($I$1,$B140-1,1)=E141,OFFSET($I$1,$B140-1,2)=E141),"SV",CHOOSE(WEEKDAY(DATE($A140,$B140,E141),2),"--","--","--","--","--","SS","SK")),"XX") -> -- | F142: =IF(F141>0,IF(OR(OFFSET($I$1,$B140-1,0)=F141,OFFSET($I$1,$B140-1,1)=F141,OFFSET($I$1,$B140-1,2)=F141),"SV",CHOOSE(WEEKDAY(DATE($A140,$B140,F141),2),"--","--","--","--","--","SS","SK")),"XX") -> SS | G142: =IF(G141>0,IF(OR(OFFSET($I$1,$B140-1,0)=G141,OFFSET($I$1,$B140-1,1)=G141,OFFSET($I$1,$B140-1,2)=G141),"SV",CHOOSE(WEEKDAY(DATE($A140,$B140,G141),2),"--","--","--","--","--","SS","SK")),"XX") -> SK | H142: =IF(H141>0,IF(OR(OFFSET($I$1,$B140-1,0)=H141,OFFSET($I$1,$B140-1,1)=H141,OFFSET($I$1,$B140-1,2)=H141),"SV",CHOOSE(WEEKDAY(DATE($A140,$B140,H141),2),"--","--","--","--","--","SS","SK")),"XX") -> -- | I142: =IF(I141>0,IF(OR(OFFSET($I$1,$B140-1,0)=I141,OFFSET($I$1,$B140-1,1)=I141,OFFSET($I$1,$B140-1,2)=I141),"SV",CHOOSE(WEEKDAY(DATE($A140,$B140,I141),2),"--","--","--","--","--","SS","SK")),"XX") -> -- | ... AF142: =IF(AF141>0,IF(OR(OFFSET($I$1,$B140-1,0)=AF141,OFFSET($I$1,$B140-1,1)=AF141,OFFSET($I$1,$B140-1,2)=AF141),"SV",CHOOSE(WEEKDAY(DATE($A140,$B140,AF141),2),"--","--","--","--","--","SS","SK")),"XX") -> XX
A143: =ROW(Balandis!A259)-1 -> 258 | B143: =ROW(Balandis!$A12)-1 -> 11 | C143: =ROW(Balandis!$A22)-1 -> 21 | D143: =ROW(Balandis!$A32)-1 -> 31 | E143: =ROW(Balandis!$A40)-1 -> 39 | F143: =ROW(Balandis!$A48)-1 -> 47 | G143: =ROW(Balandis!$A56)-1 -> 55 | H143: =ROW(Balandis!$A64)-1 -> 63 | I143: =ROW(Balandis!$A72)-1 -> 71 | J143: =ROW(Balandis!$A80)-1 -> 79 | K143: =ROW(Balandis!$A88)-1 -> 87 | L143: =ROW(Balandis!$A96)-1 -> 95 | M143: =ROW(Balandis!$A104)-1 -> 103 | N143: =ROW(Balandis!$A112)-1 -> 111 | O143: =ROW(Balandis!$A120)-1 -> 119 | P143: =ROW(Balandis!$A128)-1 -> 127 | Q143: =ROW(Balandis!$A136)-1 -> 135 | R143: =ROW(Balandis!$A144)-1 -> 143 | S143: =ROW(Balandis!$A152)-1 -> 151 | T143: =ROW(Balandis!$A160)-1 -> 159 | U143: =ROW(Balandis!$A168)-1 -> 167 | V143: =ROW(Balandis!$A176)-1 -> 175 | W143: =ROW(Balandis!$A184)-1 -> 183 | X143: =ROW(Balandis!$A192)-1 -> 191 | Y143: =ROW(Balandis!$A200)-1 -> 199 | Z143: =ROW(Balandis!$A208)-1 -> 207 | AA143: =ROW(Balandis!$A216)-1 -> 215 | AB143: =ROW(Balandis!$A224)-1 -> 223 | AC143: =ROW(Balandis!$A232)-1 -> 231 | AD143: =ROW(Balandis!$A240)-1 -> 239 | AE143: =ROW(Balandis!$A248)-1 -> 247 | AF143: =ROW(Balandis!$A256)-1 -> 255
A149: Metai | B149: Menuo skaičium | C149: Dienų sk. | F149: Menuo
A150: =Dinamika!$B$1 -> 2025 | B150: 5 | C150: =DAY(EOMONTH(DATE(A150,B150,1),0)) -> 31 | F150: =CHOOSE($B150,$B$1,$B$2,$B$3,$B$4,$B$5,$B$6,$B$7,$B$8,$B$9,$B$10,$B$11,$B$12) -> Gegužė
A151: =CHOOSE($B150,$B$1,$B$2,$B$3,$B$4,$B$5,$B$6,$B$7,$B$8,$B$9,$B$10,$B$11,$B$12) -> Gegužė | B151: 1 | C151: =B151+1 -> 2 | D151: =C151+1 -> 3 | E151: =D151+1 -> 4 | F151: =E151+1 -> 5 | G151: =F151+1 -> 6 | H151: =G151+1 -> 7 | I151: =H151+1 -> 8 | J151: =I151+1 -> 9 | ... AC151: =AB151+1 -> 28 | AD151: =IF(ABS(AC151)<$C150,AC151+1,-AC151+1) -> 29 | AE151: =IF(ABS(AD151)<$C150,AD151+1,-AD151+1) -> 30 | AF151: =IF(ABS(AE151)<$C150,AE151+1,-AE151+1) -> 31
A152: =A151 -> Gegužė | B152: =IF(B151>0,IF(OR(OFFSET($I$1,$B150-1,0)=B151,OFFSET($I$1,$B150-1,1)=B151,OFFSET($I$1,$B150-1,2)=B151),"SV",CHOOSE(WEEKDAY(DATE($A150,$B150,B151),2),"--","--","--","--","--","SS","SK")),"XX") -> SV | C152: =IF(C151>0,IF(OR(OFFSET($I$1,$B150-1,0)=C151,OFFSET($I$1,$B150-1,1)=C151,OFFSET($I$1,$B150-1,2)=C151),"SV",CHOOSE(WEEKDAY(DATE($A150,$B150,C151),2),"--","--","--","--","--","SS","SK")),"XX") -> -- | D152: =IF(D151>0,IF(OR(OFFSET($I$1,$B150-1,0)=D151,OFFSET($I$1,$B150-1,1)=D151,OFFSET($I$1,$B150-1,2)=D151),"SV",CHOOSE(WEEKDAY(DATE($A150,$B150,D151),2),"--","--","--","--","--","SS","SK")),"XX") -> SS | E152: =IF(E151>0,IF(OR(OFFSET($I$1,$B150-1,0)=E151,OFFSET($I$1,$B150-1,1)=E151,OFFSET($I$1,$B150-1,2)=E151),"SV",CHOOSE(WEEKDAY(DATE($A150,$B150,E151),2),"--","--","--","--","--","SS","SK")),"XX") -> SK | F152: =IF(F151>0,IF(OR(OFFSET($I$1,$B150-1,0)=F151,OFFSET($I$1,$B150-1,1)=F151,OFFSET($I$1,$B150-1,2)=F151),"SV",CHOOSE(WEEKDAY(DATE($A150,$B150,F151),2),"--","--","--","--","--","SS","SK")),"XX") -> -- | G152: =IF(G151>0,IF(OR(OFFSET($I$1,$B150-1,0)=G151,OFFSET($I$1,$B150-1,1)=G151,OFFSET($I$1,$B150-1,2)=G151),"SV",CHOOSE(WEEKDAY(DATE($A150,$B150,G151),2),"--","--","--","--","--","SS","SK")),"XX") -> -- | H152: =IF(H151>0,IF(OR(OFFSET($I$1,$B150-1,0)=H151,OFFSET($I$1,$B150-1,1)=H151,OFFSET($I$1,$B150-1,2)=H151),"SV",CHOOSE(WEEKDAY(DATE($A150,$B150,H151),2),"--","--","--","--","--","SS","SK")),"XX") -> -- | I152: =IF(I151>0,IF(OR(OFFSET($I$1,$B150-1,0)=I151,OFFSET($I$1,$B150-1,1)=I151,OFFSET($I$1,$B150-1,2)=I151),"SV",CHOOSE(WEEKDAY(DATE($A150,$B150,I151),2),"--","--","--","--","--","SS","SK")),"XX") -> -- | ... AF152: =IF(AF151>0,IF(OR(OFFSET($I$1,$B150-1,0)=AF151,OFFSET($I$1,$B150-1,1)=AF151,OFFSET($I$1,$B150-1,2)=AF151),"SV",CHOOSE(WEEKDAY(DATE($A150,$B150,AF151),2),"--","--","--","--","--","SS","SK")),"XX") -> SS
A153: =ROW(Gegužė!A254)-1 -> 253 | B153: =ROW(Gegužė!$A11)-1 -> 10 | C153: =ROW(Gegužė!$A19)-1 -> 18 | D153: =ROW(Gegužė!$A27)-1 -> 26 | E153: =ROW(Gegužė!$A35)-1 -> 34 | F153: =ROW(Gegužė!$A43)-1 -> 42 | G153: =ROW(Gegužė!$A51)-1 -> 50 | H153: =ROW(Gegužė!$A59)-1 -> 58 | I153: =ROW(Gegužė!$A67)-1 -> 66 | J153: =ROW(Gegužė!$A75)-1 -> 74 | K153: =ROW(Gegužė!$A83)-1 -> 82 | L153: =ROW(Gegužė!$A91)-1 -> 90 | M153: =ROW(Gegužė!$A99)-1 -> 98 | N153: =ROW(Gegužė!$A107)-1 -> 106 | O153: =ROW(Gegužė!$A115)-1 -> 114 | P153: =ROW(Gegužė!$A123)-1 -> 122 | Q153: =ROW(Gegužė!$A131)-1 -> 130 | R153: =ROW(Gegužė!$A139)-1 -> 138 | S153: =ROW(Gegužė!$A147)-1 -> 146 | T153: =ROW(Gegužė!$A155)-1 -> 154 | U153: =ROW(Gegužė!$A163)-1 -> 162 | V153: =ROW(Gegužė!$A171)-1 -> 170 | W153: =ROW(Gegužė!$A179)-1 -> 178 | X153: =ROW(Gegužė!$A187)-1 -> 186 | Y153: =ROW(Gegužė!$A195)-1 -> 194 | Z153: =ROW(Gegužė!$A203)-1 -> 202 | AA153: =ROW(Gegužė!$A211)-1 -> 210 | AB153: =ROW(Gegužė!$A219)-1 -> 218 | AC153: =ROW(Gegužė!$A227)-1 -> 226 | AD153: =ROW(Gegužė!$A235)-1 -> 234 | AE153: =ROW(Gegužė!$A243)-1 -> 242 | AF153: =ROW(Gegužė!$A251)-1 -> 250
A159: Metai | B159: Menuo skaičium | C159: Dienų sk. | F159: Menuo
A160: =Dinamika!$B$1 -> 2025 | B160: 6 | C160: =DAY(EOMONTH(DATE(A160,B160,1),0)) -> 30 | F160: =CHOOSE($B160,$B$1,$B$2,$B$3,$B$4,$B$5,$B$6,$B$7,$B$8,$B$9,$B$10,$B$11,$B$12) -> Birželis
A161: =CHOOSE($B160,$B$1,$B$2,$B$3,$B$4,$B$5,$B$6,$B$7,$B$8,$B$9,$B$10,$B$11,$B$12) -> Birželis | B161: 1 | C161: =B161+1 -> 2 | D161: =C161+1 -> 3 | E161: =D161+1 -> 4 | F161: =E161+1 -> 5 | G161: =F161+1 -> 6 | H161: =G161+1 -> 7 | I161: =H161+1 -> 8 | J161: =I161+1 -> 9 | ... AC161: =AB161+1 -> 28 | AD161: =IF(ABS(AC161)<$C160,AC161+1,-AC161+1) -> 29 | AE161: =IF(ABS(AD161)<$C160,AD161+1,-AD161+1) -> 30 | AF161: =IF(ABS(AE161)<$C160,AE161+1,-AE161+1) -> -29
A162: =A161 -> Birželis | B162: =IF(B161>0,IF(OR(OFFSET($I$1,$B160-1,0)=B161,OFFSET($I$1,$B160-1,1)=B161,OFFSET($I$1,$B160-1,2)=B161),"SV",CHOOSE(WEEKDAY(DATE($A160,$B160,B161),2),"--","--","--","--","--","SS","SK")),"XX") -> SK | C162: =IF(C161>0,IF(OR(OFFSET($I$1,$B160-1,0)=C161,OFFSET($I$1,$B160-1,1)=C161,OFFSET($I$1,$B160-1,2)=C161),"SV",CHOOSE(WEEKDAY(DATE($A160,$B160,C161),2),"--","--","--","--","--","SS","SK")),"XX") -> -- | D162: =IF(D161>0,IF(OR(OFFSET($I$1,$B160-1,0)=D161,OFFSET($I$1,$B160-1,1)=D161,OFFSET($I$1,$B160-1,2)=D161),"SV",CHOOSE(WEEKDAY(DATE($A160,$B160,D161),2),"--","--","--","--","--","SS","SK")),"XX") -> -- | E162: =IF(E161>0,IF(OR(OFFSET($I$1,$B160-1,0)=E161,OFFSET($I$1,$B160-1,1)=E161,OFFSET($I$1,$B160-1,2)=E161),"SV",CHOOSE(WEEKDAY(DATE($A160,$B160,E161),2),"--","--","--","--","--","SS","SK")),"XX") -> -- | F162: =IF(F161>0,IF(OR(OFFSET($I$1,$B160-1,0)=F161,OFFSET($I$1,$B160-1,1)=F161,OFFSET($I$1,$B160-1,2)=F161),"SV",CHOOSE(WEEKDAY(DATE($A160,$B160,F161),2),"--","--","--","--","--","SS","SK")),"XX") -> -- | G162: =IF(G161>0,IF(OR(OFFSET($I$1,$B160-1,0)=G161,OFFSET($I$1,$B160-1,1)=G161,OFFSET($I$1,$B160-1,2)=G161),"SV",CHOOSE(WEEKDAY(DATE($A160,$B160,G161),2),"--","--","--","--","--","SS","SK")),"XX") -> -- | H162: =IF(H161>0,IF(OR(OFFSET($I$1,$B160-1,0)=H161,OFFSET($I$1,$B160-1,1)=H161,OFFSET($I$1,$B160-1,2)=H161),"SV",CHOOSE(WEEKDAY(DATE($A160,$B160,H161),2),"--","--","--","--","--","SS","SK")),"XX") -> SS | I162: =IF(I161>0,IF(OR(OFFSET($I$1,$B160-1,0)=I161,OFFSET($I$1,$B160-1,1)=I161,OFFSET($I$1,$B160-1,2)=I161),"SV",CHOOSE(WEEKDAY(DATE($A160,$B160,I161),2),"--","--","--","--","--","SS","SK")),"XX") -> SK | ... AF162: =IF(AF161>0,IF(OR(OFFSET($I$1,$B160-1,0)=AF161,OFFSET($I$1,$B160-1,1)=AF161,OFFSET($I$1,$B160-1,2)=AF161),"SV",CHOOSE(WEEKDAY(DATE($A160,$B160,AF161),2),"--","--","--","--","--","SS","SK")),"XX") -> XX
A163: =ROW(Birželis!A254)-1 -> 253 | B163: =ROW(Birželis!$A11)-1 -> 10 | C163: =ROW(Birželis!$A19)-1 -> 18 | D163: =ROW(Birželis!$A27)-1 -> 26 | E163: =ROW(Birželis!$A35)-1 -> 34 | F163: =ROW(Birželis!$A43)-1 -> 42 | G163: =ROW(Birželis!$A51)-1 -> 50 | H163: =ROW(Birželis!$A59)-1 -> 58 | I163: =ROW(Birželis!$A67)-1 -> 66 | J163: =ROW(Birželis!$A75)-1 -> 74 | K163: =ROW(Birželis!$A83)-1 -> 82 | L163: =ROW(Birželis!$A91)-1 -> 90 | M163: =ROW(Birželis!$A99)-1 -> 98 | N163: =ROW(Birželis!$A107)-1 -> 106 | O163: =ROW(Birželis!$A115)-1 -> 114 | P163: =ROW(Birželis!$A123)-1 -> 122 | Q163: =ROW(Birželis!$A131)-1 -> 130 | R163: =ROW(Birželis!$A139)-1 -> 138 | S163: =ROW(Birželis!$A147)-1 -> 146 | T163: =ROW(Birželis!$A155)-1 -> 154 | U163: =ROW(Birželis!$A163)-1 -> 162 | V163: =ROW(Birželis!$A171)-1 -> 170 | W163: =ROW(Birželis!$A179)-1 -> 178 | X163: =ROW(Birželis!$A187)-1 -> 186 | Y163: =ROW(Birželis!$A195)-1 -> 194 | Z163: =ROW(Birželis!$A203)-1 -> 202 | AA163: =ROW(Birželis!$A211)-1 -> 210 | AB163: =ROW(Birželis!$A219)-1 -> 218 | AC163: =ROW(Birželis!$A227)-1 -> 226 | AD163: =ROW(Birželis!$A235)-1 -> 234 | AE163: =ROW(Birželis!$A243)-1 -> 242 | AF163: =ROW(Birželis!$A251)-1 -> 250
A169: Metai | B169: Menuo skaičium | C169: Dienų sk. | F169: Menuo
A170: =Dinamika!$B$1 -> 2025 | B170: 7 | C170: =DAY(EOMONTH(DATE(A170,B170,1),0)) -> 31 | F170: =CHOOSE($B170,$B$1,$B$2,$B$3,$B$4,$B$5,$B$6,$B$7,$B$8,$B$9,$B$10,$B$11,$B$12) -> Liepa
A171: =CHOOSE($B170,$B$1,$B$2,$B$3,$B$4,$B$5,$B$6,$B$7,$B$8,$B$9,$B$10,$B$11,$B$12) -> Liepa | B171: 1 | C171: =B171+1 -> 2 | D171: =C171+1 -> 3 | E171: =D171+1 -> 4 | F171: =E171+1 -> 5 | G171: =F171+1 -> 6 | H171: =G171+1 -> 7 | I171: =H171+1 -> 8 | J171: =I171+1 -> 9 | ... AC171: =AB171+1 -> 28 | AD171: =IF(ABS(AC171)<$C170,AC171+1,-AC171+1) -> 29 | AE171: =IF(ABS(AD171)<$C170,AD171+1,-AD171+1) -> 30 | AF171: =IF(ABS(AE171)<$C170,AE171+1,-AE171+1) -> 31
A172: =A171 -> Liepa | B172: =IF(B171>0,IF(OR(OFFSET($I$1,$B170-1,0)=B171,OFFSET($I$1,$B170-1,1)=B171,OFFSET($I$1,$B170-1,2)=B171),"SV",CHOOSE(WEEKDAY(DATE($A170,$B170,B171),2),"--","--","--","--","--","SS","SK")),"XX") -> -- | C172: =IF(C171>0,IF(OR(OFFSET($I$1,$B170-1,0)=C171,OFFSET($I$1,$B170-1,1)=C171,OFFSET($I$1,$B170-1,2)=C171),"SV",CHOOSE(WEEKDAY(DATE($A170,$B170,C171),2),"--","--","--","--","--","SS","SK")),"XX") -> -- | D172: =IF(D171>0,IF(OR(OFFSET($I$1,$B170-1,0)=D171,OFFSET($I$1,$B170-1,1)=D171,OFFSET($I$1,$B170-1,2)=D171),"SV",CHOOSE(WEEKDAY(DATE($A170,$B170,D171),2),"--","--","--","--","--","SS","SK")),"XX") -> -- | E172: =IF(E171>0,IF(OR(OFFSET($I$1,$B170-1,0)=E171,OFFSET($I$1,$B170-1,1)=E171,OFFSET($I$1,$B170-1,2)=E171),"SV",CHOOSE(WEEKDAY(DATE($A170,$B170,E171),2),"--","--","--","--","--","SS","SK")),"XX") -> -- | F172: =IF(F171>0,IF(OR(OFFSET($I$1,$B170-1,0)=F171,OFFSET($I$1,$B170-1,1)=F171,OFFSET($I$1,$B170-1,2)=F171),"SV",CHOOSE(WEEKDAY(DATE($A170,$B170,F171),2),"--","--","--","--","--","SS","SK")),"XX") -> SS | G172: =IF(G171>0,IF(OR(OFFSET($I$1,$B170-1,0)=G171,OFFSET($I$1,$B170-1,1)=G171,OFFSET($I$1,$B170-1,2)=G171),"SV",CHOOSE(WEEKDAY(DATE($A170,$B170,G171),2),"--","--","--","--","--","SS","SK")),"XX") -> SV | H172: =IF(H171>0,IF(OR(OFFSET($I$1,$B170-1,0)=H171,OFFSET($I$1,$B170-1,1)=H171,OFFSET($I$1,$B170-1,2)=H171),"SV",CHOOSE(WEEKDAY(DATE($A170,$B170,H171),2),"--","--","--","--","--","SS","SK")),"XX") -> -- | I172: =IF(I171>0,IF(OR(OFFSET($I$1,$B170-1,0)=I171,OFFSET($I$1,$B170-1,1)=I171,OFFSET($I$1,$B170-1,2)=I171),"SV",CHOOSE(WEEKDAY(DATE($A170,$B170,I171),2),"--","--","--","--","--","SS","SK")),"XX") -> -- | ... AF172: =IF(AF171>0,IF(OR(OFFSET($I$1,$B170-1,0)=AF171,OFFSET($I$1,$B170-1,1)=AF171,OFFSET($I$1,$B170-1,2)=AF171),"SV",CHOOSE(WEEKDAY(DATE($A170,$B170,AF171),2),"--","--","--","--","--","SS","SK")),"XX") -> --
A173: =ROW(Liepa!A254)-1 -> 253 | B173: =ROW(Liepa!$A11)-1 -> 10 | C173: =ROW(Liepa!$A19)-1 -> 18 | D173: =ROW(Liepa!$A27)-1 -> 26 | E173: =ROW(Liepa!$A35)-1 -> 34 | F173: =ROW(Liepa!$A43)-1 -> 42 | G173: =ROW(Liepa!$A51)-1 -> 50 | H173: =ROW(Liepa!$A59)-1 -> 58 | I173: =ROW(Liepa!$A67)-1 -> 66 | J173: =ROW(Liepa!$A75)-1 -> 74 | K173: =ROW(Liepa!$A83)-1 -> 82 | L173: =ROW(Liepa!$A91)-1 -> 90 | M173: =ROW(Liepa!$A99)-1 -> 98 | N173: =ROW(Liepa!$A107)-1 -> 106 | O173: =ROW(Liepa!$A115)-1 -> 114 | P173: =ROW(Liepa!$A123)-1 -> 122 | Q173: =ROW(Liepa!$A131)-1 -> 130 | R173: =ROW(Liepa!$A139)-1 -> 138 | S173: =ROW(Liepa!$A147)-1 -> 146 | T173: =ROW(Liepa!$A155)-1 -> 154 | U173: =ROW(Liepa!$A163)-1 -> 162 | V173: =ROW(Liepa!$A171)-1 -> 170 | W173: =ROW(Liepa!$A179)-1 -> 178 | X173: =ROW(Liepa!$A187)-1 -> 186 | Y173: =ROW(Liepa!$A195)-1 -> 194 | Z173: =ROW(Liepa!$A203)-1 -> 202 | AA173: =ROW(Liepa!$A211)-1 -> 210 | AB173: =ROW(Liepa!$A219)-1 -> 218 | AC173: =ROW(Liepa!$A227)-1 -> 226 | AD173: =ROW(Liepa!$A235)-1 -> 234 | AE173: =ROW(Liepa!$A243)-1 -> 242 | AF173: =ROW(Liepa!$A251)-1 -> 250
A179: Metai | B179: Menuo skaičium | C179: Dienų sk. | F179: Menuo
A180: =Dinamika!$B$1 -> 2025 | B180: 8 | C180: =DAY(EOMONTH(DATE(A180,B180,1),0)) -> 31 | F180: =CHOOSE($B180,$B$1,$B$2,$B$3,$B$4,$B$5,$B$6,$B$7,$B$8,$B$9,$B$10,$B$11,$B$12) -> Rugpjūtis
A181: =CHOOSE($B180,$B$1,$B$2,$B$3,$B$4,$B$5,$B$6,$B$7,$B$8,$B$9,$B$10,$B$11,$B$12) -> Rugpjūtis | B181: 1 | C181: =B181+1 -> 2 | D181: =C181+1 -> 3 | E181: =D181+1 -> 4 | F181: =E181+1 -> 5 | G181: =F181+1 -> 6 | H181: =G181+1 -> 7 | I181: =H181+1 -> 8 | J181: =I181+1 -> 9 | ... AC181: =AB181+1 -> 28 | AD181: =IF(ABS(AC181)<$C180,AC181+1,-AC181+1) -> 29 | AE181: =IF(ABS(AD181)<$C180,AD181+1,-AD181+1) -> 30 | AF181: =IF(ABS(AE181)<$C180,AE181+1,-AE181+1) -> 31
A182: =A181 -> Rugpjūtis | B182: =IF(B181>0,IF(OR(OFFSET($I$1,$B180-1,0)=B181,OFFSET($I$1,$B180-1,1)=B181,OFFSET($I$1,$B180-1,2)=B181),"SV",CHOOSE(WEEKDAY(DATE($A180,$B180,B181),2),"--","--","--","--","--","SS","SK")),"XX") -> -- | C182: =IF(C181>0,IF(OR(OFFSET($I$1,$B180-1,0)=C181,OFFSET($I$1,$B180-1,1)=C181,OFFSET($I$1,$B180-1,2)=C181),"SV",CHOOSE(WEEKDAY(DATE($A180,$B180,C181),2),"--","--","--","--","--","SS","SK")),"XX") -> SS | D182: =IF(D181>0,IF(OR(OFFSET($I$1,$B180-1,0)=D181,OFFSET($I$1,$B180-1,1)=D181,OFFSET($I$1,$B180-1,2)=D181),"SV",CHOOSE(WEEKDAY(DATE($A180,$B180,D181),2),"--","--","--","--","--","SS","SK")),"XX") -> SK | E182: =IF(E181>0,IF(OR(OFFSET($I$1,$B180-1,0)=E181,OFFSET($I$1,$B180-1,1)=E181,OFFSET($I$1,$B180-1,2)=E181),"SV",CHOOSE(WEEKDAY(DATE($A180,$B180,E181),2),"--","--","--","--","--","SS","SK")),"XX") -> -- | F182: =IF(F181>0,IF(OR(OFFSET($I$1,$B180-1,0)=F181,OFFSET($I$1,$B180-1,1)=F181,OFFSET($I$1,$B180-1,2)=F181),"SV",CHOOSE(WEEKDAY(DATE($A180,$B180,F181),2),"--","--","--","--","--","SS","SK")),"XX") -> -- | G182: =IF(G181>0,IF(OR(OFFSET($I$1,$B180-1,0)=G181,OFFSET($I$1,$B180-1,1)=G181,OFFSET($I$1,$B180-1,2)=G181),"SV",CHOOSE(WEEKDAY(DATE($A180,$B180,G181),2),"--","--","--","--","--","SS","SK")),"XX") -> -- | H182: =IF(H181>0,IF(OR(OFFSET($I$1,$B180-1,0)=H181,OFFSET($I$1,$B180-1,1)=H181,OFFSET($I$1,$B180-1,2)=H181),"SV",CHOOSE(WEEKDAY(DATE($A180,$B180,H181),2),"--","--","--","--","--","SS","SK")),"XX") -> -- | I182: =IF(I181>0,IF(OR(OFFSET($I$1,$B180-1,0)=I181,OFFSET($I$1,$B180-1,1)=I181,OFFSET($I$1,$B180-1,2)=I181),"SV",CHOOSE(WEEKDAY(DATE($A180,$B180,I181),2),"--","--","--","--","--","SS","SK")),"XX") -> -- | ... AF182: =IF(AF181>0,IF(OR(OFFSET($I$1,$B180-1,0)=AF181,OFFSET($I$1,$B180-1,1)=AF181,OFFSET($I$1,$B180-1,2)=AF181),"SV",CHOOSE(WEEKDAY(DATE($A180,$B180,AF181),2),"--","--","--","--","--","SS","SK")),"XX") -> SK
A183: =ROW(Rugpjūtis!A254)-1 -> 253 | B183: =ROW(Rugpjūtis!$A11)-1 -> 10 | C183: =ROW(Rugpjūtis!$A19)-1 -> 18 | D183: =ROW(Rugpjūtis!$A27)-1 -> 26 | E183: =ROW(Rugpjūtis!$A35)-1 -> 34 | F183: =ROW(Rugpjūtis!$A43)-1 -> 42 | G183: =ROW(Rugpjūtis!$A51)-1 -> 50 | H183: =ROW(Rugpjūtis!$A59)-1 -> 58 | I183: =ROW(Rugpjūtis!$A67)-1 -> 66 | J183: =ROW(Rugpjūtis!$A75)-1 -> 74 | K183: =ROW(Rugpjūtis!$A83)-1 -> 82 | L183: =ROW(Rugpjūtis!$A91)-1 -> 90 | M183: =ROW(Rugpjūtis!$A99)-1 -> 98 | N183: =ROW(Rugpjūtis!$A107)-1 -> 106 | O183: =ROW(Rugpjūtis!$A115)-1 -> 114 | P183: =ROW(Rugpjūtis!$A123)-1 -> 122 | Q183: =ROW(Rugpjūtis!$A131)-1 -> 130 | R183: =ROW(Rugpjūtis!$A139)-1 -> 138 | S183: =ROW(Rugpjūtis!$A147)-1 -> 146 | T183: =ROW(Rugpjūtis!$A155)-1 -> 154 | U183: =ROW(Rugpjūtis!$A163)-1 -> 162 | V183: =ROW(Rugpjūtis!$A171)-1 -> 170 | W183: =ROW(Rugpjūtis!$A179)-1 -> 178 | X183: =ROW(Rugpjūtis!$A187)-1 -> 186 | Y183: =ROW(Rugpjūtis!$A195)-1 -> 194 | Z183: =ROW(Rugpjūtis!$A203)-1 -> 202 | AA183: =ROW(Rugpjūtis!$A211)-1 -> 210 | AB183: =ROW(Rugpjūtis!$A219)-1 -> 218 | AC183: =ROW(Rugpjūtis!$A227)-1 -> 226 | AD183: =ROW(Rugpjūtis!$A235)-1 -> 234 | AE183: =ROW(Rugpjūtis!$A243)-1 -> 242 | AF183: =ROW(Rugpjūtis!$A251)-1 -> 250
A189: Metai | B189: Menuo skaičium | C189: Dienų sk. | F189: Menuo
A190: =Dinamika!$B$1 -> 2025 | B190: 9 | C190: =DAY(EOMONTH(DATE(A190,B190,1),0)) -> 30 | F190: =CHOOSE($B190,$B$1,$B$2,$B$3,$B$4,$B$5,$B$6,$B$7,$B$8,$B$9,$B$10,$B$11,$B$12) -> Rugsėjis
A191: =CHOOSE($B190,$B$1,$B$2,$B$3,$B$4,$B$5,$B$6,$B$7,$B$8,$B$9,$B$10,$B$11,$B$12) -> Rugsėjis | B191: 1 | C191: =B191+1 -> 2 | D191: =C191+1 -> 3 | E191: =D191+1 -> 4 | F191: =E191+1 -> 5 | G191: =F191+1 -> 6 | H191: =G191+1 -> 7 | I191: =H191+1 -> 8 | J191: =I191+1 -> 9 | ... AC191: =AB191+1 -> 28 | AD191: =IF(ABS(AC191)<$C190,AC191+1,-AC191+1) -> 29 | AE191: =IF(ABS(AD191)<$C190,AD191+1,-AD191+1) -> 30 | AF191: =IF(ABS(AE191)<$C190,AE191+1,-AE191+1) -> -29
A192: =A191 -> Rugsėjis | B192: =IF(B191>0,IF(OR(OFFSET($I$1,$B190-1,0)=B191,OFFSET($I$1,$B190-1,1)=B191,OFFSET($I$1,$B190-1,2)=B191),"SV",CHOOSE(WEEKDAY(DATE($A190,$B190,B191),2),"--","--","--","--","--","SS","SK")),"XX") -> -- | C192: =IF(C191>0,IF(OR(OFFSET($I$1,$B190-1,0)=C191,OFFSET($I$1,$B190-1,1)=C191,OFFSET($I$1,$B190-1,2)=C191),"SV",CHOOSE(WEEKDAY(DATE($A190,$B190,C191),2),"--","--","--","--","--","SS","SK")),"XX") -> -- | D192: =IF(D191>0,IF(OR(OFFSET($I$1,$B190-1,0)=D191,OFFSET($I$1,$B190-1,1)=D191,OFFSET($I$1,$B190-1,2)=D191),"SV",CHOOSE(WEEKDAY(DATE($A190,$B190,D191),2),"--","--","--","--","--","SS","SK")),"XX") -> -- | E192: =IF(E191>0,IF(OR(OFFSET($I$1,$B190-1,0)=E191,OFFSET($I$1,$B190-1,1)=E191,OFFSET($I$1,$B190-1,2)=E191),"SV",CHOOSE(WEEKDAY(DATE($A190,$B190,E191),2),"--","--","--","--","--","SS","SK")),"XX") -> -- | F192: =IF(F191>0,IF(OR(OFFSET($I$1,$B190-1,0)=F191,OFFSET($I$1,$B190-1,1)=F191,OFFSET($I$1,$B190-1,2)=F191),"SV",CHOOSE(WEEKDAY(DATE($A190,$B190,F191),2),"--","--","--","--","--","SS","SK")),"XX") -> -- | G192: =IF(G191>0,IF(OR(OFFSET($I$1,$B190-1,0)=G191,OFFSET($I$1,$B190-1,1)=G191,OFFSET($I$1,$B190-1,2)=G191),"SV",CHOOSE(WEEKDAY(DATE($A190,$B190,G191),2),"--","--","--","--","--","SS","SK")),"XX") -> SS | H192: =IF(H191>0,IF(OR(OFFSET($I$1,$B190-1,0)=H191,OFFSET($I$1,$B190-1,1)=H191,OFFSET($I$1,$B190-1,2)=H191),"SV",CHOOSE(WEEKDAY(DATE($A190,$B190,H191),2),"--","--","--","--","--","SS","SK")),"XX") -> SK | I192: =IF(I191>0,IF(OR(OFFSET($I$1,$B190-1,0)=I191,OFFSET($I$1,$B190-1,1)=I191,OFFSET($I$1,$B190-1,2)=I191),"SV",CHOOSE(WEEKDAY(DATE($A190,$B190,I191),2),"--","--","--","--","--","SS","SK")),"XX") -> -- | ... AF192: =IF(AF191>0,IF(OR(OFFSET($I$1,$B190-1,0)=AF191,OFFSET($I$1,$B190-1,1)=AF191,OFFSET($I$1,$B190-1,2)=AF191),"SV",CHOOSE(WEEKDAY(DATE($A190,$B190,AF191),2),"--","--","--","--","--","SS","SK")),"XX") -> XX
A193: =ROW(Rugsėjis!A254)-1 -> 253 | B193: =ROW(Rugsėjis!$A11)-1 -> 10 | C193: =ROW(Rugsėjis!$A19)-1 -> 18 | D193: =ROW(Rugsėjis!$A27)-1 -> 26 | E193: =ROW(Rugsėjis!$A35)-1 -> 34 | F193: =ROW(Rugsėjis!$A43)-1 -> 42 | G193: =ROW(Rugsėjis!$A51)-1 -> 50 | H193: =ROW(Rugsėjis!$A59)-1 -> 58 | I193: =ROW(Rugsėjis!$A67)-1 -> 66 | J193: =ROW(Rugsėjis!$A75)-1 -> 74 | K193: =ROW(Rugsėjis!$A83)-1 -> 82 | L193: =ROW(Rugsėjis!$A91)-1 -> 90 | M193: =ROW(Rugsėjis!$A99)-1 -> 98 | N193: =ROW(Rugsėjis!$A107)-1 -> 106 | O193: =ROW(Rugsėjis!$A115)-1 -> 114 | P193: =ROW(Rugsėjis!$A123)-1 -> 122 | Q193: =ROW(Rugsėjis!$A131)-1 -> 130 | R193: =ROW(Rugsėjis!$A139)-1 -> 138 | S193: =ROW(Rugsėjis!$A147)-1 -> 146 | T193: =ROW(Rugsėjis!$A155)-1 -> 154 | U193: =ROW(Rugsėjis!$A163)-1 -> 162 | V193: =ROW(Rugsėjis!$A171)-1 -> 170 | W193: =ROW(Rugsėjis!$A179)-1 -> 178 | X193: =ROW(Rugsėjis!$A187)-1 -> 186 | Y193: =ROW(Rugsėjis!$A195)-1 -> 194 | Z193: =ROW(Rugsėjis!$A203)-1 -> 202 | AA193: =ROW(Rugsėjis!$A211)-1 -> 210 | AB193: =ROW(Rugsėjis!$A219)-1 -> 218 | AC193: =ROW(Rugsėjis!$A227)-1 -> 226 | AD193: =ROW(Rugsėjis!$A235)-1 -> 234 | AE193: =ROW(Rugsėjis!$A243)-1 -> 242 | AF193: =ROW(Rugsėjis!$A251)-1 -> 250
A199: Metai | B199: Menuo skaičium | C199: Dienų sk. | F199: Menuo
A200: =Dinamika!$B$1 -> 2025 | B200: 10 | C200: =DAY(EOMONTH(DATE(A200,B200,1),0)) -> 31 | F200: =CHOOSE($B200,$B$1,$B$2,$B$3,$B$4,$B$5,$B$6,$B$7,$B$8,$B$9,$B$10,$B$11,$B$12) -> Spalis
A201: =CHOOSE($B200,$B$1,$B$2,$B$3,$B$4,$B$5,$B$6,$B$7,$B$8,$B$9,$B$10,$B$11,$B$12) -> Spalis | B201: 1 | C201: =B201+1 -> 2 | D201: =C201+1 -> 3 | E201: =D201+1 -> 4 | F201: =E201+1 -> 5 | G201: =F201+1 -> 6 | H201: =G201+1 -> 7 | I201: =H201+1 -> 8 | J201: =I201+1 -> 9 | ... AC201: =AB201+1 -> 28 | AD201: =IF(ABS(AC201)<$C200,AC201+1,-AC201+1) -> 29 | AE201: =IF(ABS(AD201)<$C200,AD201+1,-AD201+1) -> 30 | AF201: =IF(ABS(AE201)<$C200,AE201+1,-AE201+1) -> 31
A202: =A201 -> Spalis | B202: =IF(B201>0,IF(OR(OFFSET($I$1,$B200-1,0)=B201,OFFSET($I$1,$B200-1,1)=B201,OFFSET($I$1,$B200-1,2)=B201),"SV",CHOOSE(WEEKDAY(DATE($A200,$B200,B201),2),"--","--","--","--","--","SS","SK")),"XX") -> -- | C202: =IF(C201>0,IF(OR(OFFSET($I$1,$B200-1,0)=C201,OFFSET($I$1,$B200-1,1)=C201,OFFSET($I$1,$B200-1,2)=C201),"SV",CHOOSE(WEEKDAY(DATE($A200,$B200,C201),2),"--","--","--","--","--","SS","SK")),"XX") -> -- | D202: =IF(D201>0,IF(OR(OFFSET($I$1,$B200-1,0)=D201,OFFSET($I$1,$B200-1,1)=D201,OFFSET($I$1,$B200-1,2)=D201),"SV",CHOOSE(WEEKDAY(DATE($A200,$B200,D201),2),"--","--","--","--","--","SS","SK")),"XX") -> -- | E202: =IF(E201>0,IF(OR(OFFSET($I$1,$B200-1,0)=E201,OFFSET($I$1,$B200-1,1)=E201,OFFSET($I$1,$B200-1,2)=E201),"SV",CHOOSE(WEEKDAY(DATE($A200,$B200,E201),2),"--","--","--","--","--","SS","SK")),"XX") -> SS | F202: =IF(F201>0,IF(OR(OFFSET($I$1,$B200-1,0)=F201,OFFSET($I$1,$B200-1,1)=F201,OFFSET($I$1,$B200-1,2)=F201),"SV",CHOOSE(WEEKDAY(DATE($A200,$B200,F201),2),"--","--","--","--","--","SS","SK")),"XX") -> SK | G202: =IF(G201>0,IF(OR(OFFSET($I$1,$B200-1,0)=G201,OFFSET($I$1,$B200-1,1)=G201,OFFSET($I$1,$B200-1,2)=G201),"SV",CHOOSE(WEEKDAY(DATE($A200,$B200,G201),2),"--","--","--","--","--","SS","SK")),"XX") -> -- | H202: =IF(H201>0,IF(OR(OFFSET($I$1,$B200-1,0)=H201,OFFSET($I$1,$B200-1,1)=H201,OFFSET($I$1,$B200-1,2)=H201),"SV",CHOOSE(WEEKDAY(DATE($A200,$B200,H201),2),"--","--","--","--","--","SS","SK")),"XX") -> -- | I202: =IF(I201>0,IF(OR(OFFSET($I$1,$B200-1,0)=I201,OFFSET($I$1,$B200-1,1)=I201,OFFSET($I$1,$B200-1,2)=I201),"SV",CHOOSE(WEEKDAY(DATE($A200,$B200,I201),2),"--","--","--","--","--","SS","SK")),"XX") -> -- | ... AF202: =IF(AF201>0,IF(OR(OFFSET($I$1,$B200-1,0)=AF201,OFFSET($I$1,$B200-1,1)=AF201,OFFSET($I$1,$B200-1,2)=AF201),"SV",CHOOSE(WEEKDAY(DATE($A200,$B200,AF201),2),"--","--","--","--","--","SS","SK")),"XX") -> --
A203: =ROW(Spalis!A254)-1 -> 253 | B203: =ROW(Spalis!$A11)-1 -> 10 | C203: =ROW(Spalis!$A19)-1 -> 18 | D203: =ROW(Spalis!$A27)-1 -> 26 | E203: =ROW(Spalis!$A35)-1 -> 34 | F203: =ROW(Spalis!$A43)-1 -> 42 | G203: =ROW(Spalis!$A51)-1 -> 50 | H203: =ROW(Spalis!$A59)-1 -> 58 | I203: =ROW(Spalis!$A67)-1 -> 66 | J203: =ROW(Spalis!$A75)-1 -> 74 | K203: =ROW(Spalis!$A83)-1 -> 82 | L203: =ROW(Spalis!$A91)-1 -> 90 | M203: =ROW(Spalis!$A99)-1 -> 98 | N203: =ROW(Spalis!$A107)-1 -> 106 | O203: =ROW(Spalis!$A115)-1 -> 114 | P203: =ROW(Spalis!$A123)-1 -> 122 | Q203: =ROW(Spalis!$A131)-1 -> 130 | R203: =ROW(Spalis!$A139)-1 -> 138 | S203: =ROW(Spalis!$A147)-1 -> 146 | T203: =ROW(Spalis!$A155)-1 -> 154 | U203: =ROW(Spalis!$A163)-1 -> 162 | V203: =ROW(Spalis!$A171)-1 -> 170 | W203: =ROW(Spalis!$A179)-1 -> 178 | X203: =ROW(Spalis!$A187)-1 -> 186 | Y203: =ROW(Spalis!$A195)-1 -> 194 | Z203: =ROW(Spalis!$A203)-1 -> 202 | AA203: =ROW(Spalis!$A211)-1 -> 210 | AB203: =ROW(Spalis!$A219)-1 -> 218 | AC203: =ROW(Spalis!$A227)-1 -> 226 | AD203: =ROW(Spalis!$A235)-1 -> 234 | AE203: =ROW(Spalis!$A243)-1 -> 242 | AF203: =ROW(Spalis!$A251)-1 -> 250
A209: Metai | B209: Menuo skaičium | C209: Dienų sk. | F209: Menuo
A210: =Dinamika!$B$1 -> 2025 | B210: 11 | C210: =DAY(EOMONTH(DATE(A210,B210,1),0)) -> 30 | F210: =CHOOSE($B210,$B$1,$B$2,$B$3,$B$4,$B$5,$B$6,$B$7,$B$8,$B$9,$B$10,$B$11,$B$12) -> Lapkritis
A211: =CHOOSE($B210,$B$1,$B$2,$B$3,$B$4,$B$5,$B$6,$B$7,$B$8,$B$9,$B$10,$B$11,$B$12) -> Lapkritis | B211: 1 | C211: =B211+1 -> 2 | D211: =C211+1 -> 3 | E211: =D211+1 -> 4 | F211: =E211+1 -> 5 | G211: =F211+1 -> 6 | H211: =G211+1 -> 7 | I211: =H211+1 -> 8 | J211: =I211+1 -> 9 | ... AC211: =AB211+1 -> 28 | AD211: =IF(ABS(AC211)<$C210,AC211+1,-AC211+1) -> 29 | AE211: =IF(ABS(AD211)<$C210,AD211+1,-AD211+1) -> 30 | AF211: =IF(ABS(AE211)<$C210,AE211+1,-AE211+1) -> -29
A212: =A211 -> Lapkritis | B212: =IF(B211>0,IF(OR(OFFSET($I$1,$B210-1,0)=B211,OFFSET($I$1,$B210-1,1)=B211,OFFSET($I$1,$B210-1,2)=B211),"SV",CHOOSE(WEEKDAY(DATE($A210,$B210,B211),2),"--","--","--","--","--","SS","SK")),"XX") -> SV | C212: =IF(C211>0,IF(OR(OFFSET($I$1,$B210-1,0)=C211,OFFSET($I$1,$B210-1,1)=C211,OFFSET($I$1,$B210-1,2)=C211),"SV",CHOOSE(WEEKDAY(DATE($A210,$B210,C211),2),"--","--","--","--","--","SS","SK")),"XX") -> SV | D212: =IF(D211>0,IF(OR(OFFSET($I$1,$B210-1,0)=D211,OFFSET($I$1,$B210-1,1)=D211,OFFSET($I$1,$B210-1,2)=D211),"SV",CHOOSE(WEEKDAY(DATE($A210,$B210,D211),2),"--","--","--","--","--","SS","SK")),"XX") -> -- | E212: =IF(E211>0,IF(OR(OFFSET($I$1,$B210-1,0)=E211,OFFSET($I$1,$B210-1,1)=E211,OFFSET($I$1,$B210-1,2)=E211),"SV",CHOOSE(WEEKDAY(DATE($A210,$B210,E211),2),"--","--","--","--","--","SS","SK")),"XX") -> -- | F212: =IF(F211>0,IF(OR(OFFSET($I$1,$B210-1,0)=F211,OFFSET($I$1,$B210-1,1)=F211,OFFSET($I$1,$B210-1,2)=F211),"SV",CHOOSE(WEEKDAY(DATE($A210,$B210,F211),2),"--","--","--","--","--","SS","SK")),"XX") -> -- | G212: =IF(G211>0,IF(OR(OFFSET($I$1,$B210-1,0)=G211,OFFSET($I$1,$B210-1,1)=G211,OFFSET($I$1,$B210-1,2)=G211),"SV",CHOOSE(WEEKDAY(DATE($A210,$B210,G211),2),"--","--","--","--","--","SS","SK")),"XX") -> -- | H212: =IF(H211>0,IF(OR(OFFSET($I$1,$B210-1,0)=H211,OFFSET($I$1,$B210-1,1)=H211,OFFSET($I$1,$B210-1,2)=H211),"SV",CHOOSE(WEEKDAY(DATE($A210,$B210,H211),2),"--","--","--","--","--","SS","SK")),"XX") -> -- | I212: =IF(I211>0,IF(OR(OFFSET($I$1,$B210-1,0)=I211,OFFSET($I$1,$B210-1,1)=I211,OFFSET($I$1,$B210-1,2)=I211),"SV",CHOOSE(WEEKDAY(DATE($A210,$B210,I211),2),"--","--","--","--","--","SS","SK")),"XX") -> SS | ... AF212: =IF(AF211>0,IF(OR(OFFSET($I$1,$B210-1,0)=AF211,OFFSET($I$1,$B210-1,1)=AF211,OFFSET($I$1,$B210-1,2)=AF211),"SV",CHOOSE(WEEKDAY(DATE($A210,$B210,AF211),2),"--","--","--","--","--","SS","SK")),"XX") -> XX
A213: =ROW(Lapkritis!A254)-1 -> 253 | B213: =ROW(Lapkritis!$A11)-1 -> 10 | C213: =ROW(Lapkritis!$A19)-1 -> 18 | D213: =ROW(Lapkritis!$A27)-1 -> 26 | E213: =ROW(Lapkritis!$A35)-1 -> 34 | F213: =ROW(Lapkritis!$A43)-1 -> 42 | G213: =ROW(Lapkritis!$A51)-1 -> 50 | H213: =ROW(Lapkritis!$A59)-1 -> 58 | I213: =ROW(Lapkritis!$A67)-1 -> 66 | J213: =ROW(Lapkritis!$A75)-1 -> 74 | K213: =ROW(Lapkritis!$A83)-1 -> 82 | L213: =ROW(Lapkritis!$A91)-1 -> 90 | M213: =ROW(Lapkritis!$A99)-1 -> 98 | N213: =ROW(Lapkritis!$A107)-1 -> 106 | O213: =ROW(Lapkritis!$A115)-1 -> 114 | P213: =ROW(Lapkritis!$A123)-1 -> 122 | Q213: =ROW(Lapkritis!$A131)-1 -> 130 | R213: =ROW(Lapkritis!$A139)-1 -> 138 | S213: =ROW(Lapkritis!$A147)-1 -> 146 | T213: =ROW(Lapkritis!$A155)-1 -> 154 | U213: =ROW(Lapkritis!$A163)-1 -> 162 | V213: =ROW(Lapkritis!$A171)-1 -> 170 | W213: =ROW(Lapkritis!$A179)-1 -> 178 | X213: =ROW(Lapkritis!$A187)-1 -> 186 | Y213: =ROW(Lapkritis!$A195)-1 -> 194 | Z213: =ROW(Lapkritis!$A203)-1 -> 202 | AA213: =ROW(Lapkritis!$A211)-1 -> 210 | AB213: =ROW(Lapkritis!$A219)-1 -> 218 | AC213: =ROW(Lapkritis!$A227)-1 -> 226 | AD213: =ROW(Lapkritis!$A235)-1 -> 234 | AE213: =ROW(Lapkritis!$A243)-1 -> 242 | AF213: =ROW(Lapkritis!$A251)-1 -> 250
A219: Metai | B219: Menuo skaičium | C219: Dienų sk. | F219: Menuo
A220: =Dinamika!$B$1 -> 2025 | B220: 12 | C220: =DAY(EOMONTH(DATE(A220,B220,1),0)) -> 31 | F220: =CHOOSE($B220,$B$1,$B$2,$B$3,$B$4,$B$5,$B$6,$B$7,$B$8,$B$9,$B$10,$B$11,$B$12) -> Gruodis
A221: =CHOOSE($B220,$B$1,$B$2,$B$3,$B$4,$B$5,$B$6,$B$7,$B$8,$B$9,$B$10,$B$11,$B$12) -> Gruodis | B221: 1 | C221: =B221+1 -> 2 | D221: =C221+1 -> 3 | E221: =D221+1 -> 4 | F221: =E221+1 -> 5 | G221: =F221+1 -> 6 | H221: =G221+1 -> 7 | I221: =H221+1 -> 8 | J221: =I221+1 -> 9 | ... AC221: =AB221+1 -> 28 | AD221: =IF(ABS(AC221)<$C220,AC221+1,-AC221+1) -> 29 | AE221: =IF(ABS(AD221)<$C220,AD221+1,-AD221+1) -> 30 | AF221: =IF(ABS(AE221)<$C220,AE221+1,-AE221+1) -> 31
A222: =A221 -> Gruodis | B222: =IF(B221>0,IF(OR(OFFSET($I$1,$B220-1,0)=B221,OFFSET($I$1,$B220-1,1)=B221,OFFSET($I$1,$B220-1,2)=B221),"SV",CHOOSE(WEEKDAY(DATE($A220,$B220,B221),2),"--","--","--","--","--","SS","SK")),"XX") -> -- | C222: =IF(C221>0,IF(OR(OFFSET($I$1,$B220-1,0)=C221,OFFSET($I$1,$B220-1,1)=C221,OFFSET($I$1,$B220-1,2)=C221),"SV",CHOOSE(WEEKDAY(DATE($A220,$B220,C221),2),"--","--","--","--","--","SS","SK")),"XX") -> -- | D222: =IF(D221>0,IF(OR(OFFSET($I$1,$B220-1,0)=D221,OFFSET($I$1,$B220-1,1)=D221,OFFSET($I$1,$B220-1,2)=D221),"SV",CHOOSE(WEEKDAY(DATE($A220,$B220,D221),2),"--","--","--","--","--","SS","SK")),"XX") -> -- | E222: =IF(E221>0,IF(OR(OFFSET($I$1,$B220-1,0)=E221,OFFSET($I$1,$B220-1,1)=E221,OFFSET($I$1,$B220-1,2)=E221),"SV",CHOOSE(WEEKDAY(DATE($A220,$B220,E221),2),"--","--","--","--","--","SS","SK")),"XX") -> -- | F222: =IF(F221>0,IF(OR(OFFSET($I$1,$B220-1,0)=F221,OFFSET($I$1,$B220-1,1)=F221,OFFSET($I$1,$B220-1,2)=F221),"SV",CHOOSE(WEEKDAY(DATE($A220,$B220,F221),2),"--","--","--","--","--","SS","SK")),"XX") -> -- | G222: =IF(G221>0,IF(OR(OFFSET($I$1,$B220-1,0)=G221,OFFSET($I$1,$B220-1,1)=G221,OFFSET($I$1,$B220-1,2)=G221),"SV",CHOOSE(WEEKDAY(DATE($A220,$B220,G221),2),"--","--","--","--","--","SS","SK")),"XX") -> SS | H222: =IF(H221>0,IF(OR(OFFSET($I$1,$B220-1,0)=H221,OFFSET($I$1,$B220-1,1)=H221,OFFSET($I$1,$B220-1,2)=H221),"SV",CHOOSE(WEEKDAY(DATE($A220,$B220,H221),2),"--","--","--","--","--","SS","SK")),"XX") -> SK | I222: =IF(I221>0,IF(OR(OFFSET($I$1,$B220-1,0)=I221,OFFSET($I$1,$B220-1,1)=I221,OFFSET($I$1,$B220-1,2)=I221),"SV",CHOOSE(WEEKDAY(DATE($A220,$B220,I221),2),"--","--","--","--","--","SS","SK")),"XX") -> -- | ... AF222: =IF(AF221>0,IF(OR(OFFSET($I$1,$B220-1,0)=AF221,OFFSET($I$1,$B220-1,1)=AF221,OFFSET($I$1,$B220-1,2)=AF221),"SV",CHOOSE(WEEKDAY(DATE($A220,$B220,AF221),2),"--","--","--","--","--","SS","SK")),"XX") -> --
A223: =ROW(Gruodis!A254)-1 -> 253 | B223: =ROW(Gruodis!$A11)-1 -> 10 | C223: =ROW(Gruodis!$A19)-1 -> 18 | D223: =ROW(Gruodis!$A27)-1 -> 26 | E223: =ROW(Gruodis!$A35)-1 -> 34 | F223: =ROW(Gruodis!$A43)-1 -> 42 | G223: =ROW(Gruodis!$A51)-1 -> 50 | H223: =ROW(Gruodis!$A59)-1 -> 58 | I223: =ROW(Gruodis!$A67)-1 -> 66 | J223: =ROW(Gruodis!$A75)-1 -> 74 | K223: =ROW(Gruodis!$A83)-1 -> 82 | L223: =ROW(Gruodis!$A91)-1 -> 90 | M223: =ROW(Gruodis!$A99)-1 -> 98 | N223: =ROW(Gruodis!$A107)-1 -> 106 | O223: =ROW(Gruodis!$A115)-1 -> 114 | P223: =ROW(Gruodis!$A123)-1 -> 122 | Q223: =ROW(Gruodis!$A131)-1 -> 130 | R223: =ROW(Gruodis!$A139)-1 -> 138 | S223: =ROW(Gruodis!$A147)-1 -> 146 | T223: =ROW(Gruodis!$A155)-1 -> 154 | U223: =ROW(Gruodis!$A163)-1 -> 162 | V223: =ROW(Gruodis!$A171)-1 -> 170 | W223: =ROW(Gruodis!$A179)-1 -> 178 | X223: =ROW(Gruodis!$A187)-1 -> 186 | Y223: =ROW(Gruodis!$A195)-1 -> 194 | Z223: =ROW(Gruodis!$A203)-1 -> 202 | AA223: =ROW(Gruodis!$A211)-1 -> 210 | AB223: =ROW(Gruodis!$A219)-1 -> 218 | AC223: =ROW(Gruodis!$A227)-1 -> 226 | AD223: =ROW(Gruodis!$A235)-1 -> 234 | AE223: =ROW(Gruodis!$A243)-1 -> 242 | AF223: =ROW(Gruodis!$A251)-1 -> 250

Sheet Bendras metų
Q1: Psw:sukciai
C3: -1 | D3: <== + - prie šiandienos | U3: Praeitų mėn. Žalos | V3: =SUM(V6:V16,L253) -> 11082548
B4: Sukčiavimo pranešimų apdorojimas
B5: =CONCATENATE(YEAR(NOW()+C3)," m. ",OFFSET('0'!A1,MONTH(NOW()+C3)-1,0)," mėn. ",DAY(NOW()+C3)," d.") -> 2025 m. gruodžio mėn. 31 d. | U5: mėn.
C6: per praėjusią parą | D6: Iš viso nuo centro veiklos pradžios (2025-01-27) | U6: 1 | V6: =Sausis!L254 -> 46650.2
B7: Paimti ROIK pranešimai (skaičius) | C7: =INDIRECT(ADDRESS(OFFSET('0'!$B$113,(MONTH(NOW()+C3)-1)*10,DAY(NOW()+C3)-1)+1,4,4,TRUE,OFFSET('0'!$B$1,MONTH(NOW()+C3)-1,0))) -> 0 | D7: =Q23 -> 6815 | F7: C5, C7, C8, C9, C10, C11, C12, C13, C14, C15, C16, C17, C18 | I7: langelius nepildyti naktį dirbančiam darbuotojui nuo 00 val iki 5 val ryto | U7: 2 | V7: =Vasaris!L250 -> 993065.32
B8: Apdorota įvykių nuotoliu | C8: =INDIRECT(ADDRESS(OFFSET('0'!$B$113,(MONTH(NOW()+C3)-1)*10,DAY(NOW()+C3)-1)+1,5,4,TRUE,OFFSET('0'!$B$1,MONTH(NOW()+C3)-1,0))) -> 0 | D8: =Q24 -> 6543 | F8: Duomenys automatiškai persikelia iš kitų lentelių | U8: 3 | V8: =Kovas!L254 -> 3079849.4
B9: Tikslinamos aplinkybės (M) | C9: =INDIRECT(ADDRESS(OFFSET('0'!$B$113,(MONTH(NOW()+C3)-1)*10,DAY(NOW()+C3)-1)+1,15,4,TRUE,OFFSET('0'!$B$1,MONTH(NOW()+C3)-1,0))) -> 0 | D9: =Q25 -> 377 | U9: 4 | V9: =Balandis!L259 -> 3214494.9
B10: Pradėta IT | C10: =INDIRECT(ADDRESS(OFFSET('0'!$B$113,(MONTH(NOW()+C3)-1)*10,DAY(NOW()+C3)-1)+1,16,4,TRUE,OFFSET('0'!$B$1,MONTH(NOW()+C3)-1,0))) -> 0 | D10: =Q26 -> 997 | U10: 5 | V10: =Gegužė!L254 -> 3452913.4
B11: Informuotos kitos institucijos, iš jų: | C11: =INDIRECT(ADDRESS(OFFSET('0'!$B$113,(MONTH(NOW()+C3)-1)*10,DAY(NOW()+C3)-1)+1,6,4,TRUE,OFFSET('0'!$B$1,MONTH(NOW()+C3)-1,0))) -> 0 | D11: =Q27 -> 3374 | U11: 6 | V11: =Birželis!L254 -> 295574.6
B12: Bankas | C12: =INDIRECT(ADDRESS(OFFSET('0'!$B$113,(MONTH(NOW()+C3)-1)*10,DAY(NOW()+C3)-1),6,4,TRUE,OFFSET('0'!$B$1,MONTH(NOW()+C3)-1,0))) -> 0 | D12: =Q28 -> 1342 | U12: 7 | V12: =Liepa!L254 -> 0
B13: RRT | C13: =INDIRECT(ADDRESS(OFFSET('0'!$B$113,(MONTH(NOW()+C3)-1)*10,DAY(NOW()+C3)-1),7,4,TRUE,OFFSET('0'!$B$1,MONTH(NOW()+C3)-1,0))) -> 0 | D13: =Q29 -> 1287 | U13: 8 | V13: =Rugpjūtis!L254 -> 0
B14: FNTT | C14: =INDIRECT(ADDRESS(OFFSET('0'!$B$113,(MONTH(NOW()+C3)-1)*10,DAY(NOW()+C3)-1),8,4,TRUE,OFFSET('0'!$B$1,MONTH(NOW()+C3)-1,0))) -> 0 | D14: =Q30 -> 4 | U14: 9 | V14: =Rugsėjis!L254 -> 0
B15: NKSC | C15: =INDIRECT(ADDRESS(OFFSET('0'!$B$113,(MONTH(NOW()+C3)-1)*10,DAY(NOW()+C3)-1),9,4,TRUE,OFFSET('0'!$B$1,MONTH(NOW()+C3)-1,0))) -> 0 | D15: =Q31 -> 316 | U15: 10 | V15: =Spalis!L254 -> 0
B16: Facebook | C16: =INDIRECT(ADDRESS(OFFSET('0'!$B$113,(MONTH(NOW()+C3)-1)*10,DAY(NOW()+C3)-1),10,4,TRUE,OFFSET('0'!$B$1,MONTH(NOW()+C3)-1,0))) -> 0 | D16: =Q32 -> 410 | U16: 11 | V16: =Lapkritis!L254 -> 0
B17: Kita | C17: =INDIRECT(ADDRESS(OFFSET('0'!$B$113,(MONTH(NOW()+C3)-1)*10,DAY(NOW()+C3)-1),11,4,TRUE,OFFSET('0'!$B$1,MONTH(NOW()+C3)-1,0))) -> 0 | D17: =Q33 -> 15
B18: Pasisavintų lėšų suma, Eur (visų pranešimų) * | C18: =INDIRECT(ADDRESS(OFFSET('0'!$B$113,(MONTH(NOW()+C3)-1)*10,DAY(NOW()+C3)-1)+1,12,4,TRUE,OFFSET('0'!$B$1,MONTH(NOW()+C3)-1,0))) -> 0 | D18: =Q34 -> 11082548
B19: * Preliminari žala, pateikta pagal pirminę pranešėjų informaciją
D21: METŲ REZULTATAS
E22: Sausis | F22: Vasaris | G22: Kovas | H22: Balandis | I22: Gegužė | J22: Birželis | K22: Liepa | L22: Rugpjūtis | M22: Rugsėjis | N22: Spalis | O22: Lapkritis | P22: Gruodis | Q22: VISO | R22: VISO ANKŠČIAU
D23: Paimti ROIK pranešimai (skaičius) | E23: =Sausis!D253 -> 197 | F23: =Vasaris!D250 -> 843 | G23: =Kovas!D254 -> 1695 | H23: =Balandis!D259 -> 1844 | I23: =Gegužė!D254 -> 2122 | J23: =Birželis!D254 -> 114 | K23: =Liepa!D254 -> 0 | L23: =Rugpjūtis!D254 -> 0 | M23: =Rugsėjis!D254 -> 0 | N23: =Spalis!D254 -> 0 | O23: =Lapkritis!D254 -> 0 | P23: =Gruodis!D254 -> 0 | Q23: =SUM(E23:P23,R23) -> 6815
D24: Apdorota įvykių nuotoliu | E24: =Sausis!E253 -> 192 | F24: =Vasaris!E250 -> 815 | G24: =Kovas!E254 -> 1636 | H24: =Balandis!E259 -> 1770 | I24: =Gegužė!E254 -> 2020 | J24: =Birželis!E254 -> 110 | K24: =Liepa!E254 -> 0 | L24: =Rugpjūtis!E254 -> 0 | M24: =Rugsėjis!E254 -> 0 | N24: =Spalis!E254 -> 0 | O24: =Lapkritis!E254 -> 0 | P24: =Gruodis!E254 -> 0 | Q24: =SUM(E24:P24,R24) -> 6543
D25: Tikslinamos aplinkybės (M) | E25: =Sausis!O253 -> 59 | F25: =Vasaris!O250 -> 94 | G25: =Kovas!O253 -> 99 | H25: =Balandis!O258 -> 62 | I25: =Gegužė!O253 -> 59 | J25: =Birželis!O253 -> 4 | K25: =Liepa!O253 -> 0 | L25: =Rugpjūtis!O253 -> 0 | M25: =Rugsėjis!O253 -> 0 | N25: =Spalis!O253 -> 0 | O25: =Lapkritis!O253 -> 0 | P25: =Gruodis!O253 -> 0 | Q25: =SUM(E25:P25,R25) -> 377
D26: Pradėta IT | E26: =Sausis!P253 -> 301 | F26: =Vasaris!P250 -> 210 | G26: =Kovas!P250 -> 214 | H26: =Balandis!P258 -> 133 | I26: =Gegužė!P253 -> 139 | J26: =Birželis!P250 -> 0 | K26: =Liepa!P250 -> 0 | L26: =Rugpjūtis!P250 -> 0 | M26: =Rugsėjis!P250 -> 0 | N26: =Spalis!P250 -> 0 | O26: =Lapkritis!P250 -> 0 | P26: =Gruodis!P250 -> 0 | Q26: =SUM(E26:P26,R26) -> 997
D27: Informuotos kitos institucijos | E27: =Sausis!F254 -> 28 | F27: =Vasaris!F251 -> 184 | G27: =Kovas!F254 -> 457 | H27: =Balandis!F259 -> 1478 | I27: =Gegužė!F254 -> 1167 | J27: =Birželis!F254 -> 60 | K27: =Liepa!F254 -> 0 | L27: =Rugpjūtis!F254 -> 0 | M27: =Rugsėjis!F254 -> 0 | N27: =Spalis!F254 -> 0 | O27: =Lapkritis!F254 -> 0 | P27: =Gruodis!F254 -> 0 | Q27: =SUM(E27:P27,R27) -> 3374
D28: Bankas | E28: =Sausis!F253 -> 12 | F28: =Vasaris!F250 -> 88 | G28: =Kovas!F253 -> 271 | H28: =Balandis!F258 -> 605 | I28: =Gegužė!F253 -> 345 | J28: =Birželis!F253 -> 21 | K28: =Liepa!F253 -> 0 | L28: =Rugpjūtis!F253 -> 0 | M28: =Rugsėjis!F253 -> 0 | N28: =Spalis!F253 -> 0 | O28: =Lapkritis!F253 -> 0 | P28: =Gruodis!F253 -> 0 | Q28: =SUM(E28:P28,R28) -> 1342
D29: RRT | E29: =Sausis!G253 -> 0 | F29: =Vasaris!G250 -> 0 | G29: =Kovas!G253 -> 0 | H29: =Balandis!G258 -> 638 | I29: =Gegužė!G253 -> 632 | J29: =Birželis!G253 -> 17 | K29: =Liepa!G253 -> 0 | L29: =Rugpjūtis!G253 -> 0 | M29: =Rugsėjis!G253 -> 0 | N29: =Spalis!G253 -> 0 | O29: =Lapkritis!G253 -> 0 | P29: =Gruodis!G253 -> 0 | Q29: =SUM(E29:P29,R29) -> 1287
D30: FNTT | E30: =Sausis!H253 -> 0 | F30: =Vasaris!H250 -> 0 | G30: =Kovas!H253 -> 1 | H30: =Balandis!H258 -> 0 | I30: =Gegužė!H253 -> 3 | J30: =Birželis!H253 -> 0 | K30: =Liepa!H253 -> 0 | L30: =Rugpjūtis!H253 -> 0 | M30: =Rugsėjis!H253 -> 0 | N30: =Spalis!H253 -> 0 | O30: =Lapkritis!H253 -> 0 | P30: =Gruodis!H253 -> 0 | Q30: =SUM(E30:P30,R30) -> 4
D31: NKSC | E31: =Sausis!I253 -> 4 | F31: =Vasaris!I250 -> 31 | G31: =Kovas!I253 -> 60 | H31: =Balandis!I258 -> 108 | I31: =Gegužė!I253 -> 100 | J31: =Birželis!I253 -> 13 | K31: =Liepa!I253 -> 0 | L31: =Rugpjūtis!I253 -> 0 | M31: =Rugsėjis!I253 -> 0 | N31: =Spalis!I253 -> 0 | O31: =Lapkritis!I253 -> 0 | P31: =Gruodis!I253 -> 0 | Q31: =SUM(E31:P31,R31) -> 316
D32: Facebook | E32: =Sausis!J253 -> 8 | F32: =Vasaris!J250 -> 55 | G32: =Kovas!J253 -> 125 | H32: =Balandis!J258 -> 127 | I32: =Gegužė!J253 -> 86 | J32: =Birželis!$J253 -> 9 | K32: =Liepa!J253 -> 0 | L32: =Rugpjūtis!J253 -> 0 | M32: =Rugsėjis!J253 -> 0 | N32: =Spalis!J253 -> 0 | O32: =Lapkritis!J253 -> 0 | P32: =Gruodis!J253 -> 0 | Q32: =SUM(E32:P32,R32) -> 410
D33: Kita | E33: =Sausis!K253 -> 4 | F33: =Vasaris!K250 -> 10 | G33: =Kovas!K253 -> 0 | H33: =Balandis!K258 -> 0 | I33: =Gegužė!$K253 -> 1 | J33: =Birželis!K253 -> 0 | K33: =Liepa!K253 -> 0 | L33: =Rugpjūtis!K253 -> 0 | M33: =Rugsėjis!K253 -> 0 | N33: =Spalis!K253 -> 0 | O33: =Lapkritis!K253 -> 0 | P33: =Gruodis!K253 -> 0 | Q33: =SUM(E33:P33,R33) -> 15
D34: Pasisavintų lėšų suma (visų pranešimų) | E34: =Sausis!$L254 -> 46650.2 | F34: =Vasaris!L250 -> 993065.32 | G34: =Kovas!L254 -> 3079849.4 | H34: =Balandis!L259 -> 3214494.9 | I34: =Gegužė!L254 -> 3452913.4 | J34: =Birželis!L254 -> 295574.6 | K34: =Liepa!L254 -> 0 | L34: =Rugpjūtis!L254 -> 0 | M34: =Rugsėjis!L254 -> 0 | N34: =Spalis!L254 -> 0 | O34: =Lapkritis!L254 -> 0 | P34: =Gruodis!L254 -> 0 | Q34: =SUM(E34:P34,R34) -> 11082548
K36: METŲ REZULTATŲ LENTELĖS PVV3 DARBUOTOJAMS NEPILDYTI (turėtų skaičiuoti automatiškai)

Sheet Sausis
A1: 1
B2: Mėnesio diena | C2: Vardas, pavardė. Pamaina D/N | D2: Paimti ROIK pranešimai (skaičius) | E2: Apdorota | F2: INFORMUOTA | L2: Pasisavintų lėšų suma (visų pranešimų) | M2: Neapdorota (siųstos pajėgos) | N2: Kontrolinis | O2: Tikslinamos aplinkybės (M) | P2: Pradėta IT | Q2: Pastabos | T2: Kontr. Kasdienė eilutė (Žalos)
F3: Bankas | G3: RRT | H3: FNTT | I3: NKSC | J3: Facebook | K3: Kita/įrašyti
A4: =OFFSET('0'!$B$112,($A$1-1)*10,$B4-1) -> SV | B4: =OFFSET('0'!$B$111,($A$1-1)*10,0) -> 1 | M4: =SUM(D4-E4) -> 0 | N4: =SUM(E4,M4) -> 0
M5: =SUM(D5-E5) -> 0 | N5: =SUM(E5,M5) -> 0
M6: =SUM(D6-E6) -> 0 | N6: =SUM(E6,M6) -> 0
M7: =SUM(D7-E7) -> 0 | N7: =SUM(E7,M7) -> 0
M8: =SUM(D8-E8) -> 0 | N8: =SUM(E8,M8) -> 0
M9: =SUM(D9-E9) -> 0 | N9: =SUM(E9,M9) -> 0
C10: Iš viso Lietuvoje: | D10: =SUM(D4:D9) -> 0 | E10: =SUM(E4:E9) -> 0 | F10: =SUM(F4:F9) -> 0 | G10: =SUM(G4:G9) -> 0 | H10: =SUM(H4:H9) -> 0 | I10: =SUM(I4:I9) -> 0 | J10: =SUM(J4:J9) -> 0 | K10: =SUM(K4:K9) -> 0 | M10: =SUM(M4:M9) -> 0 | N10: =SUM(N4:N9) -> 0
C11: dienos foto | D11: =SUM(D4:D9) -> 0 | E11: =SUM(E4:E9) -> 0 | F11: =SUM(F10:K10) -> 0 | L11: =L10 -> 0 | M11: =SUM(M4:M9) -> 0 | N11: =SUM(N4:N9) -> 0 | O11: =SUM(O10) -> 0 | P11: =SUM(P10) -> 0 | T11: =$V$3+L11 -> 0
A12: =OFFSET('0'!$B$112,($A$1-1)*10,$B12-1) -> -- | B12: =OFFSET('0'!$B$111,($A$1-1)*10,1) -> 2 | M12: =SUM(D12-E12) -> 0 | N12: =SUM(E12,M12) -> 0
M13: =SUM(D13-E13) -> 0 | N13: =SUM(E13,M13) -> 0
M14: =SUM(D14-E14) -> 0 | N14: =SUM(E14,M14) -> 0
M15: =SUM(D15-E15) -> 0 | N15: =SUM(E15,M15) -> 0
M16: =SUM(D16-E16) -> 0 | N16: =SUM(E16,M16) -> 0
M17: =SUM(D17-E17) -> 0 | N17: =SUM(E17,M17) -> 0
C18: Iš viso Lietuvoje: | D18: =SUM(D12:D17) -> 0 | E18: =SUM(E12:E17) -> 0 | F18: =SUM(F12:F17) -> 0 | G18: =SUM(G12:G17) -> 0 | H18: =SUM(H12:H17) -> 0 | I18: =SUM(I12:I17) -> 0 | J18: =SUM(J12:J17) -> 0 | K18: =SUM(K12:K17) -> 0 | M18: =SUM(M12:M17) -> 0 | N18: =SUM(N12:N17) -> 0
C19: dienos foto | D19: =SUM(D12:D17) -> 0 | E19: =SUM(E12:E17) -> 0 | F19: =SUM(F18:K18) -> 0 | L19: =L18 -> 0 | M19: =SUM(M12:M17) -> 0 | N19: =SUM(N12:N17) -> 0 | O19: =SUM(O18) -> 0 | P19: =SUM(P18) -> 0 | T19: =$V$3+L11+L19 -> 0
A20: =OFFSET('0'!$B$112,($A$1-1)*10,$B20-1) -> -- | B20: =OFFSET('0'!$B$111,($A$1-1)*10,2) -> 3 | M20: =SUM(D20-E20) -> 0 | N20: =SUM(E20,M20) -> 0
M21: =SUM(D21-E21) -> 0 | N21: =SUM(E21,M21) -> 0
M22: =SUM(D22-E22) -> 0 | N22: =SUM(E22,M22) -> 0
M23: =SUM(D23-E23) -> 0 | N23: =SUM(E23,M23) -> 0
M24: =SUM(D24-E24) -> 0 | N24: =SUM(E24,M24) -> 0
M25: =SUM(D25-E25) -> 0 | N25: =SUM(E25,M25) -> 0
C26: Iš viso Lietuvoje: | D26: =SUM(D20:D25) -> 0 | E26: =SUM(E20:E25) -> 0 | F26: =SUM(F20:F25) -> 0 | G26: =SUM(G20:G25) -> 0 | H26: =SUM(H20:H25) -> 0 | I26: =SUM(I20:I25) -> 0 | J26: =SUM(J20:J25) -> 0 | K26: =SUM(K20:K25) -> 0 | M26: =SUM(M20:M25) -> 0 | N26: =SUM(N20:N25) -> 0
C27: dienos foto | D27: =SUM(D20:D25) -> 0 | E27: =SUM(E20:E25) -> 0 | F27: =SUM(F26:K26) -> 0 | L27: =L26 -> 0 | M27: =SUM(M20:M25) -> 0 | N27: =SUM(N20:N25) -> 0 | O27: =SUM(O26) -> 0 | P27: =SUM(P26) -> 0 | T27: =$V$3++L11+L19+L27 -> 0
A28: =OFFSET('0'!$B$112,($A$1-1)*10,$B28-1) -> SS | B28: =OFFSET('0'!$B$111,($A$1-1)*10,3) -> 4 | M28: =SUM(D28-E28) -> 0 | N28: =SUM(E28,M28) -> 0
M29: =SUM(D29-E29) -> 0 | N29: =SUM(E29,M29) -> 0
M30: =SUM(D30-E30) -> 0 | N30: =SUM(E30,M30) -> 0
M31: =SUM(D31-E31) -> 0 | N31: =SUM(E31,M31) -> 0
M32: =SUM(D32-E32) -> 0 | N32: =SUM(E32,M32) -> 0
M33: =SUM(D33-E33) -> 0 | N33: =SUM(E33,M33) -> 0
C34: Iš viso Lietuvoje: | D34: =SUM(D28:D33) -> 0 | E34: =SUM(E28:E33) -> 0 | F34: =SUM(F28:F33) -> 0 | G34: =SUM(G28:G33) -> 0 | H34: =SUM(H28:H33) -> 0 | I34: =SUM(I28:I33) -> 0 | J34: =SUM(J28:J33) -> 0 | K34: =SUM(K28:K33) -> 0 | M34: =SUM(M28:M33) -> 0 | N34: =SUM(N28:N33) -> 0
C35: dienos foto | D35: =SUM(D28:D33) -> 0 | E35: =SUM(E28:E33) -> 0 | F35: =SUM(F34:K34) -> 0 | L35: =L34 -> 0 | M35: =SUM(M28:M33) -> 0 | N35: =SUM(N28:N33) -> 0 | O35: =SUM(O34) -> 0 | P35: =SUM(P34) -> 0 | T35: =$V$3+L11+L19+L27+L35 -> 0
A36: =OFFSET('0'!$B$112,($A$1-1)*10,$B36-1) -> SK | B36: =OFFSET('0'!$B$111,($A$1-1)*10,4) -> 5 | M36: =SUM(D36-E36) -> 0 | N36: =SUM(E36,M36) -> 0
M37: =SUM(D37-E37) -> 0 | N37: =SUM(E37,M37) -> 0
M38: =SUM(D38-E38) -> 0 | N38: =SUM(E38,M38) -> 0
M39: =SUM(D39-E39) -> 0 | N39: =SUM(E39,M39) -> 0
M40: =SUM(D40-E40) -> 0 | N40: =SUM(E40,M40) -> 0
M41: =SUM(D41-E41) -> 0 | N41: =SUM(E41,M41) -> 0
C42: Iš viso Lietuvoje: | D42: =SUM(D36:D41) -> 0 | E42: =SUM(E36:E41) -> 0 | F42: =SUM(F36:F41) -> 0 | G42: =SUM(G36:G41) -> 0 | H42: =SUM(H36:H41) -> 0 | I42: =SUM(I36:I41) -> 0 | J42: =SUM(J36:J41) -> 0 | K42: =SUM(K36:K41) -> 0 | M42: =SUM(M36:M41) -> 0 | N42: =SUM(N36:N41) -> 0
C43: dienos foto | D43: =SUM(D36:D41) -> 0 | E43: =SUM(E36:E41) -> 0 | F43: =SUM(F42:K42) -> 0 | L43: =L42 -> 0 | M43: =SUM(M36:M41) -> 0 | N43: =SUM(N36:N41) -> 0 | O43: =SUM(O42) -> 0 | P43: =SUM(P42) -> 0 | T43: =$V$3+L11+L19+L27+L35+L43 -> 0
A44: =OFFSET('0'!$B$112,($A$1-1)*10,$B44-1) -> -- | B44: =OFFSET('0'!$B$111,($A$1-1)*10,5) -> 6 | M44: =SUM(D44-E44) -> 0 | N44: =SUM(E44,M44) -> 0
M45: =SUM(D45-E45) -> 0 | N45: =SUM(E45,M45) -> 0
M46: =SUM(D46-E46) -> 0 | N46: =SUM(E46,M46) -> 0
M47: =SUM(D47-E47) -> 0 | N47: =SUM(E47,M47) -> 0
M48: =SUM(D48-E48) -> 0 | N48: =SUM(E48,M48) -> 0
M49: =SUM(D49-E49) -> 0 | N49: =SUM(E49,M49) -> 0
C50: Iš viso Lietuvoje: | D50: =SUM(D44:D49) -> 0 | E50: =SUM(E44:E49) -> 0 | F50: =SUM(F44:F49) -> 0 | G50: =SUM(G44:G49) -> 0 | H50: =SUM(H44:H49) -> 0 | I50: =SUM(I44:I49) -> 0 | J50: =SUM(J44:J49) -> 0 | K50: =SUM(K44:K49) -> 0 | M50: =SUM(M44:M49) -> 0 | N50: =SUM(N44:N49) -> 0
C51: dienos foto | D51: =SUM(D44:D49) -> 0 | E51: =SUM(E44:E49) -> 0 | F51: =SUM(F50:K50) -> 0 | L51: =L50 -> 0 | M51: =SUM(M44:M49) -> 0 | N51: =SUM(N44:N49) -> 0 | O51: =SUM(O50) -> 0 | P51: =SUM(P50) -> 0 | T51: =$V$3+L11+L19+L27+L35+L43+L51 -> 0
A52: =OFFSET('0'!$B$112,($A$1-1)*10,$B52-1) -> -- | B52: =OFFSET('0'!$B$111,($A$1-1)*10,6) -> 7 | M52: =SUM(D52-E52) -> 0 | N52: =SUM(E52,M52) -> 0
M53: =SUM(D53-E53) -> 0 | N53: =SUM(E53,M53) -> 0
M54: =SUM(D54-E54) -> 0 | N54: =SUM(E54,M54) -> 0
M55: =SUM(D55-E55) -> 0 | N55: =SUM(E55,M55) -> 0
M56: =SUM(D56-E56) -> 0 | N56: =SUM(E56,M56) -> 0
M57: =SUM(D57-E57) -> 0 | N57: =SUM(E57,M57) -> 0
C58: Iš viso Lietuvoje: | D58: =SUM(D52:D57) -> 0 | E58: =SUM(E52:E57) -> 0 | F58: =SUM(F52:F57) -> 0 | G58: =SUM(G52:G57) -> 0 | H58: =SUM(H52:H57) -> 0 | I58: =SUM(I52:I57) -> 0 | J58: =SUM(J52:J57) -> 0 | K58: =SUM(K52:K57) -> 0 | M58: =SUM(M52:M57) -> 0 | N58: =SUM(N52:N57) -> 0
C59: dienos foto | D59: =SUM(D52:D57) -> 0 | E59: =SUM(E52:E57) -> 0 | F59: =SUM(F58:K58) -> 0 | L59: =L58 -> 0 | M59: =SUM(M52:M57) -> 0 | N59: =SUM(N52:N57) -> 0 | O59: =SUM(O58) -> 0 | P59: =SUM(P58) -> 0 | T59: =$V$3+L11+L19+L27+L35+L43+L51+L59 -> 0
A60: =OFFSET('0'!$B$112,($A$1-1)*10,$B60-1) -> -- | B60: =OFFSET('0'!$B$111,($A$1-1)*10,7) -> 8 | M60: =SUM(D60-E60) -> 0 | N60: =SUM(E60,M60) -> 0
M61: =SUM(D61-E61) -> 0 | N61: =SUM(E61,M61) -> 0
M62: =SUM(D62-E62) -> 0 | N62: =SUM(E62,M62) -> 0
M63: =SUM(D63-E63) -> 0 | N63: =SUM(E63,M63) -> 0
M64: =SUM(D64-E64) -> 0 | N64: =SUM(E64,M64) -> 0
M65: =SUM(D65-E65) -> 0 | N65: =SUM(E65,M65) -> 0
C66: Iš viso Lietuvoje: | D66: =SUM(D60:D65) -> 0 | E66: =SUM(E60:E65) -> 0 | F66: =SUM(F60:F65) -> 0 | G66: =SUM(G60:G65) -> 0 | H66: =SUM(H60:H65) -> 0 | I66: =SUM(I60:I65) -> 0 | J66: =SUM(J60:J65) -> 0 | K66: =SUM(K60:K65) -> 0 | M66: =SUM(M60:M65) -> 0 | N66: =SUM(N60:N65) -> 0
C67: dienos foto | D67: =SUM(D60:D65) -> 0 | E67: =SUM(E60:E65) -> 0 | F67: =SUM(F66:K66) -> 0 | L67: =L66 -> 0 | M67: =SUM(M60:M65) -> 0 | N67: =SUM(N60:N65) -> 0 | O67: =SUM(O66) -> 0 | P67: =SUM(P66) -> 0 | T67: =$V$3+L11+L19+L27+L35+L43+L51+L59+L67 -> 0
A68: =OFFSET('0'!$B$112,($A$1-1)*10,$B68-1) -> -- | B68: =OFFSET('0'!$B$111,($A$1-1)*10,8) -> 9 | M68: =SUM(D68-E68) -> 0 | N68: =SUM(E68,M68) -> 0
M69: =SUM(D69-E69) -> 0 | N69: =SUM(E69,M69) -> 0
M70: =SUM(D70-E70) -> 0 | N70: =SUM(E70,M70) -> 0
M71: =SUM(D71-E71) -> 0 | N71: =SUM(E71,M71) -> 0
M72: =SUM(D72-E72) -> 0 | N72: =SUM(E72,M72) -> 0
M73: =SUM(D73-E73) -> 0 | N73: =SUM(E73,M73) -> 0
C74: Iš viso Lietuvoje: | D74: =SUM(D68:D73) -> 0 | E74: =SUM(E68:E73) -> 0 | F74: =SUM(F68:F73) -> 0 | G74: =SUM(G68:G73) -> 0 | H74: =SUM(H68:H73) -> 0 | I74: =SUM(I68:I73) -> 0 | J74: =SUM(J68:J73) -> 0 | K74: =SUM(K68:K73) -> 0 | M74: =SUM(M68:M73) -> 0 | N74: =SUM(N68:N73) -> 0
C75: dienos foto | D75: =SUM(D68:D73) -> 0 | E75: =SUM(E68:E73) -> 0 | F75: =SUM(F74:K74) -> 0 | L75: =L74 -> 0 | M75: =SUM(M68:M73) -> 0 | N75: =SUM(N68:N73) -> 0 | O75: =SUM(O74) -> 0 | P75: =SUM(P74) -> 0 | T75: =$V$3+L11+L19+L27+L35+L43+L51+L59+L67+L75 -> 0
A76: =OFFSET('0'!$B$112,($A$1-1)*10,$B76-1) -> -- | B76: =OFFSET('0'!$B$111,($A$1-1)*10,9) -> 10 | M76: =SUM(D76-E76) -> 0 | N76: =SUM(E76,M76) -> 0
M77: =SUM(D77-E77) -> 0 | N77: =SUM(E77,M77) -> 0
M78: =SUM(D78-E78) -> 0 | N78: =SUM(E78,M78) -> 0
M79: =SUM(D79-E79) -> 0 | N79: =SUM(E79,M79) -> 0
M80: =SUM(D80-E80) -> 0 | N80: =SUM(E80,M80) -> 0
M81: =SUM(D81-E81) -> 0 | N81: =SUM(E81,M81) -> 0
C82: Iš viso Lietuvoje: | D82: =SUM(D76:D81) -> 0 | E82: =SUM(E76:E81) -> 0 | F82: =SUM(F76:F81) -> 0 | G82: =SUM(G76:G81) -> 0 | H82: =SUM(H76:H81) -> 0 | I82: =SUM(I76:I81) -> 0 | J82: =SUM(J76:J81) -> 0 | K82: =SUM(K76:K81) -> 0 | M82: =SUM(M76:M81) -> 0 | N82: =SUM(N76:N81) -> 0
C83: dienos foto | D83: =SUM(D76:D81) -> 0 | E83: =SUM(E76:E81) -> 0 | F83: =SUM(F82:K82) -> 0 | L83: =L82 -> 0 | M83: =SUM(M76:M81) -> 0 | N83: =SUM(N76:N81) -> 0 | O83: =SUM(O82) -> 0 | P83: =SUM(P82) -> 0 | T83: =$V$3+L11+L19+L27+L35+L43+L51+L59+L67+L75+L83 -> 0
A84: =OFFSET('0'!$B$112,($A$1-1)*10,$B84-1) -> SS | B84: =OFFSET('0'!$B$111,($A$1-1)*10,10) -> 11 | M84: =SUM(D84-E84) -> 0 | N84: =SUM(E84,M84) -> 0
M85: =SUM(D85-E85) -> 0 | N85: =SUM(E85,M85) -> 0
M86: =SUM(D86-E86) -> 0 | N86: =SUM(E86,M86) -> 0
M87: =SUM(D87-E87) -> 0 | N87: =SUM(E87,M87) -> 0
M88: =SUM(D88-E88) -> 0 | N88: =SUM(E88,M88) -> 0
M89: =SUM(D89-E89) -> 0 | N89: =SUM(E89,M89) -> 0
C90: Iš viso Lietuvoje: | D90: =SUM(D84:D89) -> 0 | E90: =SUM(E84:E89) -> 0 | F90: =SUM(F84:F89) -> 0 | G90: =SUM(G84:G89) -> 0 | H90: =SUM(H84:H89) -> 0 | I90: =SUM(I84:I89) -> 0 | J90: =SUM(J84:J89) -> 0 | K90: =SUM(K84:K89) -> 0 | M90: =SUM(M84:M89) -> 0 | N90: =SUM(N84:N89) -> 0
C91: dienos foto | D91: =SUM(D84:D89) -> 0 | E91: =SUM(E84:E89) -> 0 | F91: =SUM(F90:K90) -> 0 | L91: =L90 -> 0 | M91: =SUM(M84:M89) -> 0 | N91: =SUM(N84:N89) -> 0 | O91: =SUM(O90) -> 0 | P91: =SUM(P90) -> 0 | T91: =$V$3+L11+L19+L27+L35+L43+L51+L59+L67+L75+L83+L91 -> 0
A92: =OFFSET('0'!$B$112,($A$1-1)*10,$B92-1) -> SK | B92: =OFFSET('0'!$B$111,($A$1-1)*10,11) -> 12 | M92: =SUM(D92-E92) -> 0 | N92: =SUM(E92,M92) -> 0
M93: =SUM(D93-E93) -> 0 | N93: =SUM(E93,M93) -> 0
M94: =SUM(D94-E94) -> 0 | N94: =SUM(E94,M94) -> 0
M95: =SUM(D95-E95) -> 0 | N95: =SUM(E95,M95) -> 0
M96: =SUM(D96-E96) -> 0 | N96: =SUM(E96,M96) -> 0
M97: =SUM(D97-E97) -> 0 | N97: =SUM(E97,M97) -> 0
C98: Iš viso Lietuvoje: | D98: =SUM(D92:D97) -> 0 | E98: =SUM(E92:E97) -> 0 | F98: =SUM(F92:F97) -> 0 | G98: =SUM(G92:G97) -> 0 | H98: =SUM(H92:H97) -> 0 | I98: =SUM(I92:I97) -> 0 | J98: =SUM(J92:J97) -> 0 | K98: =SUM(K92:K97) -> 0 | M98: =SUM(M92:M97) -> 0 | N98: =SUM(N92:N97) -> 0
C99: dienos foto | D99: =SUM(D92:D97) -> 0 | E99: =SUM(E92:E97) -> 0 | F99: =SUM(F98:K98) -> 0 | L99: =L98 -> 0 | M99: =SUM(M92:M97) -> 0 | N99: =SUM(N92:N97) -> 0 | O99: =SUM(O98) -> 0 | P99: =SUM(P98) -> 0 | T99: =$V$3+L11+L19+L27+L35+L43+L51+L59+L67+L75+L83+L91+L99 -> 0
A100: =OFFSET('0'!$B$112,($A$1-1)*10,$B100-1) -> -- | B100: =OFFSET('0'!$B$111,($A$1-1)*10,12) -> 13 | M100: =SUM(D100-E100) -> 0 | N100: =SUM(E100,M100) -> 0
...

Sheet Vasaris
A1: 2
B2: Mėnesio diena | C2: Vardas, pavardė. Pamaina D/N | D2: Paimti ROIK pranešimai (skaičius) | E2: Apdorota | F2: INFORMUOTA | L2: Pasisavintų lėšų suma (visų pranešimų) | M2: Neapdorota (siųstos pajėgos) | N2: Kontrolinis | O2: Tikslinamos aplinkybės (M) | P2: Pradėta IT | Q2: Pastabos | T2: Kontr. Kasdienė eilutė (Žalos)
F3: Bankas | G3: RRT | H3: FNTT | I3: NKSC | J3: Facebook | K3: Kita/įrašyti | U3: Praeitų mėn. Žalos | V3: =SUM('Bendras metų'!V6) -> 46650.2
A4: =OFFSET('0'!$B$112,($A$1-1)*10,$B4-1) -> SS | B4: =OFFSET('0'!$B$111,($A$1-1)*10,0) -> 1 | D4: 7 | E4: 7 | J4: 1 | M4: =SUM(D4-E4) -> 0 | N4: =SUM(E4,M4) -> 7
M5: =SUM(D5-E5) -> 0 | N5: =SUM(E5,M5) -> 0
C6: Iš viso Lietuvoje: | D6: =SUM(D4:D5) -> 7 | E6: =SUM(E4:E5) -> 7 | F6: =SUM(F4:F5) -> 0 | G6: =SUM(G4:G5) -> 0 | H6: =SUM(H4:H5) -> 0 | I6: =SUM(I4:I5) -> 0 | J6: =SUM(J4:J5) -> 1 | K6: =SUM(K4:K5) -> 0 | ... N6: =SUM(N4:N5) -> 7 | P6: 55
C7: dienos foto | D7: =SUM(D4:D5) -> 7 | E7: =SUM(E4:E5) -> 7 | F7: =SUM(F6:K6) -> 1 | L7: =L6 -> 0 | M7: =SUM(M4:M5) -> 0 | N7: =SUM(N4:N5) -> 7 | O7: =SUM(O6) -> 0 | P7: =SUM(P6) -> 55 | T7: =$V$3+L7 -> 46650.2
A8: =OFFSET('0'!$B$112,($A$1-1)*10,$B8-1) -> SK | B8: =OFFSET('0'!$B$111,($A$1-1)*10,1) -> 2 | D8: 4 | E8: 4 | F8: 2 | J8: 1 | L8: 227 | M8: =SUM(D8-E8) -> 0 | N8: =SUM(E8,M8) -> 4
D9: 3 | E9: 3 | L9: 50 | M9: =SUM(D9-E9) -> 0 | N9: =SUM(E9,M9) -> 3
D10: 7 | E10: 6 | J10: 1 | L10: 35 | M10: =SUM(D10-E10) -> 1 | N10: =SUM(E10,M10) -> 7
D11: 4 | E11: 4 | F11: 2 | J11: 1 | L11: 14448.5 | M11: =SUM(D11-E11) -> 0 | N11: =SUM(E11,M11) -> 4
M12: =SUM(D12-E12) -> 0 | N12: =SUM(E12,M12) -> 0
M13: =SUM(D13-E13) -> 0 | N13: =SUM(E13,M13) -> 0
C14: Iš viso Lietuvoje: | D14: =SUM(D8:D13) -> 18 | E14: =SUM(E8:E13) -> 17 | F14: =SUM(F8:F13) -> 4 | G14: =SUM(G8:G13) -> 0 | H14: =SUM(H8:H13) -> 0 | I14: =SUM(I8:I13) -> 0 | J14: =SUM(J8:J13) -> 3 | K14: =SUM(K8:K13) -> 0 | ... N14: =SUM(N8:N13) -> 18
C15: dienos foto | D15: =SUM(D8:D13) -> 18 | E15: =SUM(E8:E13) -> 17 | F15: =SUM(F14:K14) -> 7 | L15: =L14 -> 14760.5 | M15: =SUM(M8:M13) -> 1 | N15: =SUM(N8:N13) -> 18 | O15: =SUM(O14) -> 0 | P15: =SUM(P14) -> 0 | T15: =$V$3+L7+L15 -> 61410.7
A16: =OFFSET('0'!$B$112,($A$1-1)*10,$B16-1) -> -- | B16: =OFFSET('0'!$B$111,($A$1-1)*10,2) -> 3 | D16: 4 | E16: 4 | F16: 2 | J16: 1 | L16: 53 | M16: =SUM(D16-E16) -> 0 | N16: =SUM(E16,M16) -> 4
D17: 29 | E17: 29 | F17: 2 | I17: 1 | J17: 1 | K17: 1 | L17: 1953.24 | M17: =SUM(D17-E17) -> 0 | N17: =SUM(E17,M17) -> 29
D18: 33 | E18: 30 | F18: 1 | J18: 1 | L18: 16760 | M18: =SUM(D18-E18) -> 3 | N18: =SUM(E18,M18) -> 33
D19: 27 | E19: 27 | F19: 2 | I19: 2 | L19: 4045.43 | M19: =SUM(D19-E19) -> 0 | N19: =SUM(E19,M19) -> 27
M20: =SUM(D20-E20) -> 0 | N20: =SUM(E20,M20) -> 0
M21: =SUM(D21-E21) -> 0 | N21: =SUM(E21,M21) -> 0
C22: Iš viso Lietuvoje: | D22: =SUM(D16:D21) -> 93 | E22: =SUM(E16:E21) -> 90 | F22: =SUM(F16:F21) -> 7 | G22: =SUM(G16:G21) -> 0 | H22: =SUM(H16:H21) -> 0 | I22: =SUM(I16:I21) -> 3 | J22: =SUM(J16:J21) -> 3 | K22: =SUM(K16:K21) -> 1 | ... N22: =SUM(N16:N21) -> 93
C23: dienos foto | D23: =SUM(D16:D21) -> 93 | E23: =SUM(E16:E21) -> 90 | F23: =SUM(F22:K22) -> 14 | L23: =L22 -> 22811.67 | M23: =SUM(M16:M21) -> 3 | N23: =SUM(N16:N21) -> 93 | O23: =SUM(O22) -> 0 | P23: =SUM(P22) -> 0 | T23: =$V$3+L7+L15+L23 -> 84222.37
A24: =OFFSET('0'!$B$112,($A$1-1)*10,$B24-1) -> -- | B24: =OFFSET('0'!$B$111,($A$1-1)*10,3) -> 4 | D24: 31 | E24: 31 | F24: 2 | I24: 1 | J24: 1 | K24: 3 | L24: 180 | M24: =SUM(D24-E24) -> 0 | N24: =SUM(E24,M24) -> 31
D25: 9 | E25: 9 | L25: 18506 | M25: =SUM(D25-E25) -> 0 | N25: =SUM(E25,M25) -> 9
D26: 26 | E26: 26 | F26: 5 | J26: 4 | L26: 997 | M26: =SUM(D26-E26) -> 0 | N26: =SUM(E26,M26) -> 26
D27: 30 | E27: 30 | F27: 3 | L27: 1015 | M27: =SUM(D27-E27) -> 0 | N27: =SUM(E27,M27) -> 30
M28: =SUM(D28-E28) -> 0 | N28: =SUM(E28,M28) -> 0
M29: =SUM(D29-E29) -> 0 | N29: =SUM(E29,M29) -> 0
C30: Iš viso Lietuvoje: | D30: =SUM(D24:D29) -> 96 | E30: =SUM(E24:E29) -> 96 | F30: =SUM(F24:F29) -> 10 | G30: =SUM(G24:G29) -> 0 | H30: =SUM(H24:H29) -> 0 | I30: =SUM(I24:I29) -> 1 | J30: =SUM(J24:J29) -> 5 | K30: =SUM(K24:K29) -> 3 | ... N30: =SUM(N24:N29) -> 96
C31: dienos foto | D31: =SUM(D24:D29) -> 96 | E31: =SUM(E24:E29) -> 96 | F31: =SUM(F30:K30) -> 19 | L31: =L30 -> 20698 | M31: =SUM(M24:M29) -> 0 | N31: =SUM(N24:N29) -> 96 | O31: =SUM(O30) -> 0 | P31: =SUM(P30) -> 0 | T31: =$V$3+L7+L15+L23+L31 -> 104920.37
A32: =OFFSET('0'!$B$112,($A$1-1)*10,$B32-1) -> -- | B32: =OFFSET('0'!$B$111,($A$1-1)*10,4) -> 5 | D32: 40 | E32: 39 | F32: 2 | L32: 2651.17 | M32: =SUM(D32-E32) -> 1 | N32: =SUM(E32,M32) -> 40
D33: 10 | E33: 9 | F33: 2 | I33: 1 | J33: 4 | K33: 1 | L33: 10762.29 | M33: =SUM(D33-E33) -> 1 | N33: =SUM(E33,M33) -> 10
D34: 49 | E34: 48 | F34: 2 | I34: 1 | J34: 4 | K34: 1 | L34: 44184.93 | M34: =SUM(D34-E34) -> 1 | N34: =SUM(E34,M34) -> 49
M35: =SUM(D35-E35) -> 0 | N35: =SUM(E35,M35) -> 0
M36: =SUM(D36-E36) -> 0 | N36: =SUM(E36,M36) -> 0
M37: =SUM(D37-E37) -> 0 | N37: =SUM(E37,M37) -> 0
C38: Iš viso Lietuvoje: | D38: =SUM(D32:D37) -> 99 | E38: =SUM(E32:E37) -> 96 | F38: =SUM(F32:F37) -> 6 | G38: =SUM(G32:G37) -> 0 | H38: =SUM(H32:H37) -> 0 | I38: =SUM(I32:I37) -> 2 | J38: =SUM(J32:J37) -> 8 | K38: =SUM(K32:K37) -> 2 | ... N38: =SUM(N32:N37) -> 99
C39: dienos foto | D39: =SUM(D32:D37) -> 99 | E39: =SUM(E32:E37) -> 96 | F39: =SUM(F38:K38) -> 18 | L39: =L38 -> 57598.39 | M39: =SUM(M32:M37) -> 3 | N39: =SUM(N32:N37) -> 99 | O39: =SUM(O38) -> 0 | P39: =SUM(P38) -> 0 | T39: =$V$3+L7+L15+L23+L31+L39 -> 162518.76
A40: =OFFSET('0'!$B$112,($A$1-1)*10,$B40-1) -> -- | B40: =OFFSET('0'!$B$111,($A$1-1)*10,5) -> 6 | D40: 17 | E40: 17 | F40: 1 | I40: 2 | K40: 1 | L40: 1937.67 | M40: =SUM(D40-E40) -> 0 | N40: =SUM(E40,M40) -> 17
D41: 35 | E41: 34 | F41: 1 | I41: 1 | J41: 1 | K41: 1 | L41: 3888 | M41: =SUM(D41-E41) -> 1 | N41: =SUM(E41,M41) -> 35
D42: 30 | E42: 30 | F42: 3 | I42: 1 | J42: 1 | K42: 1 | L42: 170 | M42: =SUM(D42-E42) -> 0 | N42: =SUM(E42,M42) -> 30
M43: =SUM(D43-E43) -> 0 | N43: =SUM(E43,M43) -> 0
M44: =SUM(D44-E44) -> 0 | N44: =SUM(E44,M44) -> 0
M45: =SUM(D45-E45) -> 0 | N45: =SUM(E45,M45) -> 0
C46: Iš viso Lietuvoje: | D46: =SUM(D40:D45) -> 82 | E46: =SUM(E40:E45) -> 81 | F46: =SUM(F40:F45) -> 5 | G46: =SUM(G40:G45) -> 0 | H46: =SUM(H40:H45) -> 0 | I46: =SUM(I40:I45) -> 4 | J46: =SUM(J40:J45) -> 2 | K46: =SUM(K40:K45) -> 3 | ... N46: =SUM(N40:N45) -> 82
C47: dienos foto | D47: =SUM(D40:D45) -> 82 | E47: =SUM(E40:E45) -> 81 | F47: =SUM(F46:K46) -> 14 | L47: =L46 -> 5995.67 | M47: =SUM(M40:M45) -> 1 | N47: =SUM(N40:N45) -> 82 | O47: =SUM(O46) -> 0 | P47: =SUM(P46) -> 0 | T47: =$V$3+L7+L15+L23+L31+L39+L47 -> 168514.43
A48: =OFFSET('0'!$B$112,($A$1-1)*10,$B48-1) -> -- | B48: =OFFSET('0'!$B$111,($A$1-1)*10,6) -> 7 | D48: 22 | E48: 21 | F48: 4 | I48: 1 | J48: 2 | L48: 11284.01 | M48: =SUM(D48-E48) -> 1 | N48: =SUM(E48,M48) -> 22
D49: 36 | E49: 36 | F49: 2 | I49: 3 | J49: 1 | L49: 13797.98 | M49: =SUM(D49-E49) -> 0 | N49: =SUM(E49,M49) -> 36
D50: 34 | E50: 34 | F50: 2 | I50: 2 | J50: 1 | L50: 16728.88 | M50: =SUM(D50-E50) -> 0 | N50: =SUM(E50,M50) -> 34
M51: =SUM(D51-E51) -> 0 | N51: =SUM(E51,M51) -> 0
M52: =SUM(D52-E52) -> 0 | N52: =SUM(E52,M52) -> 0
M53: =SUM(D53-E53) -> 0 | N53: =SUM(E53,M53) -> 0
C54: Iš viso Lietuvoje: | D54: =SUM(D48:D53) -> 92 | E54: =SUM(E48:E53) -> 91 | F54: =SUM(F48:F53) -> 8 | G54: =SUM(G48:G53) -> 0 | H54: =SUM(H48:H53) -> 0 | I54: =SUM(I48:I53) -> 6 | J54: =SUM(J48:J53) -> 4 | K54: =SUM(K48:K53) -> 0 | ... N54: =SUM(N48:N53) -> 92
C55: dienos foto | D55: =SUM(D48:D53) -> 92 | E55: =SUM(E48:E53) -> 91 | F55: =SUM(F54:K54) -> 18 | L55: =L54 -> 41810.87 | M55: =SUM(M48:M53) -> 1 | N55: =SUM(N48:N53) -> 92 | O55: =SUM(O54) -> 0 | P55: =SUM(P54) -> 0 | T55: =$V$3+L7+L15+L23+L31+L39+L47+L55 -> 210325.3
A56: =OFFSET('0'!$B$112,($A$1-1)*10,$B56-1) -> SS | B56: =OFFSET('0'!$B$111,($A$1-1)*10,7) -> 8 | D56: 13 | E56: 10 | I56: 3 | L56: 20430 | M56: =SUM(D56-E56) -> 3 | N56: =SUM(E56,M56) -> 13
D57: 6 | E57: 6 | F57: 1 | J57: 1 | L57: 10850 | M57: =SUM(D57-E57) -> 0 | N57: =SUM(E57,M57) -> 6
D58: 6 | E58: 4 | L58: 17500 | M58: =SUM(D58-E58) -> 2 | N58: =SUM(E58,M58) -> 6
M59: =SUM(D59-E59) -> 0 | N59: =SUM(E59,M59) -> 0
M60: =SUM(D60-E60) -> 0 | N60: =SUM(E60,M60) -> 0
M61: =SUM(D61-E61) -> 0 | N61: =SUM(E61,M61) -> 0
C62: Iš viso Lietuvoje: | D62: =SUM(D56:D61) -> 25 | E62: =SUM(E56:E61) -> 20 | F62: =SUM(F56:F61) -> 1 | G62: =SUM(G56:G61) -> 0 | H62: =SUM(H56:H61) -> 0 | I62: =SUM(I56:I61) -> 3 | J62: =SUM(J56:J61) -> 1 | K62: =SUM(K56:K61) -> 0 | ... N62: =SUM(N56:N61) -> 25
C63: dienos foto | D63: =SUM(D56:D61) -> 25 | E63: =SUM(E56:E61) -> 20 | F63: =SUM(F62:K62) -> 5 | L63: =L62 -> 48780 | M63: =SUM(M56:M61) -> 5 | N63: =SUM(N56:N61) -> 25 | O63: =SUM(O62) -> 0 | P63: =SUM(P62) -> 0 | T63: =$V$3+L7+L15+L23+L31+L39+L47+L55+L63 -> 259105.3
A64: =OFFSET('0'!$B$112,($A$1-1)*10,$B64-1) -> SK | B64: =OFFSET('0'!$B$111,($A$1-1)*10,8) -> 9 | D64: 6 | E64: 6 | F64: 1 | I64: 1 | L64: 0 | M64: =SUM(D64-E64) -> 0 | N64: =SUM(E64,M64) -> 6
D65: 5 | E65: 5 | F65: 4 | J65: 1 | L65: 517 | M65: =SUM(D65-E65) -> 0 | N65: =SUM(E65,M65) -> 5
D66: 4 | E66: 4 | F66: 2 | J66: 2 | L66: 4091 | M66: =SUM(D66-E66) -> 0 | N66: =SUM(E66,M66) -> 4
M67: =SUM(D67-E67) -> 0 | N67: =SUM(E67,M67) -> 0
M68: =SUM(D68-E68) -> 0 | N68: =SUM(E68,M68) -> 0
M69: =SUM(D69-E69) -> 0 | N69: =SUM(E69,M69) -> 0
C70: Iš viso Lietuvoje: | D70: =SUM(D64:D69) -> 15 | E70: =SUM(E64:E69) -> 15 | F70: =SUM(F64:F69) -> 7 | G70: =SUM(G64:G69) -> 0 | H70: =SUM(H64:H69) -> 0 | I70: =SUM(I64:I69) -> 1 | J70: =SUM(J64:J69) -> 3 | K70: =SUM(K64:K69) -> 0 | ... N70: =SUM(N64:N69) -> 15
C71: dienos foto | D71: =SUM(D64:D69) -> 15 | E71: =SUM(E64:E69) -> 15 | F71: =SUM(F70:K70) -> 11 | L71: =L70 -> 4608 | M71: =SUM(M64:M69) -> 0 | N71: =SUM(N64:N69) -> 15 | O71: =SUM(O70) -> 0 | P71: =SUM(P70) -> 0 | T71: =$V$3+L7+L15+L23+L31+L39+L47+L55+L63+L71 -> 263713.3
A72: =OFFSET('0'!$B$112,($A$1-1)*10,$B72-1) -> -- | B72: =OFFSET('0'!$B$111,($A$1-1)*10,9) -> 10 | D72: 5 | E72: 4 | F72: 2 | I72: 1 | J72: 1 | L72: 750 | M72: =SUM(D72-E72) -> 1 | N72: =SUM(E72,M72) -> 5
D73: 27 | E73: 26 | F73: 2 | J73: 2 | L73: 9327.6 | M73: =SUM(D73-E73) -> 1 | N73: =SUM(E73,M73) -> 27
D74: 23 | E74: 22 | F74: 3 | I74: 2 | J74: 1 | L74: 14972.41 | M74: =SUM(D74-E74) -> 1 | N74: =SUM(E74,M74) -> 23
D75: 25 | E75: 22 | F75: 2 | I75: 1 | J75: 2 | K75: 1 | L75: 14608.61 | M75: =SUM(D75-E75) -> 3 | N75: =SUM(E75,M75) -> 25
M76: =SUM(D76-E76) -> 0 | N76: =SUM(E76,M76) -> 0
M77: =SUM(D77-E77) -> 0 | N77: =SUM(E77,M77) -> 0
C78: Iš viso Lietuvoje: | D78: =SUM(D72:D77) -> 80 | E78: =SUM(E72:E77) -> 74 | F78: =SUM(F72:F77) -> 9 | G78: =SUM(G72:G77) -> 0 | H78: =SUM(H72:H77) -> 0 | I78: =SUM(I72:I77) -> 4 | J78: =SUM(J72:J77) -> 6 | K78: =SUM(K72:K77) -> 1 | ... N78: =SUM(N72:N77) -> 80
C79: dienos foto | D79: =SUM(D72:D77) -> 80 | E79: =SUM(E72:E77) -> 74 | F79: =SUM(F78:K78) -> 20 | L79: =L78 -> 39658.62 | M79: =SUM(M72:M77) -> 6 | N79: =SUM(N72:N77) -> 80 | O79: =SUM(O78) -> 0 | P79: =SUM(P78) -> 0 | T79: =$V$3+L7+L15+L23+L31+L39+L47+L55+L63+L71+L79 -> 303371.92
A80: =OFFSET('0'!$B$112,($A$1-1)*10,$B80-1) -> -- | B80: =OFFSET('0'!$B$111,($A$1-1)*10,10) -> 11 | D80: 16 | E80: 15 | F80: 3 | J80: 1 | L80: 5107.46 | M80: =SUM(D80-E80) -> 1 | N80: =SUM(E80,M80) -> 16
D81: 30 | E81: 29 | F81: 3 | I81: 3 | J81: 2 | L81: 14173 | M81: =SUM(D81-E81) -> 1 | N81: =SUM(E81,M81) -> 30
D82: 27 | E82: 27 | J82: 1 | L82: 1070 | M82: =SUM(D82-E82) -> 0 | N82: =SUM(E82,M82) -> 27
M83: =SUM(D83-E83) -> 0 | N83: =SUM(E83,M83) -> 0
M84: =SUM(D84-E84) -> 0 | N84: =SUM(E84,M84) -> 0
M85: =SUM(D85-E85) -> 0 | N85: =SUM(E85,M85) -> 0
C86: Iš viso Lietuvoje: | D86: =SUM(D80:D85) -> 73 | E86: =SUM(E80:E85) -> 71 | F86: =SUM(F80:F85) -> 6 | G86: =SUM(G80:G85) -> 0 | H86: =SUM(H80:H85) -> 0 | I86: =SUM(I80:I85) -> 3 | J86: =SUM(J80:J85) -> 4 | K86: =SUM(K80:K85) -> 0 | ... N86: =SUM(N80:N85) -> 73
C87: dienos foto | D87: =SUM(D80:D85) -> 73 | E87: =SUM(E80:E85) -> 71 | F87: =SUM(F86:K86) -> 13 | L87: =L86 -> 20350.46 | M87: =SUM(M80:M85) -> 2 | N87: =SUM(N80:N85) -> 73 | O87: =SUM(O86) -> 0 | P87: =SUM(P86) -> 0 | T87: =$V$3+L7+L15+L23+L31+L39+L47+L55+L63+L71+L79+L87 -> 323722.38
A88: =OFFSET('0'!$B$112,($A$1-1)*10,$B88-1) -> -- | B88: =OFFSET('0'!$B$111,($A$1-1)*10,11) -> 12 | L88: 6502.5 | M88: =SUM(D88-E88) -> 0 | N88: =SUM(E88,M88) -> 0
L89: 32140 | M89: =SUM(D89-E89) -> 0 | N89: =SUM(E89,M89) -> 0
L90: 425.15 | M90: =SUM(D90-E90) -> 0 | N90: =SUM(E90,M90) -> 0
M91: =SUM(D91-E91) -> 0 | N91: =SUM(E91,M91) -> 0
M92: =SUM(D92-E92) -> 0 | N92: =SUM(E92,M92) -> 0
M93: =SUM(D93-E93) -> 0 | N93: =SUM(E93,M93) -> 0
C94: Iš viso Lietuvoje: | D94: =SUM(D88:D93) -> 0 | E94: =SUM(E88:E93) -> 0 | F94: =SUM(F88:F93) -> 0 | G94: =SUM(G88:G93) -> 0 | H94: =SUM(H88:H93) -> 0 | I94: =SUM(I88:I93) -> 0 | J94: =SUM(J88:J93) -> 0 | K94: =SUM(K88:K93) -> 0 | ... N94: =SUM(N88:N93) -> 0
C95: dienos foto | D95: =SUM(D88:D93) -> 0 | E95: =SUM(E88:E93) -> 0 | F95: =SUM(F94:K94) -> 0 | L95: =L94 -> 39067.65 | M95: =SUM(M88:M93) -> 0 | N95: =SUM(N88:N93) -> 0 | O95: =SUM(O94) -> 0 | P95: =SUM(P94) -> 0 | T95: =$V$3+L7+L15+L23+L31+L39+L47+L55+L63+L71+L79+L87+L95 -> 362790.03
A96: =OFFSET('0'!$B$112,($A$1-1)*10,$B96-1) -> -- | B96: =OFFSET('0'!$B$111,($A$1-1)*10,12) -> 13 | L96: 10089.49 | M96: =SUM(D96-E96) -> 0 | N96: =SUM(E96,M96) -> 0
L97: 267.02 | M97: =SUM(D97-E97) -> 0 | N97: =SUM(E97,M97) -> 0
L98: 18720.99 | M98: =SUM(D98-E98) -> 0 | N98: =SUM(E98,M98) -> 0
M99: =SUM(D99-E99) -> 0 | N99: =SUM(E99,M99) -> 0
M100: =SUM(D100-E100) -> 0 | N100: =SUM(E100,M100) -> 0
...

Sheet Kovas
A1: 3
B2: Mėnesio diena | C2: Vardas, pavardė. Pamaina D/N | D2: Paimti ROIK pranešimai (skaičius) | E2: Apdorota | F2: INFORMUOTA | L2: Pasisavintų lėšų suma (visų pranešimų) | M2: Neapdorota (siųstos pajėgos) | N2: Kontrolinis | O2: Tikslinamos aplinkybės (M) | P2: Pradėta IT | Q2: Pastabos | T2: Kontr. Kasdienė eilutė (Žalos)
F3: Bankas | G3: RRT | H3: FNTT | I3: NKSC | J3: Facebook | K3: Kita/įrašyti | U3: Praeitų mėn. Žalos | V3: =SUM('Bendras metų'!V6:V7) -> 1039715.5
A4: =OFFSET('0'!$B$112,($A$1-1)*10,$B4-1) -> SS | B4: =OFFSET('0'!$B$111,($A$1-1)*10,0) -> 1 | C4: Jurijus Aleksejevas, N. | D4: 1 | E4: 1 | F4: 1 | L4: 20 | M4: =SUM(D4-E4) -> 0 | N4: =SUM(E4,M4) -> 1
C5: Vitalija Jokubynienė, D. | D5: 7 | E5: 7 | F5: 2 | I5: 2 | J5: 2 | L5: 1870 | M5: =SUM(D5-E5) -> 0 | N5: =SUM(E5,M5) -> 7
C6: Giedrė Sajetaitė, D. | D6: 9 | E6: 9 | F6: 4 | I6: 1 | J6: 2 | M6: =SUM(D6-E6) -> 0 | N6: =SUM(E6,M6) -> 9
C7: Tomas Žuramskas, N. | D7: 9 | E7: 9 | F7: 2 | M7: =SUM(D7-E7) -> 0 | N7: =SUM(E7,M7) -> 9
M8: =SUM(D8-E8) -> 0 | N8: =SUM(E8,M8) -> 0
M9: =SUM(D9-E9) -> 0 | N9: =SUM(E9,M9) -> 0
C10: Iš viso Lietuvoje: | D10: =SUM(D4:D9) -> 26 | E10: =SUM(E4:E9) -> 26 | F10: =SUM(F4:F9) -> 9 | G10: =SUM(G4:G9) -> 0 | H10: =SUM(H4:H9) -> 0 | I10: =SUM(I4:I9) -> 3 | J10: =SUM(J4:J9) -> 4 | K10: =SUM(K4:K9) -> 0 | L10: 5898.63 | M10: =SUM(M4:M9) -> 0 | N10: =SUM(N4:N9) -> 26
C11: dienos foto | D11: =SUM(D4:D9) -> 26 | E11: =SUM(E4:E9) -> 26 | F11: =SUM(F10:K10) -> 16 | L11: =L10 -> 5898.63 | M11: =SUM(M4:M9) -> 0 | N11: =SUM(N4:N9) -> 26 | O11: =SUM(O10) -> 0 | P11: =SUM(P10) -> 0 | T11: =$V$3+L11 -> 1045614.2
A12: =OFFSET('0'!$B$112,($A$1-1)*10,$B12-1) -> SK | B12: =OFFSET('0'!$B$111,($A$1-1)*10,1) -> 2 | C12: Tomas Žuramskas, N. | D12: 0 | E12: 0 | M12: =SUM(D12-E12) -> 0 | N12: =SUM(E12,M12) -> 0
C13: Vitalija Jokubynienė, D. | D13: 3 | E13: 3 | F13: 1 | I13: 1 | L13: 20 | M13: =SUM(D13-E13) -> 0 | N13: =SUM(E13,M13) -> 3
C14: Laura Mendelienė, D. | D14: 4 | E14: 4 | L14: 8000 | M14: =SUM(D14-E14) -> 0 | N14: =SUM(E14,M14) -> 4
C15: Jurgita Pilypaitienė, N. | D15: 5 | E15: 5 | F15: 1 | I15: 1 | J15: 2 | L15: 470 | M15: =SUM(D15-E15) -> 0 | N15: =SUM(E15,M15) -> 5
M16: =SUM(D16-E16) -> 0 | N16: =SUM(E16,M16) -> 0
M17: =SUM(D17-E17) -> 0 | N17: =SUM(E17,M17) -> 0
C18: Iš viso Lietuvoje: | D18: =SUM(D12:D17) -> 12 | E18: =SUM(E12:E17) -> 12 | F18: =SUM(F12:F17) -> 2 | G18: =SUM(G12:G17) -> 0 | H18: =SUM(H12:H17) -> 0 | I18: =SUM(I12:I17) -> 2 | J18: =SUM(J12:J17) -> 2 | K18: =SUM(K12:K17) -> 0 | L18: 8490 | M18: =SUM(M12:M17) -> 0 | N18: =SUM(N12:N17) -> 12
C19: dienos foto | D19: =SUM(D12:D17) -> 12 | E19: =SUM(E12:E17) -> 12 | F19: =SUM(F18:K18) -> 6 | L19: =L18 -> 8490 | M19: =SUM(M12:M17) -> 0 | N19: =SUM(N12:N17) -> 12 | O19: =SUM(O18) -> 0 | P19: =SUM(P18) -> 0 | T19: =$V$3+L11+L19 -> 1054104.1
A20: =OFFSET('0'!$B$112,($A$1-1)*10,$B20-1) -> -- | B20: =OFFSET('0'!$B$111,($A$1-1)*10,2) -> 3 | C20: Jurgita Pilypaitienė, N. | D20: 1 | E20: 1 | F20: 1 | J20: 1 | L20: 100 | M20: =SUM(D20-E20) -> 0 | N20: =SUM(E20,M20) -> 1
C21: Vaidas Šeduikis, D. | D21: 22 | E21: 21 | F21: 3 | J21: 1 | M21: =SUM(D21-E21) -> 1 | N21: =SUM(E21,M21) -> 22
C22: Laura Mendelienė, D. | D22: 21 | E22: 20 | F22: 2 | L22: 15726.73 | M22: =SUM(D22-E22) -> 1 | N22: =SUM(E22,M22) -> 21
C23: Vitalija Jokubynienė, N. | D23: 8 | E23: 8 | F23: 4 | I23: 1 | J23: 1 | L23: 83094.9 | M23: =SUM(D23-E23) -> 0 | N23: =SUM(E23,M23) -> 8
M24: =SUM(D24-E24) -> 0 | N24: =SUM(E24,M24) -> 0
M25: =SUM(D25-E25) -> 0 | N25: =SUM(E25,M25) -> 0
C26: Iš viso Lietuvoje: | D26: =SUM(D20:D25) -> 52 | E26: =SUM(E20:E25) -> 50 | F26: =SUM(F20:F25) -> 10 | G26: =SUM(G20:G25) -> 0 | H26: =SUM(H20:H25) -> 0 | I26: =SUM(I20:I25) -> 1 | J26: =SUM(J20:J25) -> 3 | K26: =SUM(K20:K25) -> 0 | L26: 237146.93 | M26: =SUM(M20:M25) -> 2 | N26: =SUM(N20:N25) -> 52
C27: dienos foto | D27: =SUM(D20:D25) -> 52 | E27: =SUM(E20:E25) -> 50 | F27: =SUM(F26:K26) -> 14 | L27: =L26 -> 237146.93 | M27: =SUM(M20:M25) -> 2 | N27: =SUM(N20:N25) -> 52 | O27: =SUM(O26) -> 0 | P27: =SUM(P26) -> 0 | T27: =$V$3++L11+L19+L27 -> 1291251.1
A28: =OFFSET('0'!$B$112,($A$1-1)*10,$B28-1) -> -- | B28: =OFFSET('0'!$B$111,($A$1-1)*10,3) -> 4 | C28: Vitalija Jokubynienė, N. | D28: 1 | E28: 1 | L28: 43.98 | M28: =SUM(D28-E28) -> 0 | N28: =SUM(E28,M28) -> 1
C29: Saulius Merkininkas, D. | D29: 20 | E29: 20 | F29: 5 | I29: 1 | J29: 2 | L29: 10257.5 | M29: =SUM(D29-E29) -> 0 | N29: =SUM(E29,M29) -> 20
C30: Vaidas Šeduikis, D. | D30: 16 | E30: 16 | F30: 1 | J30: 1 | L30: 266.74 | M30: =SUM(D30-E30) -> 0 | N30: =SUM(E30,M30) -> 16
C31: Jurgita Pilypaitienė, D. | D31: 17 | E31: 16 | F31: 4 | J31: 1 | L31: 33937.72 | M31: =SUM(D31-E31) -> 1 | N31: =SUM(E31,M31) -> 17 | Q31: 14-16 val. pas gydytojus
C32: Laura Mendelienė, N. | D32: 10 | E32: 10 | F32: 2 | J32: 1 | L32: 26447 | M32: =SUM(D32-E32) -> 0 | N32: =SUM(E32,M32) -> 10
M33: =SUM(D33-E33) -> 0 | N33: =SUM(E33,M33) -> 0
C34: Iš viso Lietuvoje: | D34: =SUM(D28:D33) -> 64 | E34: =SUM(E28:E33) -> 63 | F34: =SUM(F28:F33) -> 12 | G34: =SUM(G28:G33) -> 0 | H34: =SUM(H28:H33) -> 0 | I34: =SUM(I28:I33) -> 1 | J34: =SUM(J28:J33) -> 5 | K34: =SUM(K28:K33) -> 0 | L34: 107906.3 | M34: =SUM(M28:M33) -> 1 | N34: =SUM(N28:N33) -> 64
C35: dienos foto | D35: =SUM(D28:D33) -> 64 | E35: =SUM(E28:E33) -> 63 | F35: =SUM(F34:K34) -> 18 | L35: =L34 -> 107906.3 | M35: =SUM(M28:M33) -> 1 | N35: =SUM(N28:N33) -> 64 | O35: =SUM(O34) -> 0 | P35: =SUM(P34) -> 0 | T35: =$V$3+L11+L19+L27+L35 -> 1399157.4
A36: =OFFSET('0'!$B$112,($A$1-1)*10,$B36-1) -> -- | B36: =OFFSET('0'!$B$111,($A$1-1)*10,4) -> 5 | C36: Laura Mendelienė, N. | D36: 1 | E36: 1 | F36: 1 | M36: =SUM(D36-E36) -> 0 | N36: =SUM(E36,M36) -> 1
C37: Saulius Merkininkas, D. | D37: 31 | E37: 31 | F37: 5 | I37: 1 | J37: 2 | L37: 6160.99 | M37: =SUM(D37-E37) -> 0 | N37: =SUM(E37,M37) -> 31
C38: Jurgita Pilypaitienė, D. | D38: 29 | E38: 27 | F38: 2 | I38: 1 | J38: 1 | L38: 879.13 | M38: =SUM(D38-E38) -> 2 | N38: =SUM(E38,M38) -> 29
C39: Vaidas Šeduikis, N. | D39: 11 | E39: 11 | F39: 3 | I39: 1 | J39: 1 | M39: =SUM(D39-E39) -> 0 | N39: =SUM(E39,M39) -> 11
M40: =SUM(D40-E40) -> 0 | N40: =SUM(E40,M40) -> 0
M41: =SUM(D41-E41) -> 0 | N41: =SUM(E41,M41) -> 0
C42: Iš viso Lietuvoje: | D42: =SUM(D36:D41) -> 72 | E42: =SUM(E36:E41) -> 70 | F42: =SUM(F36:F41) -> 11 | G42: =SUM(G36:G41) -> 0 | H42: =SUM(H36:H41) -> 0 | I42: =SUM(I36:I41) -> 3 | J42: =SUM(J36:J41) -> 4 | K42: =SUM(K36:K41) -> 0 | L42: 151226.24 | M42: =SUM(M36:M41) -> 2 | N42: =SUM(N36:N41) -> 72
C43: dienos foto | D43: =SUM(D36:D41) -> 72 | E43: =SUM(E36:E41) -> 70 | F43: =SUM(F42:K42) -> 18 | L43: =L42 -> 151226.24 | M43: =SUM(M36:M41) -> 2 | N43: =SUM(N36:N41) -> 72 | O43: =SUM(O42) -> 0 | P43: =SUM(P42) -> 0 | T43: =$V$3+L11+L19+L27+L35+L43 -> 1550383.6
A44: =OFFSET('0'!$B$112,($A$1-1)*10,$B44-1) -> -- | B44: =OFFSET('0'!$B$111,($A$1-1)*10,5) -> 6 | C44: Vaidas Šeduikis, N. | D44: 1 | E44: 1 | F44: 1 | J44: 1 | M44: =SUM(D44-E44) -> 0 | N44: =SUM(E44,M44) -> 1
C45: Tomas Žuramskas, D. | D45: 32 | E45: 31 | F45: 3 | I45: 2 | J45: 5 | L45: 9708.46 | M45: =SUM(D45-E45) -> 1 | N45: =SUM(E45,M45) -> 32
C46: Agnė Čepukė, D. | D46: 28 | E46: 27 | F46: 5 | I46: 2 | L46: 4864 | M46: =SUM(D46-E46) -> 1 | N46: =SUM(E46,M46) -> 28
C47: Saulius Merkininkas, N. | D47: 11 | E47: 11 | F47: 1 | L47: 3528.48 | M47: =SUM(D47-E47) -> 0 | N47: =SUM(E47,M47) -> 11
M48: =SUM(D48-E48) -> 0 | N48: =SUM(E48,M48) -> 0
M49: =SUM(D49-E49) -> 0 | N49: =SUM(E49,M49) -> 0
C50: Iš viso Lietuvoje: | D50: =SUM(D44:D49) -> 72 | E50: =SUM(E44:E49) -> 70 | F50: =SUM(F44:F49) -> 10 | G50: =SUM(G44:G49) -> 0 | H50: =SUM(H44:H49) -> 0 | I50: =SUM(I44:I49) -> 4 | J50: =SUM(J44:J49) -> 6 | K50: =SUM(K44:K49) -> 0 | L50: 36411.88 | M50: =SUM(M44:M49) -> 2 | N50: =SUM(N44:N49) -> 72
C51: dienos foto | D51: =SUM(D44:D49) -> 72 | E51: =SUM(E44:E49) -> 70 | F51: =SUM(F50:K50) -> 20 | L51: =L50 -> 36411.88 | M51: =SUM(M44:M49) -> 2 | N51: =SUM(N44:N49) -> 72 | O51: =SUM(O50) -> 0 | P51: =SUM(P50) -> 0 | T51: =$V$3+L11+L19+L27+L35+L43+L51 -> 1586795.5
A52: =OFFSET('0'!$B$112,($A$1-1)*10,$B52-1) -> -- | B52: =OFFSET('0'!$B$111,($A$1-1)*10,6) -> 7 | C52: Saulius Merkininkas, N. | D52: 2 | E52: 2 | L52: 40 | M52: =SUM(D52-E52) -> 0 | N52: =SUM(E52,M52) -> 2
C53: Vitalija Jokubynienė, D. | D53: 23 | E53: 23 | L53: 5570 | M53: =SUM(D53-E53) -> 0 | N53: =SUM(E53,M53) -> 23
C54: Giedrė Sajetaitė, D. | D54: 19 | E54: 19 | F54: 5 | L54: 15539 | M54: =SUM(D54-E54) -> 0 | N54: =SUM(E54,M54) -> 19
C55: Tomas Žuramskas, N. | D55: 19 | E55: 19 | F55: 2 | I55: 1 | J55: 2 | L55: 25975.44 | M55: =SUM(D55-E55) -> 0 | N55: =SUM(E55,M55) -> 19
C56: Agnė Čepukė, N. | D56: 4 | E56: 4 | L56: 210 | M56: =SUM(D56-E56) -> 0 | N56: =SUM(E56,M56) -> 4
M57: =SUM(D57-E57) -> 0 | N57: =SUM(E57,M57) -> 0
C58: Iš viso Lietuvoje: | D58: =SUM(D52:D57) -> 67 | E58: =SUM(E52:E57) -> 67 | F58: =SUM(F52:F57) -> 7 | G58: =SUM(G52:G57) -> 0 | H58: =SUM(H52:H57) -> 0 | I58: =SUM(I52:I57) -> 1 | J58: =SUM(J52:J57) -> 2 | K58: =SUM(K52:K57) -> 0 | L58: 51554.44 | M58: =SUM(M52:M57) -> 0 | N58: =SUM(N52:N57) -> 67
C59: dienos foto | D59: =SUM(D52:D57) -> 67 | E59: =SUM(E52:E57) -> 67 | F59: =SUM(F58:K58) -> 10 | L59: =L58 -> 51554.44 | M59: =SUM(M52:M57) -> 0 | N59: =SUM(N52:N57) -> 67 | O59: =SUM(O58) -> 0 | P59: =SUM(P58) -> 0 | T59: =$V$3+L11+L19+L27+L35+L43+L51+L59 -> 1638349.9
A60: =OFFSET('0'!$B$112,($A$1-1)*10,$B60-1) -> SS | B60: =OFFSET('0'!$B$111,($A$1-1)*10,7) -> 8 | C60: Agnė Čepukė, N. | D60: 1 | E60: 1 | M60: =SUM(D60-E60) -> 0 | N60: =SUM(E60,M60) -> 1
C61: Vitalija Jokubynienė, D. | D61: 8 | E61: 8 | I61: 1 | J61: 1 | L61: 1926.47 | M61: =SUM(D61-E61) -> 0 | N61: =SUM(E61,M61) -> 8
C62: Laura Mendelienė, D. | D62: 9 | E62: 8 | F62: 3 | J62: 1 | L62: 15525 | M62: =SUM(D62-E62) -> 1 | N62: =SUM(E62,M62) -> 9
C63: Agnė Čepukė, N. | D63: 7 | E63: 7 | I63: 2 | L63: 7192.26 | M63: =SUM(D63-E63) -> 0 | N63: =SUM(E63,M63) -> 7
M64: =SUM(D64-E64) -> 0 | N64: =SUM(E64,M64) -> 0
M65: =SUM(D65-E65) -> 0 | N65: =SUM(E65,M65) -> 0
C66: Iš viso Lietuvoje: | D66: =SUM(D60:D65) -> 25 | E66: =SUM(E60:E65) -> 24 | F66: =SUM(F60:F65) -> 3 | G66: =SUM(G60:G65) -> 0 | H66: =SUM(H60:H65) -> 0 | I66: =SUM(I60:I65) -> 3 | J66: =SUM(J60:J65) -> 2 | K66: =SUM(K60:K65) -> 0 | L66: 26316.73 | M66: =SUM(M60:M65) -> 1 | N66: =SUM(N60:N65) -> 25
C67: dienos foto | D67: =SUM(D60:D65) -> 25 | E67: =SUM(E60:E65) -> 24 | F67: =SUM(F66:K66) -> 8 | L67: =L66 -> 26316.73 | M67: =SUM(M60:M65) -> 1 | N67: =SUM(N60:N65) -> 25 | O67: =SUM(O66) -> 0 | P67: =SUM(P66) -> 0 | T67: =$V$3+L11+L19+L27+L35+L43+L51+L59+L67 -> 1664666.7
A68: =OFFSET('0'!$B$112,($A$1-1)*10,$B68-1) -> SK | B68: =OFFSET('0'!$B$111,($A$1-1)*10,8) -> 9 | C68: Agnė Čepukė, N. | D68: 1 | E68: 1 | L68: 60 | M68: =SUM(D68-E68) -> 0 | N68: =SUM(E68,M68) -> 1
C69: Jurgita Pilypaitienė, D. | D69: 9 | E69: 8 | F69: 2 | J69: 1 | L69: 783 | M69: =SUM(D69-E69) -> 1 | N69: =SUM(E69,M69) -> 9
C70: Laura Mendelienė, D. | D70: 15 | E70: 13 | F70: 3 | I70: 2 | J70: 1 | L70: 16250.99 | M70: =SUM(D70-E70) -> 2 | N70: =SUM(E70,M70) -> 15
C71: Vitalija Jokubynienė, N. | D71: 5 | E71: 5 | F71: 1 | I71: 1 | J71: 2 | L71: 452 | M71: =SUM(D71-E71) -> 0 | N71: =SUM(E71,M71) -> 5
M72: =SUM(D72-E72) -> 0 | N72: =SUM(E72,M72) -> 0
M73: =SUM(D73-E73) -> 0 | N73: =SUM(E73,M73) -> 0
C74: Iš viso Lietuvoje: | D74: =SUM(D68:D73) -> 30 | E74: =SUM(E68:E73) -> 27 | F74: =SUM(F68:F73) -> 6 | G74: =SUM(G68:G73) -> 0 | H74: =SUM(H68:H73) -> 0 | I74: =SUM(I68:I73) -> 3 | J74: =SUM(J68:J73) -> 4 | K74: =SUM(K68:K73) -> 0 | L74: 33929.04 | M74: =SUM(M68:M73) -> 3 | N74: =SUM(N68:N73) -> 30
C75: dienos foto | D75: =SUM(D68:D73) -> 30 | E75: =SUM(E68:E73) -> 27 | F75: =SUM(F74:K74) -> 13 | L75: =L74 -> 33929.04 | M75: =SUM(M68:M73) -> 3 | N75: =SUM(N68:N73) -> 30 | O75: =SUM(O74) -> 0 | P75: =SUM(P74) -> 0 | T75: =$V$3+L11+L19+L27+L35+L43+L51+L59+L67+L75 -> 1698595.7
A76: =OFFSET('0'!$B$112,($A$1-1)*10,$B76-1) -> -- | B76: =OFFSET('0'!$B$111,($A$1-1)*10,9) -> 10 | C76: Vitalija Jokubynienė, N. | D76: 0 | E76: 0 | M76: =SUM(D76-E76) -> 0 | N76: =SUM(E76,M76) -> 0
C77: Jurgita Pilypaitienė, D. | D77: 23 | E77: 21 | L77: 7710 | M77: =SUM(D77-E77) -> 2 | N77: =SUM(E77,M77) -> 23
C78: Vaidas Šeduikis, D. | D78: 31 | E78: 29 | F78: 3 | I78: 1 | J78: 2 | L78: 1385 | M78: =SUM(D78-E78) -> 2 | N78: =SUM(E78,M78) -> 31
C79: Laura Mendelienė, N. | D79: 11 | E79: 10 | F79: 2 | I79: 1 | J79: 2 | L79: 1080.94 | M79: =SUM(D79-E79) -> 1 | N79: =SUM(E79,M79) -> 11
M80: =SUM(D80-E80) -> 0 | N80: =SUM(E80,M80) -> 0
M81: =SUM(D81-E81) -> 0 | N81: =SUM(E81,M81) -> 0
C82: Iš viso Lietuvoje: | D82: =SUM(D76:D81) -> 65 | E82: =SUM(E76:E81) -> 60 | F82: =SUM(F76:F81) -> 5 | G82: =SUM(G76:G81) -> 0 | H82: =SUM(H76:H81) -> 0 | I82: =SUM(I76:I81) -> 2 | J82: =SUM(J76:J81) -> 4 | K82: =SUM(K76:K81) -> 0 | L82: 38701.94 | M82: =SUM(M76:M81) -> 5 | N82: =SUM(N76:N81) -> 65
C83: dienos foto | D83: =SUM(D76:D81) -> 65 | E83: =SUM(E76:E81) -> 60 | F83: =SUM(F82:K82) -> 11 | L83: =L82 -> 38701.94 | M83: =SUM(M76:M81) -> 5 | N83: =SUM(N76:N81) -> 65 | O83: =SUM(O82) -> 0 | P83: =SUM(P82) -> 0 | T83: =$V$3+L11+L19+L27+L35+L43+L51+L59+L67+L75+L83 -> 1737297.6
A84: =OFFSET('0'!$B$112,($A$1-1)*10,$B84-1) -> SV | B84: =OFFSET('0'!$B$111,($A$1-1)*10,10) -> 11 | C84: Laura Mendelienė, N. | D84: 4 | E84: 4 | L84: 84 | M84: =SUM(D84-E84) -> 0 | N84: =SUM(E84,M84) -> 4
C85: Agnė Čepukė, D. | D85: 8 | E85: 5 | I85: 1 | J85: 2 | M85: =SUM(D85-E85) -> 3 | N85: =SUM(E85,M85) -> 8
C86: Vaidas Šeduikis, D. | D86: 10 | E86: 10 | F86: 1 | J86: 1 | M86: =SUM(D86-E86) -> 0 | N86: =SUM(E86,M86) -> 10
C87: Jurgita Pilypaitienė, N. | D87: 7 | E87: 7 | F87: 1 | J87: 1 | L87: 750 | M87: =SUM(D87-E87) -> 0 | N87: =SUM(E87,M87) -> 7
M88: =SUM(D88-E88) -> 0 | N88: =SUM(E88,M88) -> 0
M89: =SUM(D89-E89) -> 0 | N89: =SUM(E89,M89) -> 0
C90: Iš viso Lietuvoje: | D90: =SUM(D84:D89) -> 29 | E90: =SUM(E84:E89) -> 26 | F90: =SUM(F84:F89) -> 2 | G90: =SUM(G84:G89) -> 0 | H90: =SUM(H84:H89) -> 0 | I90: =SUM(I84:I89) -> 1 | J90: =SUM(J84:J89) -> 4 | K90: =SUM(K84:K89) -> 0 | L90: 12670.22 | M90: =SUM(M84:M89) -> 3 | N90: =SUM(N84:N89) -> 29
C91: dienos foto | D91: =SUM(D84:D89) -> 29 | E91: =SUM(E84:E89) -> 26 | F91: =SUM(F90:K90) -> 7 | L91: =L90 -> 12670.22 | M91: =SUM(M84:M89) -> 3 | N91: =SUM(N84:N89) -> 29 | O91: =SUM(O90) -> 0 | P91: =SUM(P90) -> 0 | T91: =$V$3+L11+L19+L27+L35+L43+L51+L59+L67+L75+L83+L91 -> 1749967.9
A92: =OFFSET('0'!$B$112,($A$1-1)*10,$B92-1) -> -- | B92: =OFFSET('0'!$B$111,($A$1-1)*10,11) -> 12 | C92: Jurgita Pilypaitienė, N. | D92: 0 | E92: 0 | M92: =SUM(D92-E92) -> 0 | N92: =SUM(E92,M92) -> 0
C93: Tomas Žuramskas, D. | D93: 19 | E93: 19 | I93: 1 | J93: 1 | L93: 139.85 | M93: =SUM(D93-E93) -> 0 | N93: =SUM(E93,M93) -> 19
C94: Saulius Merkininkas, D. | D94: 26 | E94: 26 | F94: 3 | I94: 2 | J94: 1 | L94: 20454.49 | M94: =SUM(D94-E94) -> 0 | N94: =SUM(E94,M94) -> 26
C95: Agnė Čepukė, N. | D95: 12 | E95: 12 | F95: 1 | J95: 3 | M95: =SUM(D95-E95) -> 0 | N95: =SUM(E95,M95) -> 12
M96: =SUM(D96-E96) -> 0 | N96: =SUM(E96,M96) -> 0
M97: =SUM(D97-E97) -> 0 | N97: =SUM(E97,M97) -> 0
C98: Iš viso Lietuvoje: | D98: =SUM(D92:D97) -> 57 | E98: =SUM(E92:E97) -> 57 | F98: =SUM(F92:F97) -> 4 | G98: =SUM(G92:G97) -> 0 | H98: =SUM(H92:H97) -> 0 | I98: =SUM(I92:I97) -> 3 | J98: =SUM(J92:J97) -> 5 | K98: =SUM(K92:K97) -> 0 | L98: 108478.34 | M98: =SUM(M92:M97) -> 0 | N98: =SUM(N92:N97) -> 57
C99: dienos foto | D99: =SUM(D92:D97) -> 57 | E99: =SUM(E92:E97) -> 57 | F99: =SUM(F98:K98) -> 12 | L99: =L98 -> 108478.34 | M99: =SUM(M92:M97) -> 0 | N99: =SUM(N92:N97) -> 57 | O99: =SUM(O98) -> 0 | P99: =SUM(P98) -> 0 | T99: =$V$3+L11+L19+L27+L35+L43+L51+L59+L67+L75+L83+L91+L99 -> 1858446.2
A100: =OFFSET('0'!$B$112,($A$1-1)*10,$B100-1) -> -- | B100: =OFFSET('0'!$B$111,($A$1-1)*10,12) -> 13 | C100: Agnė Čepukė, N. | D100: 1 | E100: 1 | M100: =SUM(D100-E100) -> 0 | N100: =SUM(E100,M100) -> 1
...

Sheet Balandis
A1: 4
B2: Mėnesio diena | C2: Vardas, pavardė. Pamaina D/N | D2: Paimti ROIK pranešimai (skaičius) | E2: Apdorota | F2: INFORMUOTA | L2: Pasisavintų lėšų suma (visų pranešimų) | M2: Neapdorota (siųstos pajėgos) | N2: Kontrolinis | O2: Tikslinamos aplinkybės (M) | P2: Pradėta IT | Q2: Pastabos | T2: Kontr. Kasdienė eilutė (Žalos)
F3: Bankas | G3: RRT | H3: FNTT | I3: NKSC | J3: Facebook | K3: Kita/įrašyti | U3: Praeitų mėn. Žalos | V3: =SUM('Bendras metų'!V6:V8) -> 4119564.9
A4: =OFFSET('0'!$B$112,($A$1-1)*10,$B4-1) -> -- | B4: =OFFSET('0'!$B$111,($A$1-1)*10,0) -> 1 | C4: Vaidas Šeduikis, N. | D4: 14 | E4: 12 | F4: 6 | J4: 4 | M4: =SUM(D4-E4) -> 2 | N4: =SUM(E4,M4) -> 14
C5: Aidas Kiukys, D. | D5: 5 | E5: 5 | I5: 1 | M5: =SUM(D5-E5) -> 0 | N5: =SUM(E5,M5) -> 5
C6: Jurijus Aleksejevas, D. | D6: 1 | E6: 1 | M6: =SUM(D6-E6) -> 0 | N6: =SUM(E6,M6) -> 1
C7: Laura Mendelienė, D. | D7: 4 | E7: 3 | M7: =SUM(D7-E7) -> 1 | N7: =SUM(E7,M7) -> 4
C8: Laura Mendelienė, D. | D8: 17 | E8: 16 | F8: 4 | M8: =SUM(D8-E8) -> 1 | N8: =SUM(E8,M8) -> 17
C9: Giedrė Sajetaitė, D. | D9: 23 | E9: 23 | F9: 4 | J9: 3 | M9: =SUM(D9-E9) -> 0 | N9: =SUM(E9,M9) -> 23
C10: Vaidas Šeduikis, N. | M10: =SUM(D10-E10) -> 0 | N10: =SUM(E10,M10) -> 0
C11: Iš viso Lietuvoje: | D11: =SUM(D4:D10) -> 64 | E11: =SUM(E4:E10) -> 60 | F11: =SUM(F4:F10) -> 14 | G11: =SUM(G4:G10) -> 0 | H11: =SUM(H4:H10) -> 0 | I11: =SUM(I4:I10) -> 1 | J11: =SUM(J4:J10) -> 7 | K11: =SUM(K4:K10) -> 0 | L11: 84414.55 | M11: =SUM(M4:M10) -> 4 | N11: =SUM(N4:N10) -> 64 | O11: 6 | P11: 15
C12: dienos foto | D12: =SUM(D4:D10) -> 64 | E12: =SUM(E4:E10) -> 60 | F12: =SUM(F11:K11) -> 22 | L12: =L11 -> 84414.55 | M12: =SUM(M4:M10) -> 4 | N12: =SUM(N4:N10) -> 64 | O12: =SUM(O11) -> 6 | P12: =SUM(P11) -> 15 | T12: =$V$3+L12 -> 4203979.5
A13: =OFFSET('0'!$B$112,($A$1-1)*10,$B13-1) -> -- | B13: =OFFSET('0'!$B$111,($A$1-1)*10,1) -> 2 | C13: Vaidas Šeduikis, N. | D13: 1 | E13: 1 | F13: 1 | M13: =SUM(D13-E13) -> 0 | N13: =SUM(E13,M13) -> 1
C14: Jurijus Aleksejevas, D. | D14: 3 | E14: 3 | F14: 1 | I14: 2 | J14: 1 | L14: 1100 | M14: =SUM(D14-E14) -> 0 | N14: =SUM(E14,M14) -> 3
C15: Aidas Kiukys, D. | D15: 5 | E15: 5 | M15: =SUM(D15-E15) -> 0 | N15: =SUM(E15,M15) -> 5
C16: Dalius Bacevičius, D. | D16: 8 | E16: 8 | L16: 11000 | M16: =SUM(D16-E16) -> 0 | N16: =SUM(E16,M16) -> 8
C17: Evaldas Maskeliūnas, D. | D17: 3 | E17: 2 | F17: 1 | J17: 1 | L17: 230140 | M17: =SUM(D17-E17) -> 1 | N17: =SUM(E17,M17) -> 3
C18: Laura Mendelienė, D. | D18: 13 | E18: 13 | F18: 1 | I18: 1 | L18: 22673 | M18: =SUM(D18-E18) -> 0 | N18: =SUM(E18,M18) -> 13
C19: Saulius Merkininkas, D. | D19: 14 | E19: 13 | L19: 20461.43 | M19: =SUM(D19-E19) -> 1 | N19: =SUM(E19,M19) -> 14
C20: Giedrė Sajetaitė, N. | D20: 16 | E20: 16 | F20: 3 | L20: 277972.71 | M20: =SUM(D20-E20) -> 0 | N20: =SUM(E20,M20) -> 16
C21: Iš viso Lietuvoje: | D21: =SUM(D13:D20) -> 63 | E21: =SUM(E13:E20) -> 61 | F21: =SUM(F13:F20) -> 7 | G21: =SUM(G13:G20) -> 0 | H21: =SUM(H13:H20) -> 0 | I21: =SUM(I13:I20) -> 3 | J21: =SUM(J13:J20) -> 2 | K21: =SUM(K13:K20) -> 0 | ... N21: =SUM(N13:N20) -> 63 | O21: 9 | P21: 6
C22: dienos foto | D22: =SUM(D13:D20) -> 63 | E22: =SUM(E13:E20) -> 61 | F22: =SUM(F21:K21) -> 12 | L22: =L21 -> 563347.14 | M22: =SUM(M13:M20) -> 2 | N22: =SUM(N13:N20) -> 63 | O22: =SUM(O21) -> 9 | P22: =SUM(P21) -> 6 | T22: =$V$3+L12+L22 -> 4767326.6
A23: =OFFSET('0'!$B$112,($A$1-1)*10,$B23-1) -> -- | B23: =OFFSET('0'!$B$111,($A$1-1)*10,2) -> 3 | C23: Giedrė Sajetaitė, N. | D23: 3 | E23: 3 | M23: =SUM(D23-E23) -> 0 | N23: =SUM(E23,M23) -> 3
C24: Dalius Bacevičius, D. | D24: 9 | E24: 9 | J24: 1 | L24: 23 | M24: =SUM(D24-E24) -> 0 | N24: =SUM(E24,M24) -> 9
C25: Aidas Kiukys, D. | D25: 10 | E25: 9 | F25: 2 | I25: 1 | J25: 1 | L25: 200 | M25: =SUM(D25-E25) -> 1 | N25: =SUM(E25,M25) -> 10
C26: Jurijus Aleksejevas, D. | D26: 3 | E26: 3 | M26: =SUM(D26-E26) -> 0 | N26: =SUM(E26,M26) -> 3
C27: Tomas Žuramskas, D. | D27: 9 | E27: 9 | F27: 3 | I27: 1 | L27: 10173 | M27: =SUM(D27-E27) -> 0 | N27: =SUM(E27,M27) -> 9
C28: Jurgita Pilypaitienė, D. | D28: 15 | E28: 15 | F28: 3 | I28: 1 | L28: 13090.98 | M28: =SUM(D28-E28) -> 0 | N28: =SUM(E28,M28) -> 15
C29: Evaldas Maskeliūnas, D. | D29: 9 | E29: 9 | F29: 1 | L29: 65 | M29: =SUM(D29-E29) -> 0 | N29: =SUM(E29,M29) -> 9
C30: Saulius Merkininkas, N. | D30: 8 | E30: 8 | F30: 3 | J30: 2 | L30: 330 | M30: =SUM(D30-E30) -> 0 | N30: =SUM(E30,M30) -> 8
C31: Iš viso Lietuvoje: | D31: =SUM(D23:D30) -> 66 | E31: =SUM(E23:E30) -> 65 | F31: =SUM(F23:F30) -> 12 | G31: =SUM(G23:G30) -> 0 | H31: =SUM(H23:H30) -> 0 | I31: =SUM(I23:I30) -> 3 | J31: =SUM(J23:J30) -> 4 | K31: =SUM(K23:K30) -> 0 | L31: 240993.72 | M31: =SUM(M23:M30) -> 1 | N31: =SUM(N23:N30) -> 66 | O31: 5 | P31: 5
C32: dienos foto | D32: =SUM(D23:D30) -> 66 | E32: =SUM(E23:E30) -> 65 | F32: =SUM(F31:K31) -> 19 | L32: =L31 -> 240993.72 | M32: =SUM(M23:M30) -> 1 | N32: =SUM(N23:N30) -> 66 | O32: =SUM(O31) -> 5 | P32: =SUM(P31) -> 5 | T32: =$V$3++L12+L22+L32 -> 5008320.3
A33: =OFFSET('0'!$B$112,($A$1-1)*10,$B33-1) -> -- | B33: =OFFSET('0'!$B$111,($A$1-1)*10,3) -> 4 | C33: Saulius Merkininkas, N. | D33: 2 | E33: 2 | F33: 1 | L33: 1280 | M33: =SUM(D33-E33) -> 0 | N33: =SUM(E33,M33) -> 2
C34: Aidas Kiukys, D. | D34: 11 | E34: 11 | F34: 1 | J34: 1 | L34: 1300 | M34: =SUM(D34-E34) -> 0 | N34: =SUM(E34,M34) -> 11
C35: Evaldas Maskeliūnas, D. | D35: 7 | E35: 7 | F35: 1 | I35: 1 | L35: 838 | M35: =SUM(D35-E35) -> 0 | N35: =SUM(E35,M35) -> 7
C36: Vaidas Šeduikis, D. | D36: 14 | E36: 13 | F36: 1 | J36: 1 | M36: =SUM(D36-E36) -> 1 | N36: =SUM(E36,M36) -> 14
C37: Jurgita Pilypaitienė, D. | D37: 16 | E37: 15 | F37: 1 | L37: 6860 | M37: =SUM(D37-E37) -> 1 | N37: =SUM(E37,M37) -> 16
C38: Tomas Žuramskas, N. | D38: 6 | E38: 5 | M38: =SUM(D38-E38) -> 1 | N38: =SUM(E38,M38) -> 6
C39: Iš viso Lietuvoje: | D39: =SUM(D33:D38) -> 56 | E39: =SUM(E33:E38) -> 53 | F39: =SUM(F33:F38) -> 5 | G39: =SUM(G33:G38) -> 0 | H39: =SUM(H33:H38) -> 0 | I39: =SUM(I33:I38) -> 1 | J39: =SUM(J33:J38) -> 2 | K39: =SUM(K33:K38) -> 0 | L39: 56684.25 | M39: =SUM(M33:M38) -> 3 | N39: =SUM(N33:N38) -> 56 | O39: 4 | P39: 6
C40: dienos foto | D40: =SUM(D33:D38) -> 56 | E40: =SUM(E33:E38) -> 53 | F40: =SUM(F39:K39) -> 8 | L40: =L39 -> 56684.25 | M40: =SUM(M33:M38) -> 3 | N40: =SUM(N33:N38) -> 56 | O40: =SUM(O39) -> 4 | P40: =SUM(P39) -> 6 | T40: =$V$3+L12+L22+L32+L40 -> 5065004.6
A41: =OFFSET('0'!$B$112,($A$1-1)*10,$B41-1) -> SS | B41: =OFFSET('0'!$B$111,($A$1-1)*10,4) -> 5 | C41: Tomas Žuramskas, N. | D41: 2 | E41: 2 | M41: =SUM(D41-E41) -> 0 | N41: =SUM(E41,M41) -> 2
C42: Aidas Kiukys, D. | D42: 4 | E42: 4 | F42: 3 | I42: 1 | J42: 2 | L42: 5075 | M42: =SUM(D42-E42) -> 0 | N42: =SUM(E42,M42) -> 4
C43: Evaldas Maskeliūnas, D. | D43: 5 | E43: 5 | L43: 2600 | M43: =SUM(D43-E43) -> 0 | N43: =SUM(E43,M43) -> 5
C44: Giedrė Sajetaitė, D. | D44: 8 | E44: 8 | F44: 2 | J44: 1 | M44: =SUM(D44-E44) -> 0 | N44: =SUM(E44,M44) -> 8
C45: Laura Mendelienė, N. | D45: 3 | E45: 2 | M45: =SUM(D45-E45) -> 1 | N45: =SUM(E45,M45) -> 3
M46: =SUM(D46-E46) -> 0 | N46: =SUM(E46,M46) -> 0
C47: Iš viso Lietuvoje: | D47: =SUM(D41:D46) -> 22 | E47: =SUM(E41:E46) -> 21 | F47: =SUM(F41:F46) -> 5 | G47: =SUM(G41:G46) -> 0 | H47: =SUM(H41:H46) -> 0 | I47: =SUM(I41:I46) -> 1 | J47: =SUM(J41:J46) -> 3 | K47: =SUM(K41:K46) -> 0 | L47: 36271.85 | M47: =SUM(M41:M46) -> 1 | N47: =SUM(N41:N46) -> 22 | O47: 2 | P47: 6
C48: dienos foto | D48: =SUM(D41:D46) -> 22 | E48: =SUM(E41:E46) -> 21 | F48: =SUM(F47:K47) -> 9 | L48: =L47 -> 36271.85 | M48: =SUM(M41:M46) -> 1 | N48: =SUM(N41:N46) -> 22 | O48: =SUM(O47) -> 2 | P48: =SUM(P47) -> 6 | T48: =$V$3+L12+L22+L32+L40+L48 -> 5101276.4
A49: =OFFSET('0'!$B$112,($A$1-1)*10,$B49-1) -> SK | B49: =OFFSET('0'!$B$111,($A$1-1)*10,5) -> 6 | C49: Laura Mendelienė, N. | D49: 0 | E49: 0 | M49: =SUM(D49-E49) -> 0 | N49: =SUM(E49,M49) -> 0
C50: Aidas Kiukys, D. | D50: 3 | E50: 3 | I50: 1 | L50: 3600 | M50: =SUM(D50-E50) -> 0 | N50: =SUM(E50,M50) -> 3
C51: Evaldas Maskeliūnas, D. | D51: 4 | E51: 4 | M51: =SUM(D51-E51) -> 0 | N51: =SUM(E51,M51) -> 4
C52: Vaidas Šeduikis, D. | D52: 7 | E52: 7 | F52: 5 | I52: 1 | J52: 1 | M52: =SUM(D52-E52) -> 0 | N52: =SUM(E52,M52) -> 7
C53: Giedrė Sajetaitė, N. | D53: 5 | E53: 5 | F53: 11 | J53: 2 | M53: =SUM(D53-E53) -> 0 | N53: =SUM(E53,M53) -> 5
M54: =SUM(D54-E54) -> 0 | N54: =SUM(E54,M54) -> 0
C55: Iš viso Lietuvoje: | D55: =SUM(D49:D54) -> 19 | E55: =SUM(E49:E54) -> 19 | F55: =SUM(F49:F54) -> 16 | G55: =SUM(G49:G54) -> 0 | H55: =SUM(H49:H54) -> 0 | I55: =SUM(I49:I54) -> 2 | J55: =SUM(J49:J54) -> 3 | K55: =SUM(K49:K54) -> 0 | L55: 23099 | M55: =SUM(M49:M54) -> 0 | N55: =SUM(N49:N54) -> 19 | O55: 3 | P55: 2
C56: dienos foto | D56: =SUM(D49:D54) -> 19 | E56: =SUM(E49:E54) -> 19 | F56: =SUM(F55:K55) -> 21 | L56: =L55 -> 23099 | M56: =SUM(M49:M54) -> 0 | N56: =SUM(N49:N54) -> 19 | O56: =SUM(O55) -> 3 | P56: =SUM(P55) -> 2 | T56: =$V$3+L12+L22+L32+L40+L48+L56 -> 5124375.4
A57: =OFFSET('0'!$B$112,($A$1-1)*10,$B57-1) -> -- | B57: =OFFSET('0'!$B$111,($A$1-1)*10,6) -> 7 | C57: Giedrė Sajetaitė, N. | D57: 0 | M57: =SUM(D57-E57) -> 0 | N57: =SUM(E57,M57) -> 0
C58: Jurijus Aleksejevas, D. | D58: 14 | E58: 14 | F58: 1 | J58: 1 | L58: 54031.09 | M58: =SUM(D58-E58) -> 0 | N58: =SUM(E58,M58) -> 14
C59: Saulius Merkininkas, D. | D59: 22 | E59: 22 | F59: 1 | I59: 1 | J59: 2 | M59: =SUM(D59-E59) -> 0 | N59: =SUM(E59,M59) -> 22
C60: Dalius Bacevičius, D. | D60: 24 | E60: 24 | F60: 1 | J60: 2 | M60: =SUM(D60-E60) -> 0 | N60: =SUM(E60,M60) -> 24
C61: Tomas Žuramskas, D. | D61: 17 | E61: 17 | F61: 2 | I61: 1 | M61: =SUM(D61-E61) -> 0 | N61: =SUM(E61,M61) -> 17
C62: Laura Mendelienė, N. | D62: 13 | E62: 12 | F62: 2 | I62: 1 | M62: =SUM(D62-E62) -> 1 | N62: =SUM(E62,M62) -> 13
C63: Iš viso Lietuvoje: | D63: =SUM(D57:D62) -> 90 | E63: =SUM(E57:E62) -> 89 | F63: =SUM(F57:F62) -> 7 | G63: =SUM(G57:G62) -> 0 | H63: =SUM(H57:H62) -> 0 | I63: =SUM(I57:I62) -> 3 | J63: =SUM(J57:J62) -> 5 | K63: =SUM(K57:K62) -> 0 | L63: 119688.53 | M63: =SUM(M57:M62) -> 1 | N63: =SUM(N57:N62) -> 90 | O63: 5 | P63: 7
C64: dienos foto | D64: =SUM(D57:D62) -> 90 | E64: =SUM(E57:E62) -> 89 | F64: =SUM(F63:K63) -> 15 | L64: =L63 -> 119688.53 | M64: =SUM(M57:M62) -> 1 | N64: =SUM(N57:N62) -> 90 | O64: =SUM(O63) -> 5 | P64: =SUM(P63) -> 7 | T64: =$V$3+L12+L22+L32+L40+L48+L56+L64 -> 5244063.9
A65: =OFFSET('0'!$B$112,($A$1-1)*10,$B65-1) -> -- | B65: =OFFSET('0'!$B$111,($A$1-1)*10,7) -> 8 | C65: Laura Mendelienė, N. | D65: 5 | E65: 5 | M65: =SUM(D65-E65) -> 0 | N65: =SUM(E65,M65) -> 5
C66: Saulius Merkininkas, D. | D66: 14 | E66: 14 | F66: 5 | G66: 6 | J66: 3 | M66: =SUM(D66-E66) -> 0 | N66: =SUM(E66,M66) -> 14
C67: Jurgita Pilypaitienė, D. | D67: 15 | E67: 14 | F67: 3 | G67: 3 | L67: 8472 | M67: =SUM(D67-E67) -> 1 | N67: =SUM(E67,M67) -> 15
C68: Dalius Bacevičius, D. | D68: 16 | E68: 15 | F68: 1 | G68: 6 | I68: 1 | L68: 1 | M68: =SUM(D68-E68) -> 1 | N68: =SUM(E68,M68) -> 16
C69: Tomas Žuramskas, D. | D69: 13 | E69: 13 | G69: 2 | I69: 1 | J69: 1 | M69: =SUM(D69-E69) -> 0 | N69: =SUM(E69,M69) -> 13
C70: Jurijus Aleksejevas, N. | D70: 11 | E70: 11 | F70: 6 | G70: 1 | M70: =SUM(D70-E70) -> 0 | N70: =SUM(E70,M70) -> 11
C71: Iš viso Lietuvoje: | D71: =SUM(D65:D70) -> 74 | E71: =SUM(E65:E70) -> 72 | F71: =SUM(F65:F70) -> 15 | G71: =SUM(G65:G70) -> 18 | H71: =SUM(H65:H70) -> 0 | I71: =SUM(I65:I70) -> 2 | J71: =SUM(J65:J70) -> 4 | K71: =SUM(K65:K70) -> 0 | L71: 38737.25 | M71: =SUM(M65:M70) -> 2 | N71: =SUM(N65:N70) -> 74 | O71: 3 | P71: 6
C72: dienos foto | D72: =SUM(D65:D70) -> 74 | E72: =SUM(E65:E70) -> 72 | F72: =SUM(F71:K71) -> 39 | L72: =L71 -> 38737.25 | M72: =SUM(M65:M70) -> 2 | N72: =SUM(N65:N70) -> 74 | O72: =SUM(O71) -> 3 | P72: =SUM(P71) -> 6 | T72: =$V$3+L12+L22+L32+L40+L48+L56+L64+L72 -> 5282801.2
A73: =OFFSET('0'!$B$112,($A$1-1)*10,$B73-1) -> -- | B73: =OFFSET('0'!$B$111,($A$1-1)*10,8) -> 9 | C73: Jurijus Aleksejevas, N. | D73: 1 | E73: 1 | F73: 1 | M73: =SUM(D73-E73) -> 0 | N73: =SUM(E73,M73) -> 1
C74: Saulius Merkininkas, D. | D74: 18 | E74: 18 | F74: 3 | G74: 8 | M74: =SUM(D74-E74) -> 0 | N74: =SUM(E74,M74) -> 18
C75: Jurgita Pilypaitienė, D. | D75: 19 | E75: 18 | F75: 2 | G75: 6 | I75: 2 | J75: 1 | M75: =SUM(D75-E75) -> 1 | N75: =SUM(E75,M75) -> 19
C76: Vaidas Šeduikis, D. | D76: 17 | E76: 15 | F76: 3 | G76: 14 | I76: 1 | J76: 1 | M76: =SUM(D76-E76) -> 2 | N76: =SUM(E76,M76) -> 17
C77: Tomas Žuramskas, D. | D77: 16 | E77: 16 | F77: 3 | G77: 7 | J77: 2 | M77: =SUM(D77-E77) -> 0 | N77: =SUM(E77,M77) -> 16
C78: Dalius Bacevičius, N. | D78: 14 | E78: 13 | G78: 4 | I78: 2 | J78: 2 | M78: =SUM(D78-E78) -> 1 | N78: =SUM(E78,M78) -> 14
C79: Iš viso Lietuvoje: | D79: =SUM(D73:D78) -> 85 | E79: =SUM(E73:E78) -> 81 | F79: =SUM(F73:F78) -> 12 | G79: =SUM(G73:G78) -> 39 | H79: =SUM(H73:H78) -> 0 | I79: =SUM(I73:I78) -> 5 | J79: =SUM(J73:J78) -> 6 | K79: =SUM(K73:K78) -> 0 | L79: 80976.7 | M79: =SUM(M73:M78) -> 4 | N79: =SUM(N73:N78) -> 85
C80: dienos foto | D80: =SUM(D73:D78) -> 85 | E80: =SUM(E73:E78) -> 81 | F80: =SUM(F79:K79) -> 62 | L80: =L79 -> 80976.7 | M80: =SUM(M73:M78) -> 4 | N80: =SUM(N73:N78) -> 85 | O80: =SUM(O79) -> 0 | P80: =SUM(P79) -> 0 | T80: =$V$3+L12+L22+L32+L40+L48+L56+L64+L72+L80 -> 5363777.9
A81: =OFFSET('0'!$B$112,($A$1-1)*10,$B81-1) -> -- | B81: =OFFSET('0'!$B$111,($A$1-1)*10,9) -> 10 | C81: Dalius Bacevičius, N. | D81: 1 | E81: 1 | M81: =SUM(D81-E81) -> 0 | N81: =SUM(E81,M81) -> 1
C82: Giedrė Sajetaitė, D. | D82: 16 | E82: 15 | F82: 1 | G82: 12 | J82: 2 | M82: =SUM(D82-E82) -> 1 | N82: =SUM(E82,M82) -> 16
C83: Aidas Kiukys, D. | D83: 22 | E83: 22 | F83: 2 | G83: 12 | I83: 2 | J83: 2 | L83: 4978 | M83: =SUM(D83-E83) -> 0 | N83: =SUM(E83,M83) -> 22
C84: Vaidas Šeduikis, D. | D84: 15 | E84: 15 | F84: 4 | G84: 12 | M84: =SUM(D84-E84) -> 0 | N84: =SUM(E84,M84) -> 15
C85: Evaldas Maskeliūnas, D. | D85: 16 | E85: 16 | F85: 4 | G85: 4 | M85: =SUM(D85-E85) -> 0 | N85: =SUM(E85,M85) -> 16
C86: Jurgita Pilypaitienė, N. | D86: 19 | E86: 19 | F86: 4 | G86: 3 | I86: 1 | L86: 6615.81 | M86: =SUM(D86-E86) -> 0 | N86: =SUM(E86,M86) -> 19
C87: Iš viso Lietuvoje: | D87: =SUM(D81:D86) -> 89 | E87: =SUM(E81:E86) -> 88 | F87: =SUM(F81:F86) -> 15 | G87: =SUM(G81:G86) -> 43 | H87: =SUM(H81:H86) -> 0 | I87: =SUM(I81:I86) -> 3 | J87: =SUM(J81:J86) -> 4 | K87: =SUM(K81:K86) -> 0 | L87: 64813.12 | M87: =SUM(M81:M86) -> 1 | N87: =SUM(N81:N86) -> 89 | O87: 1 | P87: 6
C88: dienos foto | D88: =SUM(D81:D86) -> 89 | E88: =SUM(E81:E86) -> 88 | F88: =SUM(F87:K87) -> 65 | L88: =L87 -> 64813.12 | M88: =SUM(M81:M86) -> 1 | N88: =SUM(N81:N86) -> 89 | O88: =SUM(O87) -> 1 | P88: =SUM(P87) -> 6 | T88: =$V$3+L12+L22+L32+L40+L48+L56+L64+L72+L80+L88 -> 5428591
A89: =OFFSET('0'!$B$112,($A$1-1)*10,$B89-1) -> -- | B89: =OFFSET('0'!$B$111,($A$1-1)*10,10) -> 11 | C89: Jurgita Pilypaitienė, N. | D89: 3 | E89: 3 | L89: 8700 | M89: =SUM(D89-E89) -> 0 | N89: =SUM(E89,M89) -> 3
C90: Giedrė Sajetaitė, D. | D90: 17 | E90: 17 | F90: 1 | G90: 12 | I90: 1 | J90: 1 | M90: =SUM(D90-E90) -> 0 | N90: =SUM(E90,M90) -> 17
C91: Aidas Kiukys, D. | D91: 25 | E91: 25 | F91: 1 | G91: 21 | I91: 3 | J91: 1 | L91: 20160 | M91: =SUM(D91-E91) -> 0 | N91: =SUM(E91,M91) -> 25
C92: Laura Mendelienė, D. | D92: 20 | E92: 18 | F92: 6 | G92: 8 | I92: 1 | L92: 2700.8 | M92: =SUM(D92-E92) -> 2 | N92: =SUM(E92,M92) -> 20
C93: Vaidas Šeduikis, D. | D93: 20 | E93: 19 | F93: 2 | G93: 9 | J93: 1 | M93: =SUM(D93-E93) -> 1 | N93: =SUM(E93,M93) -> 20
C94: Evaldas Maskeliūnas, N. | D94: 6 | E94: 6 | F94: 2 | I94: 2 | J94: 1 | M94: =SUM(D94-E94) -> 0 | N94: =SUM(E94,M94) -> 6
C95: Iš viso Lietuvoje: | D95: =SUM(D89:D94) -> 91 | E95: =SUM(E89:E94) -> 88 | F95: =SUM(F89:F94) -> 12 | G95: =SUM(G89:G94) -> 50 | H95: =SUM(H89:H94) -> 0 | I95: =SUM(I89:I94) -> 7 | J95: =SUM(J89:J94) -> 4 | K95: =SUM(K89:K94) -> 0 | L95: 160812.06 | M95: =SUM(M89:M94) -> 3 | N95: =SUM(N89:N94) -> 91 | O95: 2 | P95: 6
C96: dienos foto | D96: =SUM(D89:D94) -> 91 | E96: =SUM(E89:E94) -> 88 | F96: =SUM(F95:K95) -> 73 | L96: =L95 -> 160812.06 | M96: =SUM(M89:M94) -> 3 | N96: =SUM(N89:N94) -> 91 | O96: =SUM(O95) -> 2 | P96: =SUM(P95) -> 6 | T96: =$V$3+L12+L22+L32+L40+L48+L56+L64+L72+L80+L88+L96 -> 5589403.1
A97: =OFFSET('0'!$B$112,($A$1-1)*10,$B97-1) -> SS | B97: =OFFSET('0'!$B$111,($A$1-1)*10,11) -> 12 | C97: Evaldas Maskeliūnas, N. | D97: 2 | E97: 2 | I97: 1 | M97: =SUM(D97-E97) -> 0 | N97: =SUM(E97,M97) -> 2
C98: Saulius Merkininkas, D. | D98: 14 | E98: 12 | F98: 2 | G98: 1 | M98: =SUM(D98-E98) -> 2 | N98: =SUM(E98,M98) -> 14
C99: Laura Mendelienė, D. | D99: 18 | E99: 17 | F99: 1 | G99: 1 | I99: 5 | J99: 2 | M99: =SUM(D99-E99) -> 1 | N99: =SUM(E99,M99) -> 18
C100: Giedrė Sajetaitė, N. | D100: 4 | E100: 4 | F100: 2 | G100: 3 | J100: 1 | M100: =SUM(D100-E100) -> 0 | N100: =SUM(E100,M100) -> 4
...

Sheet Gegužė
A1: 5
B2: Mėnesio diena | C2: Vardas, pavardė. Pamaina D/N | D2: Paimti ROIK pranešimai (skaičius) | E2: Apdorota | F2: INFORMUOTA | L2: Pasisavintų lėšų suma (visų pranešimų) | M2: Neapdorota (siųstos pajėgos) | N2: Kontrolinis | O2: Tikslinamos aplinkybės (M) | P2: Pradėta IT | Q2: Pastabos | T2: Kontr. Kasdienė eilutė (Žalos)
F3: Bankas | G3: RRT | H3: FNTT | I3: NKSC | J3: Facebook | K3: Kita/įrašyti | U3: Praeitų mėn. Žalos | V3: =SUM('Bendras metų'!V6:V9) -> 7334059.8
A4: =OFFSET('0'!$B$112,($A$1-1)*10,$B4-1) -> SV | B4: =OFFSET('0'!$B$111,($A$1-1)*10,0) -> 1 | C4: Aidas Kiukys, N. | D4: 1 | E4: 1 | M4: =SUM(D4-E4) -> 0 | N4: =SUM(E4,M4) -> 1
C5: Jurgita Pilypaitienė, D. | D5: 14 | E5: 13 | F5: 1 | G5: 1 | L5: 18516.35 | M5: =SUM(D5-E5) -> 1 | N5: =SUM(E5,M5) -> 14
C6: Laura Mendelienė, D. | D6: 13 | E6: 13 | F6: 4 | G6: 6 | M6: =SUM(D6-E6) -> 0 | N6: =SUM(E6,M6) -> 13
C7: Tomas Žuramskas, D. | D7: 15 | E7: 15 | F7: 4 | G7: 3 | I7: 2 | J7: 1 | M7: =SUM(D7-E7) -> 0 | N7: =SUM(E7,M7) -> 15
C8: Evaldas Maskeliūnas, N. | D8: 11 | E8: 11 | F8: 3 | G8: 1 | M8: =SUM(D8-E8) -> 0 | N8: =SUM(E8,M8) -> 11
M9: =SUM(D9-E9) -> 0 | N9: =SUM(E9,M9) -> 0
C10: Iš viso Lietuvoje: | D10: =SUM(D4:D9) -> 54 | E10: =SUM(E4:E9) -> 53 | F10: =SUM(F4:F9) -> 12 | G10: =SUM(G4:G9) -> 11 | H10: =SUM(H4:H9) -> 0 | I10: =SUM(I4:I9) -> 2 | J10: =SUM(J4:J9) -> 1 | K10: =SUM(K4:K9) -> 0 | L10: 54053.34 | M10: =SUM(M4:M9) -> 1 | N10: =SUM(N4:N9) -> 54 | O10: 0 | P10: 2
C11: dienos foto | D11: =SUM(D4:D9) -> 54 | E11: =SUM(E4:E9) -> 53 | F11: =SUM(F10:K10) -> 26 | L11: =L10 -> 54053.34 | M11: =SUM(M4:M9) -> 1 | N11: =SUM(N4:N9) -> 54 | O11: =SUM(O10) -> 0 | P11: =SUM(P10) -> 2 | T11: =$V$3+L11 -> 7388113.2
A12: =OFFSET('0'!$B$112,($A$1-1)*10,$B12-1) -> -- | B12: =OFFSET('0'!$B$111,($A$1-1)*10,1) -> 2 | C12: Evaldas Maskeliūnas, N. | D12: 1 | E12: 1 | M12: =SUM(D12-E12) -> 0 | N12: =SUM(E12,M12) -> 1
C13: Jurgita Pilypaitienė, D. | D13: 28 | E13: 26 | F13: 3 | G13: 2 | I13: 3 | L13: 10406.1 | M13: =SUM(D13-E13) -> 2 | N13: =SUM(E13,M13) -> 28
C14: Vaidas Šeduikis, D. | D14: 34 | E14: 33 | F14: 8 | G14: 21 | I14: 3 | J14: 1 | M14: =SUM(D14-E14) -> 1 | N14: =SUM(E14,M14) -> 34
C15: Laura Mendelienė, N. | D15: 11 | E15: 11 | F15: 3 | G15: 1 | M15: =SUM(D15-E15) -> 0 | N15: =SUM(E15,M15) -> 11
M16: =SUM(D16-E16) -> 0 | N16: =SUM(E16,M16) -> 0
M17: =SUM(D17-E17) -> 0 | N17: =SUM(E17,M17) -> 0
C18: Iš viso Lietuvoje: | D18: =SUM(D12:D17) -> 74 | E18: =SUM(E12:E17) -> 71 | F18: =SUM(F12:F17) -> 14 | G18: =SUM(G12:G17) -> 24 | H18: =SUM(H12:H17) -> 0 | I18: =SUM(I12:I17) -> 6 | J18: =SUM(J12:J17) -> 1 | K18: =SUM(K12:K17) -> 0 | L18: 59724.29 | M18: =SUM(M12:M17) -> 3 | N18: =SUM(N12:N17) -> 74 | O18: 5 | P18: 4
C19: dienos foto | D19: =SUM(D12:D17) -> 74 | E19: =SUM(E12:E17) -> 71 | F19: =SUM(F18:K18) -> 45 | L19: =L18 -> 59724.29 | M19: =SUM(M12:M17) -> 3 | N19: =SUM(N12:N17) -> 74 | O19: =SUM(O18) -> 5 | P19: =SUM(P18) -> 4 | T19: =$V$3+L11+L19 -> 7447837.4
A20: =OFFSET('0'!$B$112,($A$1-1)*10,$B20-1) -> SS | B20: =OFFSET('0'!$B$111,($A$1-1)*10,2) -> 3 | C20: Laura Mendelienė, N. | D20: 0 | E20: 0 | M20: =SUM(D20-E20) -> 0 | N20: =SUM(E20,M20) -> 0
C21: Saulius Merkininkas, D. | D21: 15 | E21: 14 | F21: 6 | J21: 1 | M21: =SUM(D21-E21) -> 1 | N21: =SUM(E21,M21) -> 15
C22: Vaidas Šeduikis, D. | D22: 12 | E22: 12 | F22: 3 | G22: 1 | I22: 1 | M22: =SUM(D22-E22) -> 0 | N22: =SUM(E22,M22) -> 12
C23: Jurgita Pilypaitienė, N. | D23: 11 | E23: 9 | F23: 4 | I23: 2 | M23: =SUM(D23-E23) -> 2 | N23: =SUM(E23,M23) -> 11
M24: =SUM(D24-E24) -> 0 | N24: =SUM(E24,M24) -> 0
M25: =SUM(D25-E25) -> 0 | N25: =SUM(E25,M25) -> 0
C26: Iš viso Lietuvoje: | D26: =SUM(D20:D25) -> 38 | E26: =SUM(E20:E25) -> 35 | F26: =SUM(F20:F25) -> 13 | G26: =SUM(G20:G25) -> 1 | H26: =SUM(H20:H25) -> 0 | I26: =SUM(I20:I25) -> 3 | J26: =SUM(J20:J25) -> 1 | K26: =SUM(K20:K25) -> 0 | L26: 72817.81 | M26: =SUM(M20:M25) -> 3 | N26: =SUM(N20:N25) -> 38 | O26: 1 | P26: 2
C27: dienos foto | D27: =SUM(D20:D25) -> 38 | E27: =SUM(E20:E25) -> 35 | F27: =SUM(F26:K26) -> 18 | L27: =L26 -> 72817.81 | M27: =SUM(M20:M25) -> 3 | N27: =SUM(N20:N25) -> 38 | O27: =SUM(O26) -> 1 | P27: =SUM(P26) -> 2 | T27: =$V$3++L11+L19+L27 -> 7520655.3
A28: =OFFSET('0'!$B$112,($A$1-1)*10,$B28-1) -> SK | B28: =OFFSET('0'!$B$111,($A$1-1)*10,3) -> 4 | C28: Jurgita Pilypaitienė, N. | D28: 3 | E28: 1 | F28: 1 | M28: =SUM(D28-E28) -> 2 | N28: =SUM(E28,M28) -> 3
C29: Saulius Merkininkas, D. | D29: 10 | E29: 10 | F29: 2 | I29: 1 | J29: 1 | M29: =SUM(D29-E29) -> 0 | N29: =SUM(E29,M29) -> 10
C30: Giedrė Sajetaitė, D. | D30: 11 | E30: 11 | F30: 3 | G30: 6 | I30: 2 | M30: =SUM(D30-E30) -> 0 | N30: =SUM(E30,M30) -> 11
C31: Vaidas Šeduikis, N. | D31: 9 | E31: 9 | F31: 2 | M31: =SUM(D31-E31) -> 0 | N31: =SUM(E31,M31) -> 9
M32: =SUM(D32-E32) -> 0 | N32: =SUM(E32,M32) -> 0
M33: =SUM(D33-E33) -> 0 | N33: =SUM(E33,M33) -> 0
C34: Iš viso Lietuvoje: | D34: =SUM(D28:D33) -> 33 | E34: =SUM(E28:E33) -> 31 | F34: =SUM(F28:F33) -> 8 | G34: =SUM(G28:G33) -> 6 | H34: =SUM(H28:H33) -> 0 | I34: =SUM(I28:I33) -> 3 | J34: =SUM(J28:J33) -> 1 | K34: =SUM(K28:K33) -> 0 | L34: 20859.01 | M34: =SUM(M28:M33) -> 2 | N34: =SUM(N28:N33) -> 33
C35: dienos foto | D35: =SUM(D28:D33) -> 33 | E35: =SUM(E28:E33) -> 31 | F35: =SUM(F34:K34) -> 18 | L35: =L34 -> 20859.01 | M35: =SUM(M28:M33) -> 2 | N35: =SUM(N28:N33) -> 33 | O35: =SUM(O34) -> 0 | P35: =SUM(P34) -> 0 | T35: =$V$3+L11+L19+L27+L35 -> 7541514.3
A36: =OFFSET('0'!$B$112,($A$1-1)*10,$B36-1) -> -- | B36: =OFFSET('0'!$B$111,($A$1-1)*10,4) -> 5 | C36: Vaidas Šeduikis, N. | D36: 2 | E36: 2 | M36: =SUM(D36-E36) -> 0 | N36: =SUM(E36,M36) -> 2
C37: Evaldas Maskeliūnas, D. | D37: 23 | E37: 22 | F37: 1 | G37: 5 | I37: 1 | M37: =SUM(D37-E37) -> 1 | N37: =SUM(E37,M37) -> 23
C38: Tomas Žuramskas, D. | D38: 21 | E38: 21 | F38: 9 | G38: 4 | I38: 1 | J38: 2 | M38: =SUM(D38-E38) -> 0 | N38: =SUM(E38,M38) -> 21
C39: Giedrė Sajetaitė, D. | D39: 28 | E39: 28 | F39: 4 | G39: 16 | J39: 6 | M39: =SUM(D39-E39) -> 0 | N39: =SUM(E39,M39) -> 28
C40: Saulius Merkininkas, N. | D40: 12 | E40: 11 | F40: 3 | G40: 4 | J40: 1 | M40: =SUM(D40-E40) -> 1 | N40: =SUM(E40,M40) -> 12
M41: =SUM(D41-E41) -> 0 | N41: =SUM(E41,M41) -> 0
C42: Iš viso Lietuvoje: | D42: =SUM(D36:D41) -> 86 | E42: =SUM(E36:E41) -> 84 | F42: =SUM(F36:F41) -> 17 | G42: =SUM(G36:G41) -> 29 | H42: =SUM(H36:H41) -> 0 | I42: =SUM(I36:I41) -> 2 | J42: =SUM(J36:J41) -> 9 | K42: =SUM(K36:K41) -> 0 | L42: 185675.79 | M42: =SUM(M36:M41) -> 2 | N42: =SUM(N36:N41) -> 86 | O42: 6 | P42: 10
C43: dienos foto | D43: =SUM(D36:D41) -> 86 | E43: =SUM(E36:E41) -> 84 | F43: =SUM(F42:K42) -> 57 | L43: =L42 -> 185675.79 | M43: =SUM(M36:M41) -> 2 | N43: =SUM(N36:N41) -> 86 | O43: =SUM(O42) -> 6 | P43: =SUM(P42) -> 10 | T43: =$V$3+L11+L19+L27+L35+L43 -> 7727190.1
A44: =OFFSET('0'!$B$112,($A$1-1)*10,$B44-1) -> -- | B44: =OFFSET('0'!$B$111,($A$1-1)*10,5) -> 6 | C44: Saulius Merkininkas, N. | D44: 0 | E44: 0 | M44: =SUM(D44-E44) -> 0 | N44: =SUM(E44,M44) -> 0
C45: Evaldas Maskeliūnas, D. | D45: 23 | E45: 23 | G45: 17 | M45: =SUM(D45-E45) -> 0 | N45: =SUM(E45,M45) -> 23
C46: Tomas Žuramskas, D. | D46: 30 | E46: 29 | F46: 6 | G46: 8 | J46: 1 | M46: =SUM(D46-E46) -> 1 | N46: =SUM(E46,M46) -> 30
C47: Giedrė Sajetaitė, N. | D47: 17 | E47: 16 | F47: 2 | G47: 5 | J47: 1 | M47: =SUM(D47-E47) -> 1 | N47: =SUM(E47,M47) -> 17
M48: =SUM(D48-E48) -> 0 | N48: =SUM(E48,M48) -> 0
M49: =SUM(D49-E49) -> 0 | N49: =SUM(E49,M49) -> 0
C50: Iš viso Lietuvoje: | D50: =SUM(D44:D49) -> 70 | E50: =SUM(E44:E49) -> 68 | F50: =SUM(F44:F49) -> 8 | G50: =SUM(G44:G49) -> 30 | H50: =SUM(H44:H49) -> 0 | I50: =SUM(I44:I49) -> 0 | J50: =SUM(J44:J49) -> 2 | K50: =SUM(K44:K49) -> 0 | L50: 53864.25 | M50: =SUM(M44:M49) -> 2 | N50: =SUM(N44:N49) -> 70 | O50: 3 | P50: 6
C51: dienos foto | D51: =SUM(D44:D49) -> 70 | E51: =SUM(E44:E49) -> 68 | F51: =SUM(F50:K50) -> 40 | L51: =L50 -> 53864.25 | M51: =SUM(M44:M49) -> 2 | N51: =SUM(N44:N49) -> 70 | O51: =SUM(O50) -> 3 | P51: =SUM(P50) -> 6 | T51: =$V$3+L11+L19+L27+L35+L43+L51 -> 7781054.3
A52: =OFFSET('0'!$B$112,($A$1-1)*10,$B52-1) -> -- | B52: =OFFSET('0'!$B$111,($A$1-1)*10,6) -> 7 | C52: Giedrė Sajetaitė, N. | D52: 2 | E52: 2 | M52: =SUM(D52-E52) -> 0 | N52: =SUM(E52,M52) -> 2
C53: Jurgita Pilypaitienė, D. | D53: 39 | E53: 38 | F53: 3 | G53: 13 | I53: 2 | J53: 2 | M53: =SUM(D53-E53) -> 1 | N53: =SUM(E53,M53) -> 39
C54: Jurijus Aleksejevas, D. | D54: 40 | E54: 39 | F54: 11 | G54: 19 | I54: 1 | J54: 3 | M54: =SUM(D54-E54) -> 1 | N54: =SUM(E54,M54) -> 40
C55: Evaldas Maskeliūnas, N. | D55: 22 | E55: 19 | F55: 3 | G55: 4 | M55: =SUM(D55-E55) -> 3 | N55: =SUM(E55,M55) -> 22
M56: =SUM(D56-E56) -> 0 | N56: =SUM(E56,M56) -> 0
M57: =SUM(D57-E57) -> 0 | N57: =SUM(E57,M57) -> 0
C58: Iš viso Lietuvoje: | D58: =SUM(D52:D57) -> 103 | E58: =SUM(E52:E57) -> 98 | F58: =SUM(F52:F57) -> 17 | G58: =SUM(G52:G57) -> 36 | H58: =SUM(H52:H57) -> 0 | I58: =SUM(I52:I57) -> 3 | J58: =SUM(J52:J57) -> 5 | K58: =SUM(K52:K57) -> 0 | L58: 90263.5 | M58: =SUM(M52:M57) -> 5 | N58: =SUM(N52:N57) -> 103 | O58: 3 | P58: 5
C59: dienos foto | D59: =SUM(D52:D57) -> 103 | E59: =SUM(E52:E57) -> 98 | F59: =SUM(F58:K58) -> 61 | L59: =L58 -> 90263.5 | M59: =SUM(M52:M57) -> 5 | N59: =SUM(N52:N57) -> 103 | O59: =SUM(O58) -> 3 | P59: =SUM(P58) -> 5 | T59: =$V$3+L11+L19+L27+L35+L43+L51+L59 -> 7871317.8
A60: =OFFSET('0'!$B$112,($A$1-1)*10,$B60-1) -> -- | B60: =OFFSET('0'!$B$111,($A$1-1)*10,7) -> 8 | C60: Evaldas Maskeliūnas, N. | D60: 0 | E60: 0 | M60: =SUM(D60-E60) -> 0 | N60: =SUM(E60,M60) -> 0
C61: Laura Mendelienė, D. | D61: 27 | E61: 25 | F61: 4 | G61: 8 | M61: =SUM(D61-E61) -> 2 | N61: =SUM(E61,M61) -> 27
C62: Jurgita Pilypaitienė, D. | D62: 15 | E62: 15 | F62: 3 | G62: 1 | M62: =SUM(D62-E62) -> 0 | N62: =SUM(E62,M62) -> 15
C63: Vaidas Šeduikis, D. | D63: 32 | E63: 32 | F63: 6 | G63: 15 | I63: 1 | M63: =SUM(D63-E63) -> 0 | N63: =SUM(E63,M63) -> 32
C64: Jurijus Aleksejevas, N. | D64: 4 | E64: 4 | F64: 1 | J64: 2 | M64: =SUM(D64-E64) -> 0 | N64: =SUM(E64,M64) -> 4
M65: =SUM(D65-E65) -> 0 | N65: =SUM(E65,M65) -> 0
C66: Iš viso Lietuvoje: | D66: =SUM(D60:D65) -> 78 | E66: =SUM(E60:E65) -> 76 | F66: =SUM(F60:F65) -> 14 | G66: =SUM(G60:G65) -> 24 | H66: =SUM(H60:H65) -> 0 | I66: =SUM(I60:I65) -> 1 | J66: =SUM(J60:J65) -> 2 | K66: =SUM(K60:K65) -> 0 | L66: 210193.22 | M66: =SUM(M60:M65) -> 2 | N66: =SUM(N60:N65) -> 78 | O66: 3 | P66: 7
C67: dienos foto | D67: =SUM(D60:D65) -> 78 | E67: =SUM(E60:E65) -> 76 | F67: =SUM(F66:K66) -> 41 | L67: =L66 -> 210193.22 | M67: =SUM(M60:M65) -> 2 | N67: =SUM(N60:N65) -> 78 | O67: =SUM(O66) -> 3 | P67: =SUM(P66) -> 7 | T67: =$V$3+L11+L19+L27+L35+L43+L51+L59+L67 -> 8081511
A68: =OFFSET('0'!$B$112,($A$1-1)*10,$B68-1) -> -- | B68: =OFFSET('0'!$B$111,($A$1-1)*10,8) -> 9 | C68: Jurijus Aleksejevas, N. | D68: 3 | E68: 3 | F68: 2 | M68: =SUM(D68-E68) -> 0 | N68: =SUM(E68,M68) -> 3
C69: Jurgita Pilypaitienė, D. | D69: 13 | E69: 11 | F69: 1 | G69: 1 | M69: =SUM(D69-E69) -> 2 | N69: =SUM(E69,M69) -> 13
C70: Saulius Merkininkas, D. | D70: 38 | E70: 37 | F70: 13 | G70: 12 | J70: 3 | M70: =SUM(D70-E70) -> 1 | N70: =SUM(E70,M70) -> 38
C71: Vaidas Šeduikis, D. | D71: 32 | E71: 31 | F71: 9 | G71: 9 | J71: 1 | M71: =SUM(D71-E71) -> 1 | N71: =SUM(E71,M71) -> 32
C72: Laura Mendelienė, N. | D72: 16 | E72: 15 | F72: 4 | I72: 2 | J72: 1 | M72: =SUM(D72-E72) -> 1 | N72: =SUM(E72,M72) -> 16
M73: =SUM(D73-E73) -> 0 | N73: =SUM(E73,M73) -> 0
C74: Iš viso Lietuvoje: | D74: =SUM(D68:D73) -> 102 | E74: =SUM(E68:E73) -> 97 | F74: =SUM(F68:F73) -> 29 | G74: =SUM(G68:G73) -> 22 | H74: =SUM(H68:H73) -> 0 | I74: =SUM(I68:I73) -> 2 | J74: =SUM(J68:J73) -> 5 | K74: =SUM(K68:K73) -> 0 | L74: 127599.63 | M74: =SUM(M68:M73) -> 5 | N74: =SUM(N68:N73) -> 102 | O74: 3 | P74: 3
C75: dienos foto | D75: =SUM(D68:D73) -> 102 | E75: =SUM(E68:E73) -> 97 | F75: =SUM(F74:K74) -> 58 | L75: =L74 -> 127599.63 | M75: =SUM(M68:M73) -> 5 | N75: =SUM(N68:N73) -> 102 | O75: =SUM(O74) -> 3 | P75: =SUM(P74) -> 3 | T75: =$V$3+L11+L19+L27+L35+L43+L51+L59+L67+L75 -> 8209110.7
A76: =OFFSET('0'!$B$112,($A$1-1)*10,$B76-1) -> SS | B76: =OFFSET('0'!$B$111,($A$1-1)*10,9) -> 10 | C76: Laura Mendelienė, N. | D76: 2 | E76: 2 | M76: =SUM(D76-E76) -> 0 | N76: =SUM(E76,M76) -> 2
C77: Giedrė Sajetaitė, D. | D77: 9 | E77: 9 | G77: 1 | M77: =SUM(D77-E77) -> 0 | N77: =SUM(E77,M77) -> 9
C78: Vaidas Šeduikis, D. | D78: 10 | E78: 9 | F78: 3 | J78: 1 | M78: =SUM(D78-E78) -> 1 | N78: =SUM(E78,M78) -> 10
C79: Saulius Merkininkas, N. | D79: 12 | E79: 12 | F79: 5 | I79: 4 | J79: 3 | M79: =SUM(D79-E79) -> 0 | N79: =SUM(E79,M79) -> 12
M80: =SUM(D80-E80) -> 0 | N80: =SUM(E80,M80) -> 0
M81: =SUM(D81-E81) -> 0 | N81: =SUM(E81,M81) -> 0
C82: Iš viso Lietuvoje: | D82: =SUM(D76:D81) -> 33 | E82: =SUM(E76:E81) -> 32 | F82: =SUM(F76:F81) -> 8 | G82: =SUM(G76:G81) -> 1 | H82: =SUM(H76:H81) -> 0 | I82: =SUM(I76:I81) -> 4 | J82: =SUM(J76:J81) -> 4 | K82: =SUM(K76:K81) -> 0 | L82: 50517.24 | M82: =SUM(M76:M81) -> 1 | N82: =SUM(N76:N81) -> 33 | O82: 2
C83: dienos foto | D83: =SUM(D76:D81) -> 33 | E83: =SUM(E76:E81) -> 32 | F83: =SUM(F82:K82) -> 17 | L83: =L82 -> 50517.24 | M83: =SUM(M76:M81) -> 1 | N83: =SUM(N76:N81) -> 33 | O83: =SUM(O82) -> 2 | P83: =SUM(P82) -> 0 | T83: =$V$3+L11+L19+L27+L35+L43+L51+L59+L67+L75+L83 -> 8259627.9
A84: =OFFSET('0'!$B$112,($A$1-1)*10,$B84-1) -> SK | B84: =OFFSET('0'!$B$111,($A$1-1)*10,10) -> 11 | C84: Saulius Merkininkas, N. | D84: 2 | E84: 2 | F84: 1 | M84: =SUM(D84-E84) -> 0 | N84: =SUM(E84,M84) -> 2
C85: Giedrė Sajetaitė, D. | D85: 8 | E85: 8 | F85: 1 | J85: 1 | M85: =SUM(D85-E85) -> 0 | N85: =SUM(E85,M85) -> 8
C86: Jurijus Aleksejevas, D. | D86: 15 | E86: 14 | F86: 1 | G86: 2 | M86: =SUM(D86-E86) -> 1 | N86: =SUM(E86,M86) -> 15
C87: Vaidas Šeduikis, N. | D87: 11 | E87: 11 | J87: 2 | M87: =SUM(D87-E87) -> 0 | N87: =SUM(E87,M87) -> 11
M88: =SUM(D88-E88) -> 0 | N88: =SUM(E88,M88) -> 0
M89: =SUM(D89-E89) -> 0 | N89: =SUM(E89,M89) -> 0
C90: Iš viso Lietuvoje: | D90: =SUM(D84:D89) -> 36 | E90: =SUM(E84:E89) -> 35 | F90: =SUM(F84:F89) -> 3 | G90: =SUM(G84:G89) -> 2 | H90: =SUM(H84:H89) -> 0 | I90: =SUM(I84:I89) -> 0 | J90: =SUM(J84:J89) -> 3 | K90: =SUM(K84:K89) -> 0 | L90: 13232 | M90: =SUM(M84:M89) -> 1 | N90: =SUM(N84:N89) -> 36 | O90: 1
C91: dienos foto | D91: =SUM(D84:D89) -> 36 | E91: =SUM(E84:E89) -> 35 | F91: =SUM(F90:K90) -> 8 | L91: =L90 -> 13232 | M91: =SUM(M84:M89) -> 1 | N91: =SUM(N84:N89) -> 36 | O91: =SUM(O90) -> 1 | P91: =SUM(P90) -> 0 | T91: =$V$3+L11+L19+L27+L35+L43+L51+L59+L67+L75+L83+L91 -> 8272859.9
A92: =OFFSET('0'!$B$112,($A$1-1)*10,$B92-1) -> -- | B92: =OFFSET('0'!$B$111,($A$1-1)*10,11) -> 12 | C92: Vaidas Šeduikis, N. | D92: 0 | E92: 0 | M92: =SUM(D92-E92) -> 0 | N92: =SUM(E92,M92) -> 0
C93: Tomas Žuramskas, D. | D93: 29 | E93: 28 | F93: 5 | G93: 6 | I93: 2 | J93: 1 | M93: =SUM(D93-E93) -> 1 | N93: =SUM(E93,M93) -> 29
C94: Jurijus Aleksejevas, D. | D94: 36 | E94: 36 | F94: 8 | G94: 11 | I94: 3 | J94: 4 | M94: =SUM(D94-E94) -> 0 | N94: =SUM(E94,M94) -> 36
C95: Giedrė Sajetaitė, N. | D95: 11 | E95: 11 | F95: 4 | G95: 2 | M95: =SUM(D95-E95) -> 0 | N95: =SUM(E95,M95) -> 11
M96: =SUM(D96-E96) -> 0 | N96: =SUM(E96,M96) -> 0
M97: =SUM(D97-E97) -> 0 | N97: =SUM(E97,M97) -> 0
C98: Iš viso Lietuvoje: | D98: =SUM(D92:D97) -> 76 | E98: =SUM(E92:E97) -> 75 | F98: =SUM(F92:F97) -> 17 | G98: =SUM(G92:G97) -> 19 | H98: =SUM(H92:H97) -> 0 | I98: =SUM(I92:I97) -> 5 | J98: =SUM(J92:J97) -> 5 | K98: =SUM(K92:K97) -> 0 | L98: 32727.3 | M98: =SUM(M92:M97) -> 1 | N98: =SUM(N92:N97) -> 76 | O98: 1 | P98: 5
C99: dienos foto | D99: =SUM(D92:D97) -> 76 | E99: =SUM(E92:E97) -> 75 | F99: =SUM(F98:K98) -> 46 | L99: =L98 -> 32727.3 | M99: =SUM(M92:M97) -> 1 | N99: =SUM(N92:N97) -> 76 | O99: =SUM(O98) -> 1 | P99: =SUM(P98) -> 5 | T99: =$V$3+L11+L19+L27+L35+L43+L51+L59+L67+L75+L83+L91+L99 -> 8305587.2
A100: =OFFSET('0'!$B$112,($A$1-1)*10,$B100-1) -> -- | B100: =OFFSET('0'!$B$111,($A$1-1)*10,12) -> 13 | C100: Giedrė Sajetaitė, N. | D100: 1 | E100: 1 | M100: =SUM(D100-E100) -> 0 | N100: =SUM(E100,M100) -> 1
...

Sheet Birželis
A1: 6
B2: Mėnesio diena | C2: Vardas, pavardė. Pamaina D/N | D2: Paimti ROIK pranešimai (skaičius) | E2: Apdorota | F2: INFORMUOTA | L2: Pasisavintų lėšų suma (visų pranešimų) | M2: Neapdorota (siųstos pajėgos) | N2: Kontrolinis | O2: Tikslinamos aplinkybės (M) | P2: Pradėta IT | Q2: Pastabos | T2: Kontr. Kasdienė eilutė (Žalos)
F3: Bankas | G3: RRT | H3: FNTT | I3: NKSC | J3: Facebook | K3: Kita/įrašyti | U3: Praeitų mėn. Žalos | V3: =SUM('Bendras metų'!V6:V10) -> 10786973
A4: =OFFSET('0'!$B$112,($A$1-1)*10,$B4-1) -> SK | B4: =OFFSET('0'!$B$111,($A$1-1)*10,0) -> 1 | C4: Vaidas Šeduikis, N. | D4: 1 | E4: 1 | F4: 1 | J4: 1 | M4: =SUM(D4-E4) -> 0 | N4: =SUM(E4,M4) -> 1
C5: Tomas Žuramskas, D. | D5: 4 | E5: 3 | J5: 1 | M5: =SUM(D5-E5) -> 1 | N5: =SUM(E5,M5) -> 4
C6: Saulius Merkininkas, D. | D6: 6 | E6: 6 | F6: 1 | M6: =SUM(D6-E6) -> 0 | N6: =SUM(E6,M6) -> 6
C7: Jurijus Aleksejevas, N. | D7: 11 | E7: 11 | F7: 6 | I7: 4 | J7: 2 | M7: =SUM(D7-E7) -> 0 | N7: =SUM(E7,M7) -> 11
M8: =SUM(D8-E8) -> 0 | N8: =SUM(E8,M8) -> 0
M9: =SUM(D9-E9) -> 0 | N9: =SUM(E9,M9) -> 0
C10: Iš viso Lietuvoje: | D10: =SUM(D4:D9) -> 22 | E10: =SUM(E4:E9) -> 21 | F10: =SUM(F4:F9) -> 8 | G10: =SUM(G4:G9) -> 0 | H10: =SUM(H4:H9) -> 0 | I10: =SUM(I4:I9) -> 4 | J10: =SUM(J4:J9) -> 4 | K10: =SUM(K4:K9) -> 0 | L10: 34315.27 | M10: =SUM(M4:M9) -> 1 | N10: =SUM(N4:N9) -> 22 | O10: 0 | P10: 2
C11: dienos foto | D11: =SUM(D4:D9) -> 22 | E11: =SUM(E4:E9) -> 21 | F11: =SUM(F10:K10) -> 16 | L11: =L10 -> 34315.27 | M11: =SUM(M4:M9) -> 1 | N11: =SUM(N4:N9) -> 22 | O11: =SUM(O10) -> 0 | P11: =SUM(P10) -> 2 | T11: =$V$3+L11 -> 10821288
A12: =OFFSET('0'!$B$112,($A$1-1)*10,$B12-1) -> -- | B12: =OFFSET('0'!$B$111,($A$1-1)*10,1) -> 2 | C12: Jurijus Aleksejevas, N. | D12: 2 | E12: 2 | F12: 1 | M12: =SUM(D12-E12) -> 0 | N12: =SUM(E12,M12) -> 2
C13: Tomas Žuramskas, D. | D13: 28 | E13: 27 | F13: 5 | G13: 6 | I13: 3 | J13: 3 | M13: =SUM(D13-E13) -> 1 | N13: =SUM(E13,M13) -> 28
C14: Aidas Kiukys, D. | D14: 42 | E14: 40 | F14: 3 | G14: 10 | I14: 4 | M14: =SUM(D14-E14) -> 2 | N14: =SUM(E14,M14) -> 42
C15: Saulius Merkininkas, N. | D15: 19 | E15: 19 | F15: 4 | G15: 1 | I15: 2 | J15: 2 | M15: =SUM(D15-E15) -> 0 | N15: =SUM(E15,M15) -> 19
M16: =SUM(D16-E16) -> 0 | N16: =SUM(E16,M16) -> 0
M17: =SUM(D17-E17) -> 0 | N17: =SUM(E17,M17) -> 0
C18: Iš viso Lietuvoje: | D18: =SUM(D12:D17) -> 91 | E18: =SUM(E12:E17) -> 88 | F18: =SUM(F12:F17) -> 13 | G18: =SUM(G12:G17) -> 17 | H18: =SUM(H12:H17) -> 0 | I18: =SUM(I12:I17) -> 9 | J18: =SUM(J12:J17) -> 5 | K18: =SUM(K12:K17) -> 0 | L18: 261259.33 | M18: =SUM(M12:M17) -> 3 | N18: =SUM(N12:N17) -> 91 | O18: 4 | P18: 8
C19: dienos foto | D19: =SUM(D12:D17) -> 91 | E19: =SUM(E12:E17) -> 88 | F19: =SUM(F18:K18) -> 44 | L19: =L18 -> 261259.33 | M19: =SUM(M12:M17) -> 3 | N19: =SUM(N12:N17) -> 91 | O19: =SUM(O18) -> 4 | P19: =SUM(P18) -> 8 | T19: =$V$3+L11+L19 -> 11082548
A20: =OFFSET('0'!$B$112,($A$1-1)*10,$B20-1) -> -- | B20: =OFFSET('0'!$B$111,($A$1-1)*10,2) -> 3 | C20: Saulius Merkininkas, N. | D20: 1 | E20: 1 | M20: =SUM(D20-E20) -> 0 | N20: =SUM(E20,M20) -> 1
M21: =SUM(D21-E21) -> 0 | N21: =SUM(E21,M21) -> 0
M22: =SUM(D22-E22) -> 0 | N22: =SUM(E22,M22) -> 0
M23: =SUM(D23-E23) -> 0 | N23: =SUM(E23,M23) -> 0
M24: =SUM(D24-E24) -> 0 | N24: =SUM(E24,M24) -> 0
M25: =SUM(D25-E25) -> 0 | N25: =SUM(E25,M25) -> 0
C26: Iš viso Lietuvoje: | D26: =SUM(D20:D25) -> 1 | E26: =SUM(E20:E25) -> 1 | F26: =SUM(F20:F25) -> 0 | G26: =SUM(G20:G25) -> 0 | H26: =SUM(H20:H25) -> 0 | I26: =SUM(I20:I25) -> 0 | J26: =SUM(J20:J25) -> 0 | K26: =SUM(K20:K25) -> 0 | M26: =SUM(M20:M25) -> 0 | N26: =SUM(N20:N25) -> 1
C27: dienos foto | D27: =SUM(D20:D25) -> 1 | E27: =SUM(E20:E25) -> 1 | F27: =SUM(F26:K26) -> 0 | L27: =L26 -> 0 | M27: =SUM(M20:M25) -> 0 | N27: =SUM(N20:N25) -> 1 | O27: =SUM(O26) -> 0 | P27: =SUM(P26) -> 0 | T27: =$V$3++L11+L19+L27 -> 11082548
A28: =OFFSET('0'!$B$112,($A$1-1)*10,$B28-1) -> -- | B28: =OFFSET('0'!$B$111,($A$1-1)*10,3) -> 4 | M28: =SUM(D28-E28) -> 0 | N28: =SUM(E28,M28) -> 0
M29: =SUM(D29-E29) -> 0 | N29: =SUM(E29,M29) -> 0
M30: =SUM(D30-E30) -> 0 | N30: =SUM(E30,M30) -> 0
M31: =SUM(D31-E31) -> 0 | N31: =SUM(E31,M31) -> 0
M32: =SUM(D32-E32) -> 0 | N32: =SUM(E32,M32) -> 0
M33: =SUM(D33-E33) -> 0 | N33: =SUM(E33,M33) -> 0
C34: Iš viso Lietuvoje: | D34: =SUM(D28:D33) -> 0 | E34: =SUM(E28:E33) -> 0 | F34: =SUM(F28:F33) -> 0 | G34: =SUM(G28:G33) -> 0 | H34: =SUM(H28:H33) -> 0 | I34: =SUM(I28:I33) -> 0 | J34: =SUM(J28:J33) -> 0 | K34: =SUM(K28:K33) -> 0 | M34: =SUM(M28:M33) -> 0 | N34: =SUM(N28:N33) -> 0
C35: dienos foto | D35: =SUM(D28:D33) -> 0 | E35: =SUM(E28:E33) -> 0 | F35: =SUM(F34:K34) -> 0 | L35: =L34 -> 0 | M35: =SUM(M28:M33) -> 0 | N35: =SUM(N28:N33) -> 0 | O35: =SUM(O34) -> 0 | P35: =SUM(P34) -> 0 | T35: =$V$3+L11+L19+L27+L35 -> 11082548
A36: =OFFSET('0'!$B$112,($A$1-1)*10,$B36-1) -> -- | B36: =OFFSET('0'!$B$111,($A$1-1)*10,4) -> 5 | M36: =SUM(D36-E36) -> 0 | N36: =SUM(E36,M36) -> 0
M37: =SUM(D37-E37) -> 0 | N37: =SUM(E37,M37) -> 0
M38: =SUM(D38-E38) -> 0 | N38: =SUM(E38,M38) -> 0
M39: =SUM(D39-E39) -> 0 | N39: =SUM(E39,M39) -> 0
M40: =SUM(D40-E40) -> 0 | N40: =SUM(E40,M40) -> 0
M41: =SUM(D41-E41) -> 0 | N41: =SUM(E41,M41) -> 0
C42: Iš viso Lietuvoje: | D42: =SUM(D36:D41) -> 0 | E42: =SUM(E36:E41) -> 0 | F42: =SUM(F36:F41) -> 0 | G42: =SUM(G36:G41) -> 0 | H42: =SUM(H36:H41) -> 0 | I42: =SUM(I36:I41) -> 0 | J42: =SUM(J36:J41) -> 0 | K42: =SUM(K36:K41) -> 0 | M42: =SUM(M36:M41) -> 0 | N42: =SUM(N36:N41) -> 0
C43: dienos foto | D43: =SUM(D36:D41) -> 0 | E43: =SUM(E36:E41) -> 0 | F43: =SUM(F42:K42) -> 0 | L43: =L42 -> 0 | M43: =SUM(M36:M41) -> 0 | N43: =SUM(N36:N41) -> 0 | O43: =SUM(O42) -> 0 | P43: =SUM(P42) -> 0 | T43: =$V$3+L11+L19+L27+L35+L43 -> 11082548
A44: =OFFSET('0'!$B$112,($A$1-1)*10,$B44-1) -> -- | B44: =OFFSET('0'!$B$111,($A$1-1)*10,5) -> 6 | M44: =SUM(D44-E44) -> 0 | N44: =SUM(E44,M44) -> 0
M45: =SUM(D45-E45) -> 0 | N45: =SUM(E45,M45) -> 0
M46: =SUM(D46-E46) -> 0 | N46: =SUM(E46,M46) -> 0
M47: =SUM(D47-E47) -> 0 | N47: =SUM(E47,M47) -> 0
M48: =SUM(D48-E48) -> 0 | N48: =SUM(E48,M48) -> 0
M49: =SUM(D49-E49) -> 0 | N49: =SUM(E49,M49) -> 0
C50: Iš viso Lietuvoje: | D50: =SUM(D44:D49) -> 0 | E50: =SUM(E44:E49) -> 0 | F50: =SUM(F44:F49) -> 0 | G50: =SUM(G44:G49) -> 0 | H50: =SUM(H44:H49) -> 0 | I50: =SUM(I44:I49) -> 0 | J50: =SUM(J44:J49) -> 0 | K50: =SUM(K44:K49) -> 0 | M50: =SUM(M44:M49) -> 0 | N50: =SUM(N44:N49) -> 0
C51: dienos foto | D51: =SUM(D44:D49) -> 0 | E51: =SUM(E44:E49) -> 0 | F51: =SUM(F50:K50) -> 0 | L51: =L50 -> 0 | M51: =SUM(M44:M49) -> 0 | N51: =SUM(N44:N49) -> 0 | O51: =SUM(O50) -> 0 | P51: =SUM(P50) -> 0 | T51: =$V$3+L11+L19+L27+L35+L43+L51 -> 11082548
A52: =OFFSET('0'!$B$112,($A$1-1)*10,$B52-1) -> SS | B52: =OFFSET('0'!$B$111,($A$1-1)*10,6) -> 7 | M52: =SUM(D52-E52) -> 0 | N52: =SUM(E52,M52) -> 0
M53: =SUM(D53-E53) -> 0 | N53: =SUM(E53,M53) -> 0
M54: =SUM(D54-E54) -> 0 | N54: =SUM(E54,M54) -> 0
M55: =SUM(D55-E55) -> 0 | N55: =SUM(E55,M55) -> 0
M56: =SUM(D56-E56) -> 0 | N56: =SUM(E56,M56) -> 0
M57: =SUM(D57-E57) -> 0 | N57: =SUM(E57,M57) -> 0
C58: Iš viso Lietuvoje: | D58: =SUM(D52:D57) -> 0 | E58: =SUM(E52:E57) -> 0 | F58: =SUM(F52:F57) -> 0 | G58: =SUM(G52:G57) -> 0 | H58: =SUM(H52:H57) -> 0 | I58: =SUM(I52:I57) -> 0 | J58: =SUM(J52:J57) -> 0 | K58: =SUM(K52:K57) -> 0 | M58: =SUM(M52:M57) -> 0 | N58: =SUM(N52:N57) -> 0
C59: dienos foto | D59: =SUM(D52:D57) -> 0 | E59: =SUM(E52:E57) -> 0 | F59: =SUM(F58:K58) -> 0 | L59: =L58 -> 0 | M59: =SUM(M52:M57) -> 0 | N59: =SUM(N52:N57) -> 0 | O59: =SUM(O58) -> 0 | P59: =SUM(P58) -> 0 | T59: =$V$3+L11+L19+L27+L35+L43+L51+L59 -> 11082548
A60: =OFFSET('0'!$B$112,($A$1-1)*10,$B60-1) -> SK | B60: =OFFSET('0'!$B$111,($A$1-1)*10,7) -> 8 | M60: =SUM(D60-E60) -> 0 | N60: =SUM(E60,M60) -> 0
M61: =SUM(D61-E61) -> 0 | N61: =SUM(E61,M61) -> 0
M62: =SUM(D62-E62) -> 0 | N62: =SUM(E62,M62) -> 0
M63: =SUM(D63-E63) -> 0 | N63: =SUM(E63,M63) -> 0
M64: =SUM(D64-E64) -> 0 | N64: =SUM(E64,M64) -> 0
M65: =SUM(D65-E65) -> 0 | N65: =SUM(E65,M65) -> 0
C66: Iš viso Lietuvoje: | D66: =SUM(D60:D65) -> 0 | E66: =SUM(E60:E65) -> 0 | F66: =SUM(F60:F65) -> 0 | G66: =SUM(G60:G65) -> 0 | H66: =SUM(H60:H65) -> 0 | I66: =SUM(I60:I65) -> 0 | J66: =SUM(J60:J65) -> 0 | K66: =SUM(K60:K65) -> 0 | M66: =SUM(M60:M65) -> 0 | N66: =SUM(N60:N65) -> 0
C67: dienos foto | D67: =SUM(D60:D65) -> 0 | E67: =SUM(E60:E65) -> 0 | F67: =SUM(F66:K66) -> 0 | L67: =L66 -> 0 | M67: =SUM(M60:M65) -> 0 | N67: =SUM(N60:N65) -> 0 | O67: =SUM(O66) -> 0 | P67: =SUM(P66) -> 0 | T67: =$V$3+L11+L19+L27+L35+L43+L51+L59+L67 -> 11082548
A68: =OFFSET('0'!$B$112,($A$1-1)*10,$B68-1) -> -- | B68: =OFFSET('0'!$B$111,($A$1-1)*10,8) -> 9 | M68: =SUM(D68-E68) -> 0 | N68: =SUM(E68,M68) -> 0
M69: =SUM(D69-E69) -> 0 | N69: =SUM(E69,M69) -> 0
M70: =SUM(D70-E70) -> 0 | N70: =SUM(E70,M70) -> 0
M71: =SUM(D71-E71) -> 0 | N71: =SUM(E71,M71) -> 0
M72: =SUM(D72-E72) -> 0 | N72: =SUM(E72,M72) -> 0
M73: =SUM(D73-E73) -> 0 | N73: =SUM(E73,M73) -> 0
C74: Iš viso Lietuvoje: | D74: =SUM(D68:D73) -> 0 | E74: =SUM(E68:E73) -> 0 | F74: =SUM(F68:F73) -> 0 | G74: =SUM(G68:G73) -> 0 | H74: =SUM(H68:H73) -> 0 | I74: =SUM(I68:I73) -> 0 | J74: =SUM(J68:J73) -> 0 | K74: =SUM(K68:K73) -> 0 | M74: =SUM(M68:M73) -> 0 | N74: =SUM(N68:N73) -> 0
C75: dienos foto | D75: =SUM(D68:D73) -> 0 | E75: =SUM(E68:E73) -> 0 | F75: =SUM(F74:K74) -> 0 | L75: =L74 -> 0 | M75: =SUM(M68:M73) -> 0 | N75: =SUM(N68:N73) -> 0 | O75: =SUM(O74) -> 0 | P75: =SUM(P74) -> 0 | T75: =$V$3+L11+L19+L27+L35+L43+L51+L59+L67+L75 -> 11082548
A76: =OFFSET('0'!$B$112,($A$1-1)*10,$B76-1) -> -- | B76: =OFFSET('0'!$B$111,($A$1-1)*10,9) -> 10 | M76: =SUM(D76-E76) -> 0 | N76: =SUM(E76,M76) -> 0
M77: =SUM(D77-E77) -> 0 | N77: =SUM(E77,M77) -> 0
M78: =SUM(D78-E78) -> 0 | N78: =SUM(E78,M78) -> 0
M79: =SUM(D79-E79) -> 0 | N79: =SUM(E79,M79) -> 0
M80: =SUM(D80-E80) -> 0 | N80: =SUM(E80,M80) -> 0
M81: =SUM(D81-E81) -> 0 | N81: =SUM(E81,M81) -> 0
C82: Iš viso Lietuvoje: | D82: =SUM(D76:D81) -> 0 | E82: =SUM(E76:E81) -> 0 | F82: =SUM(F76:F81) -> 0 | G82: =SUM(G76:G81) -> 0 | H82: =SUM(H76:H81) -> 0 | I82: =SUM(I76:I81) -> 0 | J82: =SUM(J76:J81) -> 0 | K82: =SUM(K76:K81) -> 0 | M82: =SUM(M76:M81) -> 0 | N82: =SUM(N76:N81) -> 0
C83: dienos foto | D83: =SUM(D76:D81) -> 0 | E83: =SUM(E76:E81) -> 0 | F83: =SUM(F82:K82) -> 0 | L83: =L82 -> 0 | M83: =SUM(M76:M81) -> 0 | N83: =SUM(N76:N81) -> 0 | O83: =SUM(O82) -> 0 | P83: =SUM(P82) -> 0 | T83: =$V$3+L11+L19+L27+L35+L43+L51+L59+L67+L75+L83 -> 11082548
A84: =OFFSET('0'!$B$112,($A$1-1)*10,$B84-1) -> -- | B84: =OFFSET('0'!$B$111,($A$1-1)*10,10) -> 11 | M84: =SUM(D84-E84) -> 0 | N84: =SUM(E84,M84) -> 0
M85: =SUM(D85-E85) -> 0 | N85: =SUM(E85,M85) -> 0
M86: =SUM(D86-E86) -> 0 | N86: =SUM(E86,M86) -> 0
M87: =SUM(D87-E87) -> 0 | N87: =SUM(E87,M87) -> 0
M88: =SUM(D88-E88) -> 0 | N88: =SUM(E88,M88) -> 0
M89: =SUM(D89-E89) -> 0 | N89: =SUM(E89,M89) -> 0
C90: Iš viso Lietuvoje: | D90: =SUM(D84:D89) -> 0 | E90: =SUM(E84:E89) -> 0 | F90: =SUM(F84:F89) -> 0 | G90: =SUM(G84:G89) -> 0 | H90: =SUM(H84:H89) -> 0 | I90: =SUM(I84:I89) -> 0 | J90: =SUM(J84:J89) -> 0 | K90: =SUM(K84:K89) -> 0 | M90: =SUM(M84:M89) -> 0 | N90: =SUM(N84:N89) -> 0
C91: dienos foto | D91: =SUM(D84:D89) -> 0 | E91: =SUM(E84:E89) -> 0 | F91: =SUM(F90:K90) -> 0 | L91: =L90 -> 0 | M91: =SUM(M84:M89) -> 0 | N91: =SUM(N84:N89) -> 0 | O91: =SUM(O90) -> 0 | P91: =SUM(P90) -> 0 | T91: =$V$3+L11+L19+L27+L35+L43+L51+L59+L67+L75+L83+L91 -> 11082548
A92: =OFFSET('0'!$B$112,($A$1-1)*10,$B92-1) -> -- | B92: =OFFSET('0'!$B$111,($A$1-1)*10,11) -> 12 | M92: =SUM(D92-E92) -> 0 | N92: =SUM(E92,M92) -> 0
M93: =SUM(D93-E93) -> 0 | N93: =SUM(E93,M93) -> 0
M94: =SUM(D94-E94) -> 0 | N94: =SUM(E94,M94) -> 0
M95: =SUM(D95-E95) -> 0 | N95: =SUM(E95,M95) -> 0
M96: =SUM(D96-E96) -> 0 | N96: =SUM(E96,M96) -> 0
M97: =SUM(D97-E97) -> 0 | N97: =SUM(E97,M97) -> 0
C98: Iš viso Lietuvoje: | D98: =SUM(D92:D97) -> 0 | E98: =SUM(E92:E97) -> 0 | F98: =SUM(F92:F97) -> 0 | G98: =SUM(G92:G97) -> 0 | H98: =SUM(H92:H97) -> 0 | I98: =SUM(I92:I97) -> 0 | J98: =SUM(J92:J97) -> 0 | K98: =SUM(K92:K97) -> 0 | M98: =SUM(M92:M97) -> 0 | N98: =SUM(N92:N97) -> 0
C99: dienos foto | D99: =SUM(D92:D97) -> 0 | E99: =SUM(E92:E97) -> 0 | F99: =SUM(F98:K98) -> 0 | L99: =L98 -> 0 | M99: =SUM(M92:M97) -> 0 | N99: =SUM(N92:N97) -> 0 | O99: =SUM(O98) -> 0 | P99: =SUM(P98) -> 0 | T99: =$V$3+L11+L19+L27+L35+L43+L51+L59+L67+L75+L83+L91+L99 -> 11082548
A100: =OFFSET('0'!$B$112,($A$1-1)*10,$B100-1) -> -- | B100: =OFFSET('0'!$B$111,($A$1-1)*10,12) -> 13 | M100: =SUM(D100-E100) -> 0 | N100: =SUM(E100,M100) -> 0
...

Sheet Liepa
A1: 7
B2: Mėnesio diena | C2: Vardas, pavardė. Pamaina D/N | D2: Paimti ROIK pranešimai (skaičius) | E2: Apdorota | F2: INFORMUOTA | L2: Pasisavintų lėšų suma (visų pranešimų) | M2: Neapdorota (siųstos pajėgos) | N2: Kontrolinis | O2: Tikslinamos aplinkybės (M) | P2: Pradėta IT | Q2: Pastabos | T2: Kontr. Kasdienė eilutė (Žalos)
F3: Bankas | G3: RRT | H3: FNTT | I3: NKSC | J3: Facebook | K3: Kita/įrašyti | U3: Praeitų mėn. Žalos | V3: =SUM('Bendras metų'!V6:V11) -> 11082548
A4: =OFFSET('0'!$B$112,($A$1-1)*10,$B4-1) -> -- | B4: =OFFSET('0'!$B$111,($A$1-1)*10,0) -> 1 | M4: =SUM(D4-E4) -> 0 | N4: =SUM(E4,M4) -> 0
C5: Jurijus Aleksejevas, D. | M5: =SUM(D5-E5) -> 0 | N5: =SUM(E5,M5) -> 0
C6: Laura Mendelienė, D. | M6: =SUM(D6-E6) -> 0 | N6: =SUM(E6,M6) -> 0
C7: Aidas Kiukys, N. | M7: =SUM(D7-E7) -> 0 | N7: =SUM(E7,M7) -> 0
M8: =SUM(D8-E8) -> 0 | N8: =SUM(E8,M8) -> 0
M9: =SUM(D9-E9) -> 0 | N9: =SUM(E9,M9) -> 0
C10: Iš viso Lietuvoje: | D10: =SUM(D4:D9) -> 0 | E10: =SUM(E4:E9) -> 0 | F10: =SUM(F4:F9) -> 0 | G10: =SUM(G4:G9) -> 0 | H10: =SUM(H4:H9) -> 0 | I10: =SUM(I4:I9) -> 0 | J10: =SUM(J4:J9) -> 0 | K10: =SUM(K4:K9) -> 0 | M10: =SUM(M4:M9) -> 0 | N10: =SUM(N4:N9) -> 0
C11: dienos foto | D11: =SUM(D4:D9) -> 0 | E11: =SUM(E4:E9) -> 0 | F11: =SUM(F10:K10) -> 0 | L11: =L10 -> 0 | M11: =SUM(M4:M9) -> 0 | N11: =SUM(N4:N9) -> 0 | O11: =SUM(O10) -> 0 | P11: =SUM(P10) -> 0 | T11: =$V$3+L11 -> 11082548
A12: =OFFSET('0'!$B$112,($A$1-1)*10,$B12-1) -> -- | B12: =OFFSET('0'!$B$111,($A$1-1)*10,1) -> 2 | C12: Aidas Kiukys, N. | M12: =SUM(D12-E12) -> 0 | N12: =SUM(E12,M12) -> 0
M13: =SUM(D13-E13) -> 0 | N13: =SUM(E13,M13) -> 0
M14: =SUM(D14-E14) -> 0 | N14: =SUM(E14,M14) -> 0
M15: =SUM(D15-E15) -> 0 | N15: =SUM(E15,M15) -> 0
M16: =SUM(D16-E16) -> 0 | N16: =SUM(E16,M16) -> 0
M17: =SUM(D17-E17) -> 0 | N17: =SUM(E17,M17) -> 0
C18: Iš viso Lietuvoje: | D18: =SUM(D12:D17) -> 0 | E18: =SUM(E12:E17) -> 0 | F18: =SUM(F12:F17) -> 0 | G18: =SUM(G12:G17) -> 0 | H18: =SUM(H12:H17) -> 0 | I18: =SUM(I12:I17) -> 0 | J18: =SUM(J12:J17) -> 0 | K18: =SUM(K12:K17) -> 0 | M18: =SUM(M12:M17) -> 0 | N18: =SUM(N12:N17) -> 0
C19: dienos foto | D19: =SUM(D12:D17) -> 0 | E19: =SUM(E12:E17) -> 0 | F19: =SUM(F18:K18) -> 0 | L19: =L18 -> 0 | M19: =SUM(M12:M17) -> 0 | N19: =SUM(N12:N17) -> 0 | O19: =SUM(O18) -> 0 | P19: =SUM(P18) -> 0 | T19: =$V$3+L11+L19 -> 11082548
A20: =OFFSET('0'!$B$112,($A$1-1)*10,$B20-1) -> -- | B20: =OFFSET('0'!$B$111,($A$1-1)*10,2) -> 3 | M20: =SUM(D20-E20) -> 0 | N20: =SUM(E20,M20) -> 0
M21: =SUM(D21-E21) -> 0 | N21: =SUM(E21,M21) -> 0
M22: =SUM(D22-E22) -> 0 | N22: =SUM(E22,M22) -> 0
M23: =SUM(D23-E23) -> 0 | N23: =SUM(E23,M23) -> 0
M24: =SUM(D24-E24) -> 0 | N24: =SUM(E24,M24) -> 0
M25: =SUM(D25-E25) -> 0 | N25: =SUM(E25,M25) -> 0
C26: Iš viso Lietuvoje: | D26: =SUM(D20:D25) -> 0 | E26: =SUM(E20:E25) -> 0 | F26: =SUM(F20:F25) -> 0 | G26: =SUM(G20:G25) -> 0 | H26: =SUM(H20:H25) -> 0 | I26: =SUM(I20:I25) -> 0 | J26: =SUM(J20:J25) -> 0 | K26: =SUM(K20:K25) -> 0 | M26: =SUM(M20:M25) -> 0 | N26: =SUM(N20:N25) -> 0
C27: dienos foto | D27: =SUM(D20:D25) -> 0 | E27: =SUM(E20:E25) -> 0 | F27: =SUM(F26:K26) -> 0 | L27: =L26 -> 0 | M27: =SUM(M20:M25) -> 0 | N27: =SUM(N20:N25) -> 0 | O27: =SUM(O26) -> 0 | P27: =SUM(P26) -> 0 | T27: =$V$3++L11+L19+L27 -> 11082548
A28: =OFFSET('0'!$B$112,($A$1-1)*10,$B28-1) -> -- | B28: =OFFSET('0'!$B$111,($A$1-1)*10,3) -> 4 | M28: =SUM(D28-E28) -> 0 | N28: =SUM(E28,M28) -> 0
M29: =SUM(D29-E29) -> 0 | N29: =SUM(E29,M29) -> 0
M30: =SUM(D30-E30) -> 0 | N30: =SUM(E30,M30) -> 0
M31: =SUM(D31-E31) -> 0 | N31: =SUM(E31,M31) -> 0
M32: =SUM(D32-E32) -> 0 | N32: =SUM(E32,M32) -> 0
M33: =SUM(D33-E33) -> 0 | N33: =SUM(E33,M33) -> 0
C34: Iš viso Lietuvoje: | D34: =SUM(D28:D33) -> 0 | E34: =SUM(E28:E33) -> 0 | F34: =SUM(F28:F33) -> 0 | G34: =SUM(G28:G33) -> 0 | H34: =SUM(H28:H33) -> 0 | I34: =SUM(I28:I33) -> 0 | J34: =SUM(J28:J33) -> 0 | K34: =SUM(K28:K33) -> 0 | M34: =SUM(M28:M33) -> 0 | N34: =SUM(N28:N33) -> 0
C35: dienos foto | D35: =SUM(D28:D33) -> 0 | E35: =SUM(E28:E33) -> 0 | F35: =SUM(F34:K34) -> 0 | L35: =L34 -> 0 | M35: =SUM(M28:M33) -> 0 | N35: =SUM(N28:N33) -> 0 | O35: =SUM(O34) -> 0 | P35: =SUM(P34) -> 0 | T35: =$V$3+L11+L19+L27+L35 -> 11082548
A36: =OFFSET('0'!$B$112,($A$1-1)*10,$B36-1) -> SS | B36: =OFFSET('0'!$B$111,($A$1-1)*10,4) -> 5 | M36: =SUM(D36-E36) -> 0 | N36: =SUM(E36,M36) -> 0
M37: =SUM(D37-E37) -> 0 | N37: =SUM(E37,M37) -> 0
M38: =SUM(D38-E38) -> 0 | N38: =SUM(E38,M38) -> 0
M39: =SUM(D39-E39) -> 0 | N39: =SUM(E39,M39) -> 0
M40: =SUM(D40-E40) -> 0 | N40: =SUM(E40,M40) -> 0
M41: =SUM(D41-E41) -> 0 | N41: =SUM(E41,M41) -> 0
C42: Iš viso Lietuvoje: | D42: =SUM(D36:D41) -> 0 | E42: =SUM(E36:E41) -> 0 | F42: =SUM(F36:F41) -> 0 | G42: =SUM(G36:G41) -> 0 | H42: =SUM(H36:H41) -> 0 | I42: =SUM(I36:I41) -> 0 | J42: =SUM(J36:J41) -> 0 | K42: =SUM(K36:K41) -> 0 | M42: =SUM(M36:M41) -> 0 | N42: =SUM(N36:N41) -> 0
C43: dienos foto | D43: =SUM(D36:D41) -> 0 | E43: =SUM(E36:E41) -> 0 | F43: =SUM(F42:K42) -> 0 | L43: =L42 -> 0 | M43: =SUM(M36:M41) -> 0 | N43: =SUM(N36:N41) -> 0 | O43: =SUM(O42) -> 0 | P43: =SUM(P42) -> 0 | T43: =$V$3+L11+L19+L27+L35+L43 -> 11082548
A44: =OFFSET('0'!$B$112,($A$1-1)*10,$B44-1) -> SV | B44: =OFFSET('0'!$B$111,($A$1-1)*10,5) -> 6 | M44: =SUM(D44-E44) -> 0 | N44: =SUM(E44,M44) -> 0
M45: =SUM(D45-E45) -> 0 | N45: =SUM(E45,M45) -> 0
M46: =SUM(D46-E46) -> 0 | N46: =SUM(E46,M46) -> 0
M47: =SUM(D47-E47) -> 0 | N47: =SUM(E47,M47) -> 0
M48: =SUM(D48-E48) -> 0 | N48: =SUM(E48,M48) -> 0
M49: =SUM(D49-E49) -> 0 | N49: =SUM(E49,M49) -> 0
C50: Iš viso Lietuvoje: | D50: =SUM(D44:D49) -> 0 | E50: =SUM(E44:E49) -> 0 | F50: =SUM(F44:F49) -> 0 | G50: =SUM(G44:G49) -> 0 | H50: =SUM(H44:H49) -> 0 | I50: =SUM(I44:I49) -> 0 | J50: =SUM(J44:J49) -> 0 | K50: =SUM(K44:K49) -> 0 | M50: =SUM(M44:M49) -> 0 | N50: =SUM(N44:N49) -> 0
C51: dienos foto | D51: =SUM(D44:D49) -> 0 | E51: =SUM(E44:E49) -> 0 | F51: =SUM(F50:K50) -> 0 | L51: =L50 -> 0 | M51: =SUM(M44:M49) -> 0 | N51: =SUM(N44:N49) -> 0 | O51: =SUM(O50) -> 0 | P51: =SUM(P50) -> 0 | T51: =$V$3+L11+L19+L27+L35+L43+L51 -> 11082548
A52: =OFFSET('0'!$B$112,($A$1-1)*10,$B52-1) -> -- | B52: =OFFSET('0'!$B$111,($A$1-1)*10,6) -> 7 | M52: =SUM(D52-E52) -> 0 | N52: =SUM(E52,M52) -> 0
M53: =SUM(D53-E53) -> 0 | N53: =SUM(E53,M53) -> 0
M54: =SUM(D54-E54) -> 0 | N54: =SUM(E54,M54) -> 0
M55: =SUM(D55-E55) -> 0 | N55: =SUM(E55,M55) -> 0
M56: =SUM(D56-E56) -> 0 | N56: =SUM(E56,M56) -> 0
M57: =SUM(D57-E57) -> 0 | N57: =SUM(E57,M57) -> 0
C58: Iš viso Lietuvoje: | D58: =SUM(D52:D57) -> 0 | E58: =SUM(E52:E57) -> 0 | F58: =SUM(F52:F57) -> 0 | G58: =SUM(G52:G57) -> 0 | H58: =SUM(H52:H57) -> 0 | I58: =SUM(I52:I57) -> 0 | J58: =SUM(J52:J57) -> 0 | K58: =SUM(K52:K57) -> 0 | M58: =SUM(M52:M57) -> 0 | N58: =SUM(N52:N57) -> 0
C59: dienos foto | D59: =SUM(D52:D57) -> 0 | E59: =SUM(E52:E57) -> 0 | F59: =SUM(F58:K58) -> 0 | L59: =L58 -> 0 | M59: =SUM(M52:M57) -> 0 | N59: =SUM(N52:N57) -> 0 | O59: =SUM(O58) -> 0 | P59: =SUM(P58) -> 0 | T59: =$V$3+L11+L19+L27+L35+L43+L51+L59 -> 11082548
A60: =OFFSET('0'!$B$112,($A$1-1)*10,$B60-1) -> -- | B60: =OFFSET('0'!$B$111,($A$1-1)*10,7) -> 8 | M60: =SUM(D60-E60) -> 0 | N60: =SUM(E60,M60) -> 0
M61: =SUM(D61-E61) -> 0 | N61: =SUM(E61,M61) -> 0
M62: =SUM(D62-E62) -> 0 | N62: =SUM(E62,M62) -> 0
M63: =SUM(D63-E63) -> 0 | N63: =SUM(E63,M63) -> 0
M64: =SUM(D64-E64) -> 0 | N64: =SUM(E64,M64) -> 0
M65: =SUM(D65-E65) -> 0 | N65: =SUM(E65,M65) -> 0
C66: Iš viso Lietuvoje: | D66: =SUM(D60:D65) -> 0 | E66: =SUM(E60:E65) -> 0 | F66: =SUM(F60:F65) -> 0 | G66: =SUM(G60:G65) -> 0 | H66: =SUM(H60:H65) -> 0 | I66: =SUM(I60:I65) -> 0 | J66: =SUM(J60:J65) -> 0 | K66: =SUM(K60:K65) -> 0 | M66: =SUM(M60:M65) -> 0 | N66: =SUM(N60:N65) -> 0
C67: dienos foto | D67: =SUM(D60:D65) -> 0 | E67: =SUM(E60:E65) -> 0 | F67: =SUM(F66:K66) -> 0 | L67: =L66 -> 0 | M67: =SUM(M60:M65) -> 0 | N67: =SUM(N60:N65) -> 0 | O67: =SUM(O66) -> 0 | P67: =SUM(P66) -> 0 | T67: =$V$3+L11+L19+L27+L35+L43+L51+L59+L67 -> 11082548
A68: =OFFSET('0'!$B$112,($A$1-1)*10,$B68-1) -> -- | B68: =OFFSET('0'!$B$111,($A$1-1)*10,8) -> 9 | M68: =SUM(D68-E68) -> 0 | N68: =SUM(E68,M68) -> 0
M69: =SUM(D69-E69) -> 0 | N69: =SUM(E69,M69) -> 0
M70: =SUM(D70-E70) -> 0 | N70: =SUM(E70,M70) -> 0
M71: =SUM(D71-E71) -> 0 | N71: =SUM(E71,M71) -> 0
M72: =SUM(D72-E72) -> 0 | N72: =SUM(E72,M72) -> 0
M73: =SUM(D73-E73) -> 0 | N73: =SUM(E73,M73) -> 0
C74: Iš viso Lietuvoje: | D74: =SUM(D68:D73) -> 0 | E74: =SUM(E68:E73) -> 0 | F74: =SUM(F68:F73) -> 0 | G74: =SUM(G68:G73) -> 0 | H74: =SUM(H68:H73) -> 0 | I74: =SUM(I68:I73) -> 0 | J74: =SUM(J68:J73) -> 0 | K74: =SUM(K68:K73) -> 0 | M74: =SUM(M68:M73) -> 0 | N74: =SUM(N68:N73) -> 0
C75: dienos foto | D75: =SUM(D68:D73) -> 0 | E75: =SUM(E68:E73) -> 0 | F75: =SUM(F74:K74) -> 0 | L75: =L74 -> 0 | M75: =SUM(M68:M73) -> 0 | N75: =SUM(N68:N73) -> 0 | O75: =SUM(O74) -> 0 | P75: =SUM(P74) -> 0 | T75: =$V$3+L11+L19+L27+L35+L43+L51+L59+L67+L75 -> 11082548
A76: =OFFSET('0'!$B$112,($A$1-1)*10,$B76-1) -> -- | B76: =OFFSET('0'!$B$111,($A$1-1)*10,9) -> 10 | M76: =SUM(D76-E76) -> 0 | N76: =SUM(E76,M76) -> 0
M77: =SUM(D77-E77) -> 0 | N77: =SUM(E77,M77) -> 0
M78: =SUM(D78-E78) -> 0 | N78: =SUM(E78,M78) -> 0
M79: =SUM(D79-E79) -> 0 | N79: =SUM(E79,M79) -> 0
M80: =SUM(D80-E80) -> 0 | N80: =SUM(E80,M80) -> 0
M81: =SUM(D81-E81) -> 0 | N81: =SUM(E81,M81) -> 0
C82: Iš viso Lietuvoje: | D82: =SUM(D76:D81) -> 0 | E82: =SUM(E76:E81) -> 0 | F82: =SUM(F76:F81) -> 0 | G82: =SUM(G76:G81) -> 0 | H82: =SUM(H76:H81) -> 0 | I82: =SUM(I76:I81) -> 0 | J82: =SUM(J76:J81) -> 0 | K82: =SUM(K76:K81) -> 0 | M82: =SUM(M76:M81) -> 0 | N82: =SUM(N76:N81) -> 0
C83: dienos foto | D83: =SUM(D76:D81) -> 0 | E83: =SUM(E76:E81) -> 0 | F83: =SUM(F82:K82) -> 0 | L83: =L82 -> 0 | M83: =SUM(M76:M81) -> 0 | N83: =SUM(N76:N81) -> 0 | O83: =SUM(O82) -> 0 | P83: =SUM(P82) -> 0 | T83: =$V$3+L11+L19+L27+L35+L43+L51+L59+L67+L75+L83 -> 11082548
A84: =OFFSET('0'!$B$112,($A$1-1)*10,$B84-1) -> -- | B84: =OFFSET('0'!$B$111,($A$1-1)*10,10) -> 11 | M84: =SUM(D84-E84) -> 0 | N84: =SUM(E84,M84) -> 0
M85: =SUM(D85-E85) -> 0 | N85: =SUM(E85,M85) -> 0
M86: =SUM(D86-E86) -> 0 | N86: =SUM(E86,M86) -> 0
M87: =SUM(D87-E87) -> 0 | N87: =SUM(E87,M87) -> 0
M88: =SUM(D88-E88) -> 0 | N88: =SUM(E88,M88) -> 0
M89: =SUM(D89-E89) -> 0 | N89: =SUM(E89,M89) -> 0
C90: Iš viso Lietuvoje: | D90: =SUM(D84:D89) -> 0 | E90: =SUM(E84:E89) -> 0 | F90: =SUM(F84:F89) -> 0 | G90: =SUM(G84:G89) -> 0 | H90: =SUM(H84:H89) -> 0 | I90: =SUM(I84:I89) -> 0 | J90: =SUM(J84:J89) -> 0 | K90: =SUM(K84:K89) -> 0 | M90: =SUM(M84:M89) -> 0 | N90: =SUM(N84:N89) -> 0
C91: dienos foto | D91: =SUM(D84:D89) -> 0 | E91: =SUM(E84:E89) -> 0 | F91: =SUM(F90:K90) -> 0 | L91: =L90 -> 0 | M91: =SUM(M84:M89) -> 0 | N91: =SUM(N84:N89) -> 0 | O91: =SUM(O90) -> 0 | P91: =SUM(P90) -> 0 | T91: =$V$3+L11+L19+L27+L35+L43+L51+L59+L67+L75+L83+L91 -> 11082548
A92: =OFFSET('0'!$B$112,($A$1-1)*10,$B92-1) -> SS | B92: =OFFSET('0'!$B$111,($A$1-1)*10,11) -> 12 | M92: =SUM(D92-E92) -> 0 | N92: =SUM(E92,M92) -> 0
M93: =SUM(D93-E93) -> 0 | N93: =SUM(E93,M93) -> 0
M94: =SUM(D94-E94) -> 0 | N94: =SUM(E94,M94) -> 0
M95: =SUM(D95-E95) -> 0 | N95: =SUM(E95,M95) -> 0
M96: =SUM(D96-E96) -> 0 | N96: =SUM(E96,M96) -> 0
M97: =SUM(D97-E97) -> 0 | N97: =SUM(E97,M97) -> 0
C98: Iš viso Lietuvoje: | D98: =SUM(D92:D97) -> 0 | E98: =SUM(E92:E97) -> 0 | F98: =SUM(F92:F97) -> 0 | G98: =SUM(G92:G97) -> 0 | H98: =SUM(H92:H97) -> 0 | I98: =SUM(I92:I97) -> 0 | J98: =SUM(J92:J97) -> 0 | K98: =SUM(K92:K97) -> 0 | M98: =SUM(M92:M97) -> 0 | N98: =SUM(N92:N97) -> 0
C99: dienos foto | D99: =SUM(D92:D97) -> 0 | E99: =SUM(E92:E97) -> 0 | F99: =SUM(F98:K98) -> 0 | L99: =L98 -> 0 | M99: =SUM(M92:M97) -> 0 | N99: =SUM(N92:N97) -> 0 | O99: =SUM(O98) -> 0 | P99: =SUM(P98) -> 0 | T99: =$V$3+L11+L19+L27+L35+L43+L51+L59+L67+L75+L83+L91+L99 -> 11082548
A100: =OFFSET('0'!$B$112,($A$1-1)*10,$B100-1) -> SK | B100: =OFFSET('0'!$B$111,($A$1-1)*10,12) -> 13 | M100: =SUM(D100-E100) -> 0 | N100: =SUM(E100,M100) -> 0
...

Sheet Rugpjūtis
A1: 8
B2: Mėnesio diena | C2: Vardas, pavardė. Pamaina D/N | D2: Paimti ROIK pranešimai (skaičius) | E2: Apdorota | F2: INFORMUOTA | L2: Pasisavintų lėšų suma (visų pranešimų) | M2: Neapdorota (siųstos pajėgos) | N2: Kontrolinis | O2: Tikslinamos aplinkybės (M) | P2: Pradėta IT | Q2: Pastabos | T2: Kontr. Kasdienė eilutė (Žalos)
F3: Bankas | G3: RRT | H3: FNTT | I3: NKSC | J3: Facebook | K3: Kita/įrašyti | U3: Praeitų mėn. Žalos | V3: =SUM('Bendras metų'!V6:V12) -> 11082548
A4: =OFFSET('0'!$B$112,($A$1-1)*10,$B4-1) -> -- | B4: =OFFSET('0'!$B$111,($A$1-1)*10,0) -> 1 | C4: Jurijus Aleksej, N. | M4: =SUM(D4-E4) -> 0 | N4: =SUM(E4,M4) -> 0
M5: =SUM(D5-E5) -> 0 | N5: =SUM(E5,M5) -> 0
M6: =SUM(D6-E6) -> 0 | N6: =SUM(E6,M6) -> 0
M7: =SUM(D7-E7) -> 0 | N7: =SUM(E7,M7) -> 0
M8: =SUM(D8-E8) -> 0 | N8: =SUM(E8,M8) -> 0
M9: =SUM(D9-E9) -> 0 | N9: =SUM(E9,M9) -> 0
C10: Iš viso Lietuvoje: | D10: =SUM(D4:D9) -> 0 | E10: =SUM(E4:E9) -> 0 | F10: =SUM(F4:F9) -> 0 | G10: =SUM(G4:G9) -> 0 | H10: =SUM(H4:H9) -> 0 | I10: =SUM(I4:I9) -> 0 | J10: =SUM(J4:J9) -> 0 | K10: =SUM(K4:K9) -> 0 | M10: =SUM(M4:M9) -> 0 | N10: =SUM(N4:N9) -> 0
C11: dienos foto | D11: =SUM(D4:D9) -> 0 | E11: =SUM(E4:E9) -> 0 | F11: =SUM(F10:K10) -> 0 | L11: =L10 -> 0 | M11: =SUM(M4:M9) -> 0 | N11: =SUM(N4:N9) -> 0 | O11: =SUM(O10) -> 0 | P11: =SUM(P10) -> 0 | T11: =$V$3+L11 -> 11082548
A12: =OFFSET('0'!$B$112,($A$1-1)*10,$B12-1) -> SS | B12: =OFFSET('0'!$B$111,($A$1-1)*10,1) -> 2 | M12: =SUM(D12-E12) -> 0 | N12: =SUM(E12,M12) -> 0
M13: =SUM(D13-E13) -> 0 | N13: =SUM(E13,M13) -> 0
M14: =SUM(D14-E14) -> 0 | N14: =SUM(E14,M14) -> 0
M15: =SUM(D15-E15) -> 0 | N15: =SUM(E15,M15) -> 0
M16: =SUM(D16-E16) -> 0 | N16: =SUM(E16,M16) -> 0
M17: =SUM(D17-E17) -> 0 | N17: =SUM(E17,M17) -> 0
C18: Iš viso Lietuvoje: | D18: =SUM(D12:D17) -> 0 | E18: =SUM(E12:E17) -> 0 | F18: =SUM(F12:F17) -> 0 | G18: =SUM(G12:G17) -> 0 | H18: =SUM(H12:H17) -> 0 | I18: =SUM(I12:I17) -> 0 | J18: =SUM(J12:J17) -> 0 | K18: =SUM(K12:K17) -> 0 | M18: =SUM(M12:M17) -> 0 | N18: =SUM(N12:N17) -> 0
C19: dienos foto | D19: =SUM(D12:D17) -> 0 | E19: =SUM(E12:E17) -> 0 | F19: =SUM(F18:K18) -> 0 | L19: =L18 -> 0 | M19: =SUM(M12:M17) -> 0 | N19: =SUM(N12:N17) -> 0 | O19: =SUM(O18) -> 0 | P19: =SUM(P18) -> 0 | T19: =$V$3+L11+L19 -> 11082548
A20: =OFFSET('0'!$B$112,($A$1-1)*10,$B20-1) -> SK | B20: =OFFSET('0'!$B$111,($A$1-1)*10,2) -> 3 | M20: =SUM(D20-E20) -> 0 | N20: =SUM(E20,M20) -> 0
M21: =SUM(D21-E21) -> 0 | N21: =SUM(E21,M21) -> 0
M22: =SUM(D22-E22) -> 0 | N22: =SUM(E22,M22) -> 0
M23: =SUM(D23-E23) -> 0 | N23: =SUM(E23,M23) -> 0
M24: =SUM(D24-E24) -> 0 | N24: =SUM(E24,M24) -> 0
M25: =SUM(D25-E25) -> 0 | N25: =SUM(E25,M25) -> 0
C26: Iš viso Lietuvoje: | D26: =SUM(D20:D25) -> 0 | E26: =SUM(E20:E25) -> 0 | F26: =SUM(F20:F25) -> 0 | G26: =SUM(G20:G25) -> 0 | H26: =SUM(H20:H25) -> 0 | I26: =SUM(I20:I25) -> 0 | J26: =SUM(J20:J25) -> 0 | K26: =SUM(K20:K25) -> 0 | M26: =SUM(M20:M25) -> 0 | N26: =SUM(N20:N25) -> 0
C27: dienos foto | D27: =SUM(D20:D25) -> 0 | E27: =SUM(E20:E25) -> 0 | F27: =SUM(F26:K26) -> 0 | L27: =L26 -> 0 | M27: =SUM(M20:M25) -> 0 | N27: =SUM(N20:N25) -> 0 | O27: =SUM(O26) -> 0 | P27: =SUM(P26) -> 0 | T27: =$V$3++L11+L19+L27 -> 11082548
A28: =OFFSET('0'!$B$112,($A$1-1)*10,$B28-1) -> -- | B28: =OFFSET('0'!$B$111,($A$1-1)*10,3) -> 4 | M28: =SUM(D28-E28) -> 0 | N28: =SUM(E28,M28) -> 0
M29: =SUM(D29-E29) -> 0 | N29: =SUM(E29,M29) -> 0
M30: =SUM(D30-E30) -> 0 | N30: =SUM(E30,M30) -> 0
M31: =SUM(D31-E31) -> 0 | N31: =SUM(E31,M31) -> 0
M32: =SUM(D32-E32) -> 0 | N32: =SUM(E32,M32) -> 0
M33: =SUM(D33-E33) -> 0 | N33: =SUM(E33,M33) -> 0
C34: Iš viso Lietuvoje: | D34: =SUM(D28:D33) -> 0 | E34: =SUM(E28:E33) -> 0 | F34: =SUM(F28:F33) -> 0 | G34: =SUM(G28:G33) -> 0 | H34: =SUM(H28:H33) -> 0 | I34: =SUM(I28:I33) -> 0 | J34: =SUM(J28:J33) -> 0 | K34: =SUM(K28:K33) -> 0 | M34: =SUM(M28:M33) -> 0 | N34: =SUM(N28:N33) -> 0
C35: dienos foto | D35: =SUM(D28:D33) -> 0 | E35: =SUM(E28:E33) -> 0 | F35: =SUM(F34:K34) -> 0 | L35: =L34 -> 0 | M35: =SUM(M28:M33) -> 0 | N35: =SUM(N28:N33) -> 0 | O35: =SUM(O34) -> 0 | P35: =SUM(P34) -> 0 | T35: =$V$3+L11+L19+L27+L35 -> 11082548
A36: =OFFSET('0'!$B$112,($A$1-1)*10,$B36-1) -> -- | B36: =OFFSET('0'!$B$111,($A$1-1)*10,4) -> 5 | M36: =SUM(D36-E36) -> 0 | N36: =SUM(E36,M36) -> 0
M37: =SUM(D37-E37) -> 0 | N37: =SUM(E37,M37) -> 0
M38: =SUM(D38-E38) -> 0 | N38: =SUM(E38,M38) -> 0
M39: =SUM(D39-E39) -> 0 | N39: =SUM(E39,M39) -> 0
M40: =SUM(D40-E40) -> 0 | N40: =SUM(E40,M40) -> 0
M41: =SUM(D41-E41) -> 0 | N41: =SUM(E41,M41) -> 0
C42: Iš viso Lietuvoje: | D42: =SUM(D36:D41) -> 0 | E42: =SUM(E36:E41) -> 0 | F42: =SUM(F36:F41) -> 0 | G42: =SUM(G36:G41) -> 0 | H42: =SUM(H36:H41) -> 0 | I42: =SUM(I36:I41) -> 0 | J42: =SUM(J36:J41) -> 0 | K42: =SUM(K36:K41) -> 0 | M42: =SUM(M36:M41) -> 0 | N42: =SUM(N36:N41) -> 0
C43: dienos foto | D43: =SUM(D36:D41) -> 0 | E43: =SUM(E36:E41) -> 0 | F43: =SUM(F42:K42) -> 0 | L43: =L42 -> 0 | M43: =SUM(M36:M41) -> 0 | N43: =SUM(N36:N41) -> 0 | O43: =SUM(O42) -> 0 | P43: =SUM(P42) -> 0 | T43: =$V$3+L11+L19+L27+L35+L43 -> 11082548
A44: =OFFSET('0'!$B$112,($A$1-1)*10,$B44-1) -> -- | B44: =OFFSET('0'!$B$111,($A$1-1)*10,5) -> 6 | M44: =SUM(D44-E44) -> 0 | N44: =SUM(E44,M44) -> 0
M45: =SUM(D45-E45) -> 0 | N45: =SUM(E45,M45) -> 0
M46: =SUM(D46-E46) -> 0 | N46: =SUM(E46,M46) -> 0
M47: =SUM(D47-E47) -> 0 | N47: =SUM(E47,M47) -> 0
M48: =SUM(D48-E48) -> 0 | N48: =SUM(E48,M48) -> 0
M49: =SUM(D49-E49) -> 0 | N49: =SUM(E49,M49) -> 0
C50: Iš viso Lietuvoje: | D50: =SUM(D44:D49) -> 0 | E50: =SUM(E44:E49) -> 0 | F50: =SUM(F44:F49) -> 0 | G50: =SUM(G44:G49) -> 0 | H50: =SUM(H44:H49) -> 0 | I50: =SUM(I44:I49) -> 0 | J50: =SUM(J44:J49) -> 0 | K50: =SUM(K44:K49) -> 0 | M50: =SUM(M44:M49) -> 0 | N50: =SUM(N44:N49) -> 0
C51: dienos foto | D51: =SUM(D44:D49) -> 0 | E51: =SUM(E44:E49) -> 0 | F51: =SUM(F50:K50) -> 0 | L51: =L50 -> 0 | M51: =SUM(M44:M49) -> 0 | N51: =SUM(N44:N49) -> 0 | O51: =SUM(O50) -> 0 | P51: =SUM(P50) -> 0 | T51: =$V$3+L11+L19+L27+L35+L43+L51 -> 11082548
A52: =OFFSET('0'!$B$112,($A$1-1)*10,$B52-1) -> -- | B52: =OFFSET('0'!$B$111,($A$1-1)*10,6) -> 7 | M52: =SUM(D52-E52) -> 0 | N52: =SUM(E52,M52) -> 0
M53: =SUM(D53-E53) -> 0 | N53: =SUM(E53,M53) -> 0
M54: =SUM(D54-E54) -> 0 | N54: =SUM(E54,M54) -> 0
M55: =SUM(D55-E55) -> 0 | N55: =SUM(E55,M55) -> 0
M56: =SUM(D56-E56) -> 0 | N56: =SUM(E56,M56) -> 0
M57: =SUM(D57-E57) -> 0 | N57: =SUM(E57,M57) -> 0
C58: Iš viso Lietuvoje: | D58: =SUM(D52:D57) -> 0 | E58: =SUM(E52:E57) -> 0 | F58: =SUM(F52:F57) -> 0 | G58: =SUM(G52:G57) -> 0 | H58: =SUM(H52:H57) -> 0 | I58: =SUM(I52:I57) -> 0 | J58: =SUM(J52:J57) -> 0 | K58: =SUM(K52:K57) -> 0 | M58: =SUM(M52:M57) -> 0 | N58: =SUM(N52:N57) -> 0
C59: dienos foto | D59: =SUM(D52:D57) -> 0 | E59: =SUM(E52:E57) -> 0 | F59: =SUM(F58:K58) -> 0 | L59: =L58 -> 0 | M59: =SUM(M52:M57) -> 0 | N59: =SUM(N52:N57) -> 0 | O59: =SUM(O58) -> 0 | P59: =SUM(P58) -> 0 | T59: =$V$3+L11+L19+L27+L35+L43+L51+L59 -> 11082548
A60: =OFFSET('0'!$B$112,($A$1-1)*10,$B60-1) -> -- | B60: =OFFSET('0'!$B$111,($A$1-1)*10,7) -> 8 | M60: =SUM(D60-E60) -> 0 | N60: =SUM(E60,M60) -> 0
M61: =SUM(D61-E61) -> 0 | N61: =SUM(E61,M61) -> 0
M62: =SUM(D62-E62) -> 0 | N62: =SUM(E62,M62) -> 0
M63: =SUM(D63-E63) -> 0 | N63: =SUM(E63,M63) -> 0
M64: =SUM(D64-E64) -> 0 | N64: =SUM(E64,M64) -> 0
M65: =SUM(D65-E65) -> 0 | N65: =SUM(E65,M65) -> 0
C66: Iš viso Lietuvoje: | D66: =SUM(D60:D65) -> 0 | E66: =SUM(E60:E65) -> 0 | F66: =SUM(F60:F65) -> 0 | G66: =SUM(G60:G65) -> 0 | H66: =SUM(H60:H65) -> 0 | I66: =SUM(I60:I65) -> 0 | J66: =SUM(J60:J65) -> 0 | K66: =SUM(K60:K65) -> 0 | M66: =SUM(M60:M65) -> 0 | N66: =SUM(N60:N65) -> 0
C67: dienos foto | D67: =SUM(D60:D65) -> 0 | E67: =SUM(E60:E65) -> 0 | F67: =SUM(F66:K66) -> 0 | L67: =L66 -> 0 | M67: =SUM(M60:M65) -> 0 | N67: =SUM(N60:N65) -> 0 | O67: =SUM(O66) -> 0 | P67: =SUM(P66) -> 0 | T67: =$V$3+L11+L19+L27+L35+L43+L51+L59+L67 -> 11082548
A68: =OFFSET('0'!$B$112,($A$1-1)*10,$B68-1) -> SS | B68: =OFFSET('0'!$B$111,($A$1-1)*10,8) -> 9 | M68: =SUM(D68-E68) -> 0 | N68: =SUM(E68,M68) -> 0
M69: =SUM(D69-E69) -> 0 | N69: =SUM(E69,M69) -> 0
M70: =SUM(D70-E70) -> 0 | N70: =SUM(E70,M70) -> 0
M71: =SUM(D71-E71) -> 0 | N71: =SUM(E71,M71) -> 0
M72: =SUM(D72-E72) -> 0 | N72: =SUM(E72,M72) -> 0
M73: =SUM(D73-E73) -> 0 | N73: =SUM(E73,M73) -> 0
C74: Iš viso Lietuvoje: | D74: =SUM(D68:D73) -> 0 | E74: =SUM(E68:E73) -> 0 | F74: =SUM(F68:F73) -> 0 | G74: =SUM(G68:G73) -> 0 | H74: =SUM(H68:H73) -> 0 | I74: =SUM(I68:I73) -> 0 | J74: =SUM(J68:J73) -> 0 | K74: =SUM(K68:K73) -> 0 | M74: =SUM(M68:M73) -> 0 | N74: =SUM(N68:N73) -> 0
C75: dienos foto | D75: =SUM(D68:D73) -> 0 | E75: =SUM(E68:E73) -> 0 | F75: =SUM(F74:K74) -> 0 | L75: =L74 -> 0 | M75: =SUM(M68:M73) -> 0 | N75: =SUM(N68:N73) -> 0 | O75: =SUM(O74) -> 0 | P75: =SUM(P74) -> 0 | T75: =$V$3+L11+L19+L27+L35+L43+L51+L59+L67+L75 -> 11082548
A76: =OFFSET('0'!$B$112,($A$1-1)*10,$B76-1) -> SK | B76: =OFFSET('0'!$B$111,($A$1-1)*10,9) -> 10 | M76: =SUM(D76-E76) -> 0 | N76: =SUM(E76,M76) -> 0
M77: =SUM(D77-E77) -> 0 | N77: =SUM(E77,M77) -> 0
M78: =SUM(D78-E78) -> 0 | N78: =SUM(E78,M78) -> 0
M79: =SUM(D79-E79) -> 0 | N79: =SUM(E79,M79) -> 0
M80: =SUM(D80-E80) -> 0 | N80: =SUM(E80,M80) -> 0
M81: =SUM(D81-E81) -> 0 | N81: =SUM(E81,M81) -> 0
C82: Iš viso Lietuvoje: | D82: =SUM(D76:D81) -> 0 | E82: =SUM(E76:E81) -> 0 | F82: =SUM(F76:F81) -> 0 | G82: =SUM(G76:G81) -> 0 | H82: =SUM(H76:H81) -> 0 | I82: =SUM(I76:I81) -> 0 | J82: =SUM(J76:J81) -> 0 | K82: =SUM(K76:K81) -> 0 | M82: =SUM(M76:M81) -> 0 | N82: =SUM(N76:N81) -> 0
C83: dienos foto | D83: =SUM(D76:D81) -> 0 | E83: =SUM(E76:E81) -> 0 | F83: =SUM(F82:K82) -> 0 | L83: =L82 -> 0 | M83: =SUM(M76:M81) -> 0 | N83: =SUM(N76:N81) -> 0 | O83: =SUM(O82) -> 0 | P83: =SUM(P82) -> 0 | T83: =$V$3+L11+L19+L27+L35+L43+L51+L59+L67+L75+L83 -> 11082548
A84: =OFFSET('0'!$B$112,($A$1-1)*10,$B84-1) -> -- | B84: =OFFSET('0'!$B$111,($A$1-1)*10,10) -> 11 | M84: =SUM(D84-E84) -> 0 | N84: =SUM(E84,M84) -> 0
M85: =SUM(D85-E85) -> 0 | N85: =SUM(E85,M85) -> 0
M86: =SUM(D86-E86) -> 0 | N86: =SUM(E86,M86) -> 0
M87: =SUM(D87-E87) -> 0 | N87: =SUM(E87,M87) -> 0
M88: =SUM(D88-E88) -> 0 | N88: =SUM(E88,M88) -> 0
M89: =SUM(D89-E89) -> 0 | N89: =SUM(E89,M89) -> 0
C90: Iš viso Lietuvoje: | D90: =SUM(D84:D89) -> 0 | E90: =SUM(E84:E89) -> 0 | F90: =SUM(F84:F89) -> 0 | G90: =SUM(G84:G89) -> 0 | H90: =SUM(H84:H89) -> 0 | I90: =SUM(I84:I89) -> 0 | J90: =SUM(J84:J89) -> 0 | K90: =SUM(K84:K89) -> 0 | M90: =SUM(M84:M89) -> 0 | N90: =SUM(N84:N89) -> 0
C91: dienos foto | D91: =SUM(D84:D89) -> 0 | E91: =SUM(E84:E89) -> 0 | F91: =SUM(F90:K90) -> 0 | L91: =L90 -> 0 | M91: =SUM(M84:M89) -> 0 | N91: =SUM(N84:N89) -> 0 | O91: =SUM(O90) -> 0 | P91: =SUM(P90) -> 0 | T91: =$V$3+L11+L19+L27+L35+L43+L51+L59+L67+L75+L83+L91 -> 11082548
A92: =OFFSET('0'!$B$112,($A$1-1)*10,$B92-1) -> -- | B92: =OFFSET('0'!$B$111,($A$1-1)*10,11) -> 12 | M92: =SUM(D92-E92) -> 0 | N92: =SUM(E92,M92) -> 0
M93: =SUM(D93-E93) -> 0 | N93: =SUM(E93,M93) -> 0
M94: =SUM(D94-E94) -> 0 | N94: =SUM(E94,M94) -> 0
M95: =SUM(D95-E95) -> 0 | N95: =SUM(E95,M95) -> 0
M96: =SUM(D96-E96) -> 0 | N96: =SUM(E96,M96) -> 0
M97: =SUM(D97-E97) -> 0 | N97: =SUM(E97,M97) -> 0
C98: Iš viso Lietuvoje: | D98: =SUM(D92:D97) -> 0 | E98: =SUM(E92:E97) -> 0 | F98: =SUM(F92:F97) -> 0 | G98: =SUM(G92:G97) -> 0 | H98: =SUM(H92:H97) -> 0 | I98: =SUM(I92:I97) -> 0 | J98: =SUM(J92:J97) -> 0 | K98: =SUM(K92:K97) -> 0 | M98: =SUM(M92:M97) -> 0 | N98: =SUM(N92:N97) -> 0
C99: dienos foto | D99: =SUM(D92:D97) -> 0 | E99: =SUM(E92:E97) -> 0 | F99: =SUM(F98:K98) -> 0 | L99: =L98 -> 0 | M99: =SUM(M92:M97) -> 0 | N99: =SUM(N92:N97) -> 0 | O99: =SUM(O98) -> 0 | P99: =SUM(P98) -> 0 | T99: =$V$3+L11+L19+L27+L35+L43+L51+L59+L67+L75+L83+L91+L99 -> 11082548
A100: =OFFSET('0'!$B$112,($A$1-1)*10,$B100-1) -> -- | B100: =OFFSET('0'!$B$111,($A$1-1)*10,12) -> 13 | M100: =SUM(D100-E100) -> 0 | N100: =SUM(E100,M100) -> 0
...

Sheet Rugsėjis
A1: 9
B2: Mėnesio diena | C2: Vardas, pavardė. Pamaina D/N | D2: Paimti ROIK pranešimai (skaičius) | E2: Apdorota | F2: INFORMUOTA | L2: Pasisavintų lėšų suma (visų pranešimų) | M2: Neapdorota (siųstos pajėgos) | N2: Kontrolinis | O2: Tikslinamos aplinkybės (M) | P2: Pradėta IT | Q2: Pastabos | T2: Kontr. Kasdienė eilutė (Žalos)
F3: Bankas | G3: RRT | H3: FNTT | I3: NKSC | J3: Facebook | K3: Kita/įrašyti | U3: Praeitų mėn. Žalos | V3: =SUM('Bendras metų'!V6:V13) -> 11082548
A4: =OFFSET('0'!$B$112,($A$1-1)*10,$B4-1) -> -- | B4: =OFFSET('0'!$B$111,($A$1-1)*10,0) -> 1 | M4: =SUM(D4-E4) -> 0 | N4: =SUM(E4,M4) -> 0
M5: =SUM(D5-E5) -> 0 | N5: =SUM(E5,M5) -> 0
M6: =SUM(D6-E6) -> 0 | N6: =SUM(E6,M6) -> 0
M7: =SUM(D7-E7) -> 0 | N7: =SUM(E7,M7) -> 0
M8: =SUM(D8-E8) -> 0 | N8: =SUM(E8,M8) -> 0
M9: =SUM(D9-E9) -> 0 | N9: =SUM(E9,M9) -> 0
C10: Iš viso Lietuvoje: | D10: =SUM(D4:D9) -> 0 | E10: =SUM(E4:E9) -> 0 | F10: =SUM(F4:F9) -> 0 | G10: =SUM(G4:G9) -> 0 | H10: =SUM(H4:H9) -> 0 | I10: =SUM(I4:I9) -> 0 | J10: =SUM(J4:J9) -> 0 | K10: =SUM(K4:K9) -> 0 | M10: =SUM(M4:M9) -> 0 | N10: =SUM(N4:N9) -> 0
C11: dienos foto | D11: =SUM(D4:D9) -> 0 | E11: =SUM(E4:E9) -> 0 | F11: =SUM(F10:K10) -> 0 | L11: =L10 -> 0 | M11: =SUM(M4:M9) -> 0 | N11: =SUM(N4:N9) -> 0 | O11: =SUM(O10) -> 0 | P11: =SUM(P10) -> 0 | T11: =$V$3+L11 -> 11082548
A12: =OFFSET('0'!$B$112,($A$1-1)*10,$B12-1) -> -- | B12: =OFFSET('0'!$B$111,($A$1-1)*10,1) -> 2 | M12: =SUM(D12-E12) -> 0 | N12: =SUM(E12,M12) -> 0
M13: =SUM(D13-E13) -> 0 | N13: =SUM(E13,M13) -> 0
M14: =SUM(D14-E14) -> 0 | N14: =SUM(E14,M14) -> 0
M15: =SUM(D15-E15) -> 0 | N15: =SUM(E15,M15) -> 0
M16: =SUM(D16-E16) -> 0 | N16: =SUM(E16,M16) -> 0
M17: =SUM(D17-E17) -> 0 | N17: =SUM(E17,M17) -> 0
C18: Iš viso Lietuvoje: | D18: =SUM(D12:D17) -> 0 | E18: =SUM(E12:E17) -> 0 | F18: =SUM(F12:F17) -> 0 | G18: =SUM(G12:G17) -> 0 | H18: =SUM(H12:H17) -> 0 | I18: =SUM(I12:I17) -> 0 | J18: =SUM(J12:J17) -> 0 | K18: =SUM(K12:K17) -> 0 | M18: =SUM(M12:M17) -> 0 | N18: =SUM(N12:N17) -> 0
C19: dienos foto | D19: =SUM(D12:D17) -> 0 | E19: =SUM(E12:E17) -> 0 | F19: =SUM(F18:K18) -> 0 | L19: =L18 -> 0 | M19: =SUM(M12:M17) -> 0 | N19: =SUM(N12:N17) -> 0 | O19: =SUM(O18) -> 0 | P19: =SUM(P18) -> 0 | T19: =$V$3+L11+L19 -> 11082548
A20: =OFFSET('0'!$B$112,($A$1-1)*10,$B20-1) -> -- | B20: =OFFSET('0'!$B$111,($A$1-1)*10,2) -> 3 | M20: =SUM(D20-E20) -> 0 | N20: =SUM(E20,M20) -> 0
M21: =SUM(D21-E21) -> 0 | N21: =SUM(E21,M21) -> 0
M22: =SUM(D22-E22) -> 0 | N22: =SUM(E22,M22) -> 0
M23: =SUM(D23-E23) -> 0 | N23: =SUM(E23,M23) -> 0
M24: =SUM(D24-E24) -> 0 | N24: =SUM(E24,M24) -> 0
M25: =SUM(D25-E25) -> 0 | N25: =SUM(E25,M25) -> 0
C26: Iš viso Lietuvoje: | D26: =SUM(D20:D25) -> 0 | E26: =SUM(E20:E25) -> 0 | F26: =SUM(F20:F25) -> 0 | G26: =SUM(G20:G25) -> 0 | H26: =SUM(H20:H25) -> 0 | I26: =SUM(I20:I25) -> 0 | J26: =SUM(J20:J25) -> 0 | K26: =SUM(K20:K25) -> 0 | M26: =SUM(M20:M25) -> 0 | N26: =SUM(N20:N25) -> 0
C27: dienos foto | D27: =SUM(D20:D25) -> 0 | E27: =SUM(E20:E25) -> 0 | F27: =SUM(F26:K26) -> 0 | L27: =L26 -> 0 | M27: =SUM(M20:M25) -> 0 | N27: =SUM(N20:N25) -> 0 | O27: =SUM(O26) -> 0 | P27: =SUM(P26) -> 0 | T27: =$V$3++L11+L19+L27 -> 11082548
A28: =OFFSET('0'!$B$112,($A$1-1)*10,$B28-1) -> -- | B28: =OFFSET('0'!$B$111,($A$1-1)*10,3) -> 4 | M28: =SUM(D28-E28) -> 0 | N28: =SUM(E28,M28) -> 0
M29: =SUM(D29-E29) -> 0 | N29: =SUM(E29,M29) -> 0
M30: =SUM(D30-E30) -> 0 | N30: =SUM(E30,M30) -> 0
M31: =SUM(D31-E31) -> 0 | N31: =SUM(E31,M31) -> 0
M32: =SUM(D32-E32) -> 0 | N32: =SUM(E32,M32) -> 0
M33: =SUM(D33-E33) -> 0 | N33: =SUM(E33,M33) -> 0
C34: Iš viso Lietuvoje: | D34: =SUM(D28:D33) -> 0 | E34: =SUM(E28:E33) -> 0 | F34: =SUM(F28:F33) -> 0 | G34: =SUM(G28:G33) -> 0 | H34: =SUM(H28:H33) -> 0 | I34: =SUM(I28:I33) -> 0 | J34: =SUM(J28:J33) -> 0 | K34: =SUM(K28:K33) -> 0 | M34: =SUM(M28:M33) -> 0 | N34: =SUM(N28:N33) -> 0
C35: dienos foto | D35: =SUM(D28:D33) -> 0 | E35: =SUM(E28:E33) -> 0 | F35: =SUM(F34:K34) -> 0 | L35: =L34 -> 0 | M35: =SUM(M28:M33) -> 0 | N35: =SUM(N28:N33) -> 0 | O35: =SUM(O34) -> 0 | P35: =SUM(P34) -> 0 | T35: =$V$3+L11+L19+L27+L35 -> 11082548
A36: =OFFSET('0'!$B$112,($A$1-1)*10,$B36-1) -> -- | B36: =OFFSET('0'!$B$111,($A$1-1)*10,4) -> 5 | M36: =SUM(D36-E36) -> 0 | N36: =SUM(E36,M36) -> 0
M37: =SUM(D37-E37) -> 0 | N37: =SUM(E37,M37) -> 0
M38: =SUM(D38-E38) -> 0 | N38: =SUM(E38,M38) -> 0
M39: =SUM(D39-E39) -> 0 | N39: =SUM(E39,M39) -> 0
M40: =SUM(D40-E40) -> 0 | N40: =SUM(E40,M40) -> 0
M41: =SUM(D41-E41) -> 0 | N41: =SUM(E41,M41) -> 0
C42: Iš viso Lietuvoje: | D42: =SUM(D36:D41) -> 0 | E42: =SUM(E36:E41) -> 0 | F42: =SUM(F36:F41) -> 0 | G42: =SUM(G36:G41) -> 0 | H42: =SUM(H36:H41) -> 0 | I42: =SUM(I36:I41) -> 0 | J42: =SUM(J36:J41) -> 0 | K42: =SUM(K36:K41) -> 0 | M42: =SUM(M36:M41) -> 0 | N42: =SUM(N36:N41) -> 0
C43: dienos foto | D43: =SUM(D36:D41) -> 0 | E43: =SUM(E36:E41) -> 0 | F43: =SUM(F42:K42) -> 0 | L43: =L42 -> 0 | M43: =SUM(M36:M41) -> 0 | N43: =SUM(N36:N41) -> 0 | O43: =SUM(O42) -> 0 | P43: =SUM(P42) -> 0 | T43: =$V$3+L11+L19+L27+L35+L43 -> 11082548
A44: =OFFSET('0'!$B$112,($A$1-1)*10,$B44-1) -> SS | B44: =OFFSET('0'!$B$111,($A$1-1)*10,5) -> 6 | M44: =SUM(D44-E44) -> 0 | N44: =SUM(E44,M44) -> 0
M45: =SUM(D45-E45) -> 0 | N45: =SUM(E45,M45) -> 0
M46: =SUM(D46-E46) -> 0 | N46: =SUM(E46,M46) -> 0
M47: =SUM(D47-E47) -> 0 | N47: =SUM(E47,M47) -> 0
M48: =SUM(D48-E48) -> 0 | N48: =SUM(E48,M48) -> 0
M49: =SUM(D49-E49) -> 0 | N49: =SUM(E49,M49) -> 0
C50: Iš viso Lietuvoje: | D50: =SUM(D44:D49) -> 0 | E50: =SUM(E44:E49) -> 0 | F50: =SUM(F44:F49) -> 0 | G50: =SUM(G44:G49) -> 0 | H50: =SUM(H44:H49) -> 0 | I50: =SUM(I44:I49) -> 0 | J50: =SUM(J44:J49) -> 0 | K50: =SUM(K44:K49) -> 0 | M50: =SUM(M44:M49) -> 0 | N50: =SUM(N44:N49) -> 0
C51: dienos foto | D51: =SUM(D44:D49) -> 0 | E51: =SUM(E44:E49) -> 0 | F51: =SUM(F50:K50) -> 0 | L51: =L50 -> 0 | M51: =SUM(M44:M49) -> 0 | N51: =SUM(N44:N49) -> 0 | O51: =SUM(O50) -> 0 | P51: =SUM(P50) -> 0 | T51: =$V$3+L11+L19+L27+L35+L43+L51 -> 11082548
A52: =OFFSET('0'!$B$112,($A$1-1)*10,$B52-1) -> SK | B52: =OFFSET('0'!$B$111,($A$1-1)*10,6) -> 7 | M52: =SUM(D52-E52) -> 0 | N52: =SUM(E52,M52) -> 0
M53: =SUM(D53-E53) -> 0 | N53: =SUM(E53,M53) -> 0
M54: =SUM(D54-E54) -> 0 | N54: =SUM(E54,M54) -> 0
M55: =SUM(D55-E55) -> 0 | N55: =SUM(E55,M55) -> 0
M56: =SUM(D56-E56) -> 0 | N56: =SUM(E56,M56) -> 0
M57: =SUM(D57-E57) -> 0 | N57: =SUM(E57,M57) -> 0
C58: Iš viso Lietuvoje: | D58: =SUM(D52:D57) -> 0 | E58: =SUM(E52:E57) -> 0 | F58: =SUM(F52:F57) -> 0 | G58: =SUM(G52:G57) -> 0 | H58: =SUM(H52:H57) -> 0 | I58: =SUM(I52:I57) -> 0 | J58: =SUM(J52:J57) -> 0 | K58: =SUM(K52:K57) -> 0 | M58: =SUM(M52:M57) -> 0 | N58: =SUM(N52:N57) -> 0
C59: dienos foto | D59: =SUM(D52:D57) -> 0 | E59: =SUM(E52:E57) -> 0 | F59: =SUM(F58:K58) -> 0 | L59: =L58 -> 0 | M59: =SUM(M52:M57) -> 0 | N59: =SUM(N52:N57) -> 0 | O59: =SUM(O58) -> 0 | P59: =SUM(P58) -> 0 | T59: =$V$3+L11+L19+L27+L35+L43+L51+L59 -> 11082548
A60: =OFFSET('0'!$B$112,($A$1-1)*10,$B60-1) -> -- | B60: =OFFSET('0'!$B$111,($A$1-1)*10,7) -> 8 | M60: =SUM(D60-E60) -> 0 | N60: =SUM(E60,M60) -> 0
M61: =SUM(D61-E61) -> 0 | N61: =SUM(E61,M61) -> 0
M62: =SUM(D62-E62) -> 0 | N62: =SUM(E62,M62) -> 0
M63: =SUM(D63-E63) -> 0 | N63: =SUM(E63,M63) -> 0
M64: =SUM(D64-E64) -> 0 | N64: =SUM(E64,M64) -> 0
M65: =SUM(D65-E65) -> 0 | N65: =SUM(E65,M65) -> 0
C66: Iš viso Lietuvoje: | D66: =SUM(D60:D65) -> 0 | E66: =SUM(E60:E65) -> 0 | F66: =SUM(F60:F65) -> 0 | G66: =SUM(G60:G65) -> 0 | H66: =SUM(H60:H65) -> 0 | I66: =SUM(I60:I65) -> 0 | J66: =SUM(J60:J65) -> 0 | K66: =SUM(K60:K65) -> 0 | M66: =SUM(M60:M65) -> 0 | N66: =SUM(N60:N65) -> 0
C67: dienos foto | D67: =SUM(D60:D65) -> 0 | E67: =SUM(E60:E65) -> 0 | F67: =SUM(F66:K66) -> 0 | L67: =L66 -> 0 | M67: =SUM(M60:M65) -> 0 | N67: =SUM(N60:N65) -> 0 | O67: =SUM(O66) -> 0 | P67: =SUM(P66) -> 0 | T67: =$V$3+L11+L19+L27+L35+L43+L51+L59+L67 -> 11082548
A68: =OFFSET('0'!$B$112,($A$1-1)*10,$B68-1) -> -- | B68: =OFFSET('0'!$B$111,($A$1-1)*10,8) -> 9 | M68: =SUM(D68-E68) -> 0 | N68: =SUM(E68,M68) -> 0
M69: =SUM(D69-E69) -> 0 | N69: =SUM(E69,M69) -> 0
M70: =SUM(D70-E70) -> 0 | N70: =SUM(E70,M70) -> 0
M71: =SUM(D71-E71) -> 0 | N71: =SUM(E71,M71) -> 0
M72: =SUM(D72-E72) -> 0 | N72: =SUM(E72,M72) -> 0
M73: =SUM(D73-E73) -> 0 | N73: =SUM(E73,M73) -> 0
C74: Iš viso Lietuvoje: | D74: =SUM(D68:D73) -> 0 | E74: =SUM(E68:E73) -> 0 | F74: =SUM(F68:F73) -> 0 | G74: =SUM(G68:G73) -> 0 | H74: =SUM(H68:H73) -> 0 | I74: =SUM(I68:I73) -> 0 | J74: =SUM(J68:J73) -> 0 | K74: =SUM(K68:K73) -> 0 | M74: =SUM(M68:M73) -> 0 | N74: =SUM(N68:N73) -> 0
C75: dienos foto | D75: =SUM(D68:D73) -> 0 | E75: =SUM(E68:E73) -> 0 | F75: =SUM(F74:K74) -> 0 | L75: =L74 -> 0 | M75: =SUM(M68:M73) -> 0 | N75: =SUM(N68:N73) -> 0 | O75: =SUM(O74) -> 0 | P75: =SUM(P74) -> 0 | T75: =$V$3+L11+L19+L27+L35+L43+L51+L59+L67+L75 -> 11082548
A76: =OFFSET('0'!$B$112,($A$1-1)*10,$B76-1) -> -- | B76: =OFFSET('0'!$B$111,($A$1-1)*10,9) -> 10 | M76: =SUM(D76-E76) -> 0 | N76: =SUM(E76,M76) -> 0
M77: =SUM(D77-E77) -> 0 | N77: =SUM(E77,M77) -> 0
M78: =SUM(D78-E78) -> 0 | N78: =SUM(E78,M78) -> 0
M79: =SUM(D79-E79) -> 0 | N79: =SUM(E79,M79) -> 0
M80: =SUM(D80-E80) -> 0 | N80: =SUM(E80,M80) -> 0
M81: =SUM(D81-E81) -> 0 | N81: =SUM(E81,M81) -> 0
C82: Iš viso Lietuvoje: | D82: =SUM(D76:D81) -> 0 | E82: =SUM(E76:E81) -> 0 | F82: =SUM(F76:F81) -> 0 | G82: =SUM(G76:G81) -> 0 | H82: =SUM(H76:H81) -> 0 | I82: =SUM(I76:I81) -> 0 | J82: =SUM(J76:J81) -> 0 | K82: =SUM(K76:K81) -> 0 | M82: =SUM(M76:M81) -> 0 | N82: =SUM(N76:N81) -> 0
C83: dienos foto | D83: =SUM(D76:D81) -> 0 | E83: =SUM(E76:E81) -> 0 | F83: =SUM(F82:K82) -> 0 | L83: =L82 -> 0 | M83: =SUM(M76:M81) -> 0 | N83: =SUM(N76:N81) -> 0 | O83: =SUM(O82) -> 0 | P83: =SUM(P82) -> 0 | T83: =$V$3+L11+L19+L27+L35+L43+L51+L59+L67+L75+L83 -> 11082548
A84: =OFFSET('0'!$B$112,($A$1-1)*10,$B84-1) -> -- | B84: =OFFSET('0'!$B$111,($A$1-1)*10,10) -> 11 | M84: =SUM(D84-E84) -> 0 | N84: =SUM(E84,M84) -> 0
M85: =SUM(D85-E85) -> 0 | N85: =SUM(E85,M85) -> 0
M86: =SUM(D86-E86) -> 0 | N86: =SUM(E86,M86) -> 0
M87: =SUM(D87-E87) -> 0 | N87: =SUM(E87,M87) -> 0
M88: =SUM(D88-E88) -> 0 | N88: =SUM(E88,M88) -> 0
M89: =SUM(D89-E89) -> 0 | N89: =SUM(E89,M89) -> 0
C90: Iš viso Lietuvoje: | D90: =SUM(D84:D89) -> 0 | E90: =SUM(E84:E89) -> 0 | F90: =SUM(F84:F89) -> 0 | G90: =SUM(G84:G89) -> 0 | H90: =SUM(H84:H89) -> 0 | I90: =SUM(I84:I89) -> 0 | J90: =SUM(J84:J89) -> 0 | K90: =SUM(K84:K89) -> 0 | M90: =SUM(M84:M89) -> 0 | N90: =SUM(N84:N89) -> 0
C91: dienos foto | D91: =SUM(D84:D89) -> 0 | E91: =SUM(E84:E89) -> 0 | F91: =SUM(F90:K90) -> 0 | L91: =L90 -> 0 | M91: =SUM(M84:M89) -> 0 | N91: =SUM(N84:N89) -> 0 | O91: =SUM(O90) -> 0 | P91: =SUM(P90) -> 0 | T91: =$V$3+L11+L19+L27+L35+L43+L51+L59+L67+L75+L83+L91 -> 11082548
A92: =OFFSET('0'!$B$112,($A$1-1)*10,$B92-1) -> -- | B92: =OFFSET('0'!$B$111,($A$1-1)*10,11) -> 12 | M92: =SUM(D92-E92) -> 0 | N92: =SUM(E92,M92) -> 0
M93: =SUM(D93-E93) -> 0 | N93: =SUM(E93,M93) -> 0
M94: =SUM(D94-E94) -> 0 | N94: =SUM(E94,M94) -> 0
M95: =SUM(D95-E95) -> 0 | N95: =SUM(E95,M95) -> 0
M96: =SUM(D96-E96) -> 0 | N96: =SUM(E96,M96) -> 0
M97: =SUM(D97-E97) -> 0 | N97: =SUM(E97,M97) -> 0
C98: Iš viso Lietuvoje: | D98: =SUM(D92:D97) -> 0 | E98: =SUM(E92:E97) -> 0 | F98: =SUM(F92:F97) -> 0 | G98: =SUM(G92:G97) -> 0 | H98: =SUM(H92:H97) -> 0 | I98: =SUM(I92:I97) -> 0 | J98: =SUM(J92:J97) -> 0 | K98: =SUM(K92:K97) -> 0 | M98: =SUM(M92:M97) -> 0 | N98: =SUM(N92:N97) -> 0
C99: dienos foto | D99: =SUM(D92:D97) -> 0 | E99: =SUM(E92:E97) -> 0 | F99: =SUM(F98:K98) -> 0 | L99: =L98 -> 0 | M99: =SUM(M92:M97) -> 0 | N99: =SUM(N92:N97) -> 0 | O99: =SUM(O98) -> 0 | P99: =SUM(P98) -> 0 | T99: =$V$3+L11+L19+L27+L35+L43+L51+L59+L67+L75+L83+L91+L99 -> 11082548
A100: =OFFSET('0'!$B$112,($A$1-1)*10,$B100-1) -> SS | B100: =OFFSET('0'!$B$111,($A$1-1)*10,12) -> 13 | M100: =SUM(D100-E100) -> 0 | N100: =SUM(E100,M100) -> 0
...

Sheet Spalis
A1: 10
B2: Mėnesio diena | C2: Vardas, pavardė. Pamaina D/N | D2: Paimti ROIK pranešimai (skaičius) | E2: Apdorota | F2: INFORMUOTA | L2: Pasisavintų lėšų suma (visų pranešimų) | M2: Neapdorota (siųstos pajėgos) | N2: Kontrolinis | O2: Tikslinamos aplinkybės (M) | P2: Pradėta IT | Q2: Pastabos | T2: Kontr. Kasdienė eilutė (Žalos)
F3: Bankas | G3: RRT | H3: FNTT | I3: NKSC | J3: Facebook | K3: Kita/įrašyti | U3: Praeitų mėn. Žalos | V3: =SUM('Bendras metų'!V6:V14) -> 11082548
A4: =OFFSET('0'!$B$112,($A$1-1)*10,$B4-1) -> -- | B4: =OFFSET('0'!$B$111,($A$1-1)*10,0) -> 1 | M4: =SUM(D4-E4) -> 0 | N4: =SUM(E4,M4) -> 0
M5: =SUM(D5-E5) -> 0 | N5: =SUM(E5,M5) -> 0
M6: =SUM(D6-E6) -> 0 | N6: =SUM(E6,M6) -> 0
M7: =SUM(D7-E7) -> 0 | N7: =SUM(E7,M7) -> 0
M8: =SUM(D8-E8) -> 0 | N8: =SUM(E8,M8) -> 0
M9: =SUM(D9-E9) -> 0 | N9: =SUM(E9,M9) -> 0
C10: Iš viso Lietuvoje: | D10: =SUM(D4:D9) -> 0 | E10: =SUM(E4:E9) -> 0 | F10: =SUM(F4:F9) -> 0 | G10: =SUM(G4:G9) -> 0 | H10: =SUM(H4:H9) -> 0 | I10: =SUM(I4:I9) -> 0 | J10: =SUM(J4:J9) -> 0 | K10: =SUM(K4:K9) -> 0 | M10: =SUM(M4:M9) -> 0 | N10: =SUM(N4:N9) -> 0
C11: dienos foto | D11: =SUM(D4:D9) -> 0 | E11: =SUM(E4:E9) -> 0 | F11: =SUM(F10:K10) -> 0 | L11: =L10 -> 0 | M11: =SUM(M4:M9) -> 0 | N11: =SUM(N4:N9) -> 0 | O11: =SUM(O10) -> 0 | P11: =SUM(P10) -> 0 | T11: =$V$3+L11 -> 11082548
A12: =OFFSET('0'!$B$112,($A$1-1)*10,$B12-1) -> -- | B12: =OFFSET('0'!$B$111,($A$1-1)*10,1) -> 2 | M12: =SUM(D12-E12) -> 0 | N12: =SUM(E12,M12) -> 0
M13: =SUM(D13-E13) -> 0 | N13: =SUM(E13,M13) -> 0
M14: =SUM(D14-E14) -> 0 | N14: =SUM(E14,M14) -> 0
M15: =SUM(D15-E15) -> 0 | N15: =SUM(E15,M15) -> 0
M16: =SUM(D16-E16) -> 0 | N16: =SUM(E16,M16) -> 0
M17: =SUM(D17-E17) -> 0 | N17: =SUM(E17,M17) -> 0
C18: Iš viso Lietuvoje: | D18: =SUM(D12:D17) -> 0 | E18: =SUM(E12:E17) -> 0 | F18: =SUM(F12:F17) -> 0 | G18: =SUM(G12:G17) -> 0 | H18: =SUM(H12:H17) -> 0 | I18: =SUM(I12:I17) -> 0 | J18: =SUM(J12:J17) -> 0 | K18: =SUM(K12:K17) -> 0 | M18: =SUM(M12:M17) -> 0 | N18: =SUM(N12:N17) -> 0
C19: dienos foto | D19: =SUM(D12:D17) -> 0 | E19: =SUM(E12:E17) -> 0 | F19: =SUM(F18:K18) -> 0 | L19: =L18 -> 0 | M19: =SUM(M12:M17) -> 0 | N19: =SUM(N12:N17) -> 0 | O19: =SUM(O18) -> 0 | P19: =SUM(P18) -> 0 | T19: =$V$3+L11+L19 -> 11082548
A20: =OFFSET('0'!$B$112,($A$1-1)*10,$B20-1) -> -- | B20: =OFFSET('0'!$B$111,($A$1-1)*10,2) -> 3 | M20: =SUM(D20-E20) -> 0 | N20: =SUM(E20,M20) -> 0
M21: =SUM(D21-E21) -> 0 | N21: =SUM(E21,M21) -> 0
M22: =SUM(D22-E22) -> 0 | N22: =SUM(E22,M22) -> 0
M23: =SUM(D23-E23) -> 0 | N23: =SUM(E23,M23) -> 0
M24: =SUM(D24-E24) -> 0 | N24: =SUM(E24,M24) -> 0
M25: =SUM(D25-E25) -> 0 | N25: =SUM(E25,M25) -> 0
C26: Iš viso Lietuvoje: | D26: =SUM(D20:D25) -> 0 | E26: =SUM(E20:E25) -> 0 | F26: =SUM(F20:F25) -> 0 | G26: =SUM(G20:G25) -> 0 | H26: =SUM(H20:H25) -> 0 | I26: =SUM(I20:I25) -> 0 | J26: =SUM(J20:J25) -> 0 | K26: =SUM(K20:K25) -> 0 | M26: =SUM(M20:M25) -> 0 | N26: =SUM(N20:N25) -> 0
C27: dienos foto | D27: =SUM(D20:D25) -> 0 | E27: =SUM(E20:E25) -> 0 | F27: =SUM(F26:K26) -> 0 | L27: =L26 -> 0 | M27: =SUM(M20:M25) -> 0 | N27: =SUM(N20:N25) -> 0 | O27: =SUM(O26) -> 0 | P27: =SUM(P26) -> 0 | T27: =$V$3++L11+L19+L27 -> 11082548
A28: =OFFSET('0'!$B$112,($A$1-1)*10,$B28-1) -> SS | B28: =OFFSET('0'!$B$111,($A$1-1)*10,3) -> 4 | M28: =SUM(D28-E28) -> 0 | N28: =SUM(E28,M28) -> 0
M29: =SUM(D29-E29) -> 0 | N29: =SUM(E29,M29) -> 0
M30: =SUM(D30-E30) -> 0 | N30: =SUM(E30,M30) -> 0
M31: =SUM(D31-E31) -> 0 | N31: =SUM(E31,M31) -> 0
M32: =SUM(D32-E32) -> 0 | N32: =SUM(E32,M32) -> 0
M33: =SUM(D33-E33) -> 0 | N33: =SUM(E33,M33) -> 0
C34: Iš viso Lietuvoje: | D34: =SUM(D28:D33) -> 0 | E34: =SUM(E28:E33) -> 0 | F34: =SUM(F28:F33) -> 0 | G34: =SUM(G28:G33) -> 0 | H34: =SUM(H28:H33) -> 0 | I34: =SUM(I28:I33) -> 0 | J34: =SUM(J28:J33) -> 0 | K34: =SUM(K28:K33) -> 0 | M34: =SUM(M28:M33) -> 0 | N34: =SUM(N28:N33) -> 0
C35: dienos foto | D35: =SUM(D28:D33) -> 0 | E35: =SUM(E28:E33) -> 0 | F35: =SUM(F34:K34) -> 0 | L35: =L34 -> 0 | M35: =SUM(M28:M33) -> 0 | N35: =SUM(N28:N33) -> 0 | O35: =SUM(O34) -> 0 | P35: =SUM(P34) -> 0 | T35: =$V$3+L11+L19+L27+L35 -> 11082548
A36: =OFFSET('0'!$B$112,($A$1-1)*10,$B36-1) -> SK | B36: =OFFSET('0'!$B$111,($A$1-1)*10,4) -> 5 | M36: =SUM(D36-E36) -> 0 | N36: =SUM(E36,M36) -> 0
M37: =SUM(D37-E37) -> 0 | N37: =SUM(E37,M37) -> 0
M38: =SUM(D38-E38) -> 0 | N38: =SUM(E38,M38) -> 0
M39: =SUM(D39-E39) -> 0 | N39: =SUM(E39,M39) -> 0
M40: =SUM(D40-E40) -> 0 | N40: =SUM(E40,M40) -> 0
M41: =SUM(D41-E41) -> 0 | N41: =SUM(E41,M41) -> 0
C42: Iš viso Lietuvoje: | D42: =SUM(D36:D41) -> 0 | E42: =SUM(E36:E41) -> 0 | F42: =SUM(F36:F41) -> 0 | G42: =SUM(G36:G41) -> 0 | H42: =SUM(H36:H41) -> 0 | I42: =SUM(I36:I41) -> 0 | J42: =SUM(J36:J41) -> 0 | K42: =SUM(K36:K41) -> 0 | M42: =SUM(M36:M41) -> 0 | N42: =SUM(N36:N41) -> 0
C43: dienos foto | D43: =SUM(D36:D41) -> 0 | E43: =SUM(E36:E41) -> 0 | F43: =SUM(F42:K42) -> 0 | L43: =L42 -> 0 | M43: =SUM(M36:M41) -> 0 | N43: =SUM(N36:N41) -> 0 | O43: =SUM(O42) -> 0 | P43: =SUM(P42) -> 0 | T43: =$V$3+L11+L19+L27+L35+L43 -> 11082548
A44: =OFFSET('0'!$B$112,($A$1-1)*10,$B44-1) -> -- | B44: =OFFSET('0'!$B$111,($A$1-1)*10,5) -> 6 | M44: =SUM(D44-E44) -> 0 | N44: =SUM(E44,M44) -> 0
M45: =SUM(D45-E45) -> 0 | N45: =SUM(E45,M45) -> 0
M46: =SUM(D46-E46) -> 0 | N46: =SUM(E46,M46) -> 0
M47: =SUM(D47-E47) -> 0 | N47: =SUM(E47,M47) -> 0
M48: =SUM(D48-E48) -> 0 | N48: =SUM(E48,M48) -> 0
M49: =SUM(D49-E49) -> 0 | N49: =SUM(E49,M49) -> 0
C50: Iš viso Lietuvoje: | D50: =SUM(D44:D49) -> 0 | E50: =SUM(E44:E49) -> 0 | F50: =SUM(F44:F49) -> 0 | G50: =SUM(G44:G49) -> 0 | H50: =SUM(H44:H49) -> 0 | I50: =SUM(I44:I49) -> 0 | J50: =SUM(J44:J49) -> 0 | K50: =SUM(K44:K49) -> 0 | M50: =SUM(M44:M49) -> 0 | N50: =SUM(N44:N49) -> 0
C51: dienos foto | D51: =SUM(D44:D49) -> 0 | E51: =SUM(E44:E49) -> 0 | F51: =SUM(F50:K50) -> 0 | L51: =L50 -> 0 | M51: =SUM(M44:M49) -> 0 | N51: =SUM(N44:N49) -> 0 | O51: =SUM(O50) -> 0 | P51: =SUM(P50) -> 0 | T51: =$V$3+L11+L19+L27+L35+L43+L51 -> 11082548
A52: =OFFSET('0'!$B$112,($A$1-1)*10,$B52-1) -> -- | B52: =OFFSET('0'!$B$111,($A$1-1)*10,6) -> 7 | M52: =SUM(D52-E52) -> 0 | N52: =SUM(E52,M52) -> 0
M53: =SUM(D53-E53) -> 0 | N53: =SUM(E53,M53) -> 0
M54: =SUM(D54-E54) -> 0 | N54: =SUM(E54,M54) -> 0
M55: =SUM(D55-E55) -> 0 | N55: =SUM(E55,M55) -> 0
M56: =SUM(D56-E56) -> 0 | N56: =SUM(E56,M56) -> 0
M57: =SUM(D57-E57) -> 0 | N57: =SUM(E57,M57) -> 0
C58: Iš viso Lietuvoje: | D58: =SUM(D52:D57) -> 0 | E58: =SUM(E52:E57) -> 0 | F58: =SUM(F52:F57) -> 0 | G58: =SUM(G52:G57) -> 0 | H58: =SUM(H52:H57) -> 0 | I58: =SUM(I52:I57) -> 0 | J58: =SUM(J52:J57) -> 0 | K58: =SUM(K52:K57) -> 0 | M58: =SUM(M52:M57) -> 0 | N58: =SUM(N52:N57) -> 0
C59: dienos foto | D59: =SUM(D52:D57) -> 0 | E59: =SUM(E52:E57) -> 0 | F59: =SUM(F58:K58) -> 0 | L59: =L58 -> 0 | M59: =SUM(M52:M57) -> 0 | N59: =SUM(N52:N57) -> 0 | O59: =SUM(O58) -> 0 | P59: =SUM(P58) -> 0 | T59: =$V$3+L11+L19+L27+L35+L43+L51+L59 -> 11082548
A60: =OFFSET('0'!$B$112,($A$1-1)*10,$B60-1) -> -- | B60: =OFFSET('0'!$B$111,($A$1-1)*10,7) -> 8 | M60: =SUM(D60-E60) -> 0 | N60: =SUM(E60,M60) -> 0
M61: =SUM(D61-E61) -> 0 | N61: =SUM(E61,M61) -> 0
M62: =SUM(D62-E62) -> 0 | N62: =SUM(E62,M62) -> 0
M63: =SUM(D63-E63) -> 0 | N63: =SUM(E63,M63) -> 0
M64: =SUM(D64-E64) -> 0 | N64: =SUM(E64,M64) -> 0
M65: =SUM(D65-E65) -> 0 | N65: =SUM(E65,M65) -> 0
C66: Iš viso Lietuvoje: | D66: =SUM(D60:D65) -> 0 | E66: =SUM(E60:E65) -> 0 | F66: =SUM(F60:F65) -> 0 | G66: =SUM(G60:G65) -> 0 | H66: =SUM(H60:H65) -> 0 | I66: =SUM(I60:I65) -> 0 | J66: =SUM(J60:J65) -> 0 | K66: =SUM(K60:K65) -> 0 | M66: =SUM(M60:M65) -> 0 | N66: =SUM(N60:N65) -> 0
C67: dienos foto | D67: =SUM(D60:D65) -> 0 | E67: =SUM(E60:E65) -> 0 | F67: =SUM(F66:K66) -> 0 | L67: =L66 -> 0 | M67: =SUM(M60:M65) -> 0 | N67: =SUM(N60:N65) -> 0 | O67: =SUM(O66) -> 0 | P67: =SUM(P66) -> 0 | T67: =$V$3+L11+L19+L27+L35+L43+L51+L59+L67 -> 11082548
A68: =OFFSET('0'!$B$112,($A$1-1)*10,$B68-1) -> -- | B68: =OFFSET('0'!$B$111,($A$1-1)*10,8) -> 9 | M68: =SUM(D68-E68) -> 0 | N68: =SUM(E68,M68) -> 0
M69: =SUM(D69-E69) -> 0 | N69: =SUM(E69,M69) -> 0
M70: =SUM(D70-E70) -> 0 | N70: =SUM(E70,M70) -> 0
M71: =SUM(D71-E71) -> 0 | N71: =SUM(E71,M71) -> 0
M72: =SUM(D72-E72) -> 0 | N72: =SUM(E72,M72) -> 0
M73: =SUM(D73-E73) -> 0 | N73: =SUM(E73,M73) -> 0
C74: Iš viso Lietuvoje: | D74: =SUM(D68:D73) -> 0 | E74: =SUM(E68:E73) -> 0 | F74: =SUM(F68:F73) -> 0 | G74: =SUM(G68:G73) -> 0 | H74: =SUM(H68:H73) -> 0 | I74: =SUM(I68:I73) -> 0 | J74: =SUM(J68:J73) -> 0 | K74: =SUM(K68:K73) -> 0 | M74: =SUM(M68:M73) -> 0 | N74: =SUM(N68:N73) -> 0
C75: dienos foto | D75: =SUM(D68:D73) -> 0 | E75: =SUM(E68:E73) -> 0 | F75: =SUM(F74:K74) -> 0 | L75: =L74 -> 0 | M75: =SUM(M68:M73) -> 0 | N75: =SUM(N68:N73) -> 0 | O75: =SUM(O74) -> 0 | P75: =SUM(P74) -> 0 | T75: =$V$3+L11+L19+L27+L35+L43+L51+L59+L67+L75 -> 11082548
A76: =OFFSET('0'!$B$112,($A$1-1)*10,$B76-1) -> -- | B76: =OFFSET('0'!$B$111,($A$1-1)*10,9) -> 10 | M76: =SUM(D76-E76) -> 0 | N76: =SUM(E76,M76) -> 0
M77: =SUM(D77-E77) -> 0 | N77: =SUM(E77,M77) -> 0
M78: =SUM(D78-E78) -> 0 | N78: =SUM(E78,M78) -> 0
M79: =SUM(D79-E79) -> 0 | N79: =SUM(E79,M79) -> 0
M80: =SUM(D80-E80) -> 0 | N80: =SUM(E80,M80) -> 0
M81: =SUM(D81-E81) -> 0 | N81: =SUM(E81,M81) -> 0
C82: Iš viso Lietuvoje: | D82: =SUM(D76:D81) -> 0 | E82: =SUM(E76:E81) -> 0 | F82: =SUM(F76:F81) -> 0 | G82: =SUM(G76:G81) -> 0 | H82: =SUM(H76:H81) -> 0 | I82: =SUM(I76:I81) -> 0 | J82: =SUM(J76:J81) -> 0 | K82: =SUM(K76:K81) -> 0 | M82: =SUM(M76:M81) -> 0 | N82: =SUM(N76:N81) -> 0
C83: dienos foto | D83: =SUM(D76:D81) -> 0 | E83: =SUM(E76:E81) -> 0 | F83: =SUM(F82:K82) -> 0 | L83: =L82 -> 0 | M83: =SUM(M76:M81) -> 0 | N83: =SUM(N76:N81) -> 0 | O83: =SUM(O82) -> 0 | P83: =SUM(P82) -> 0 | T83: =$V$3+L11+L19+L27+L35+L43+L51+L59+L67+L75+L83 -> 11082548
A84: =OFFSET('0'!$B$112,($A$1-1)*10,$B84-1) -> SS | B84: =OFFSET('0'!$B$111,($A$1-1)*10,10) -> 11 | M84: =SUM(D84-E84) -> 0 | N84: =SUM(E84,M84) -> 0
M85: =SUM(D85-E85) -> 0 | N85: =SUM(E85,M85) -> 0
M86: =SUM(D86-E86) -> 0 | N86: =SUM(E86,M86) -> 0
M87: =SUM(D87-E87) -> 0 | N87: =SUM(E87,M87) -> 0
M88: =SUM(D88-E88) -> 0 | N88: =SUM(E88,M88) -> 0
M89: =SUM(D89-E89) -> 0 | N89: =SUM(E89,M89) -> 0
C90: Iš viso Lietuvoje: | D90: =SUM(D84:D89) -> 0 | E90: =SUM(E84:E89) -> 0 | F90: =SUM(F84:F89) -> 0 | G90: =SUM(G84:G89) -> 0 | H90: =SUM(H84:H89) -> 0 | I90: =SUM(I84:I89) -> 0 | J90: =SUM(J84:J89) -> 0 | K90: =SUM(K84:K89) -> 0 | M90: =SUM(M84:M89) -> 0 | N90: =SUM(N84:N89) -> 0
C91: dienos foto | D91: =SUM(D84:D89) -> 0 | E91: =SUM(E84:E89) -> 0 | F91: =SUM(F90:K90) -> 0 | L91: =L90 -> 0 | M91: =SUM(M84:M89) -> 0 | N91: =SUM(N84:N89) -> 0 | O91: =SUM(O90) -> 0 | P91: =SUM(P90) -> 0 | T91: =$V$3+L11+L19+L27+L35+L43+L51+L59+L67+L75+L83+L91 -> 11082548
A92: =OFFSET('0'!$B$112,($A$1-1)*10,$B92-1) -> SK | B92: =OFFSET('0'!$B$111,($A$1-1)*10,11) -> 12 | M92: =SUM(D92-E92) -> 0 | N92: =SUM(E92,M92) -> 0
M93: =SUM(D93-E93) -> 0 | N93: =SUM(E93,M93) -> 0
M94: =SUM(D94-E94) -> 0 | N94: =SUM(E94,M94) -> 0
M95: =SUM(D95-E95) -> 0 | N95: =SUM(E95,M95) -> 0
M96: =SUM(D96-E96) -> 0 | N96: =SUM(E96,M96) -> 0
M97: =SUM(D97-E97) -> 0 | N97: =SUM(E97,M97) -> 0
C98: Iš viso Lietuvoje: | D98: =SUM(D92:D97) -> 0 | E98: =SUM(E92:E97) -> 0 | F98: =SUM(F92:F97) -> 0 | G98: =SUM(G92:G97) -> 0 | H98: =SUM(H92:H97) -> 0 | I98: =SUM(I92:I97) -> 0 | J98: =SUM(J92:J97) -> 0 | K98: =SUM(K92:K97) -> 0 | M98: =SUM(M92:M97) -> 0 | N98: =SUM(N92:N97) -> 0
C99: dienos foto | D99: =SUM(D92:D97) -> 0 | E99: =SUM(E92:E97) -> 0 | F99: =SUM(F98:K98) -> 0 | L99: =L98 -> 0 | M99: =SUM(M92:M97) -> 0 | N99: =SUM(N92:N97) -> 0 | O99: =SUM(O98) -> 0 | P99: =SUM(P98) -> 0 | T99: =$V$3+L11+L19+L27+L35+L43+L51+L59+L67+L75+L83+L91+L99 -> 11082548
A100: =OFFSET('0'!$B$112,($A$1-1)*10,$B100-1) -> -- | B100: =OFFSET('0'!$B$111,($A$1-1)*10,12) -> 13 | M100: =SUM(D100-E100) -> 0 | N100: =SUM(E100,M100) -> 0
...

Sheet Lapkritis
A1: 11
B2: Mėnesio diena | C2: Vardas, pavardė. Pamaina D/N | D2: Paimti ROIK pranešimai (skaičius) | E2: Apdorota | F2: INFORMUOTA | L2: Pasisavintų lėšų suma (visų pranešimų) | M2: Neapdorota (siųstos pajėgos) | N2: Kontrolinis | O2: Tikslinamos aplinkybės (M) | P2: Pradėta IT | Q2: Pastabos | T2: Kontr. Kasdienė eilutė (Žalos)
F3: Bankas | G3: RRT | H3: FNTT | I3: NKSC | J3: Facebook | K3: Kita/įrašyti | U3: Praeitų mėn. Žalos | V3: =SUM('Bendras metų'!V6:V15) -> 11082548
A4: =OFFSET('0'!$B$112,($A$1-1)*10,$B4-1) -> SV | B4: =OFFSET('0'!$B$111,($A$1-1)*10,0) -> 1 | M4: =SUM(D4-E4) -> 0 | N4: =SUM(E4,M4) -> 0
M5: =SUM(D5-E5) -> 0 | N5: =SUM(E5,M5) -> 0
M6: =SUM(D6-E6) -> 0 | N6: =SUM(E6,M6) -> 0
M7: =SUM(D7-E7) -> 0 | N7: =SUM(E7,M7) -> 0
M8: =SUM(D8-E8) -> 0 | N8: =SUM(E8,M8) -> 0
M9: =SUM(D9-E9) -> 0 | N9: =SUM(E9,M9) -> 0
C10: Iš viso Lietuvoje: | D10: =SUM(D4:D9) -> 0 | E10: =SUM(E4:E9) -> 0 | F10: =SUM(F4:F9) -> 0 | G10: =SUM(G4:G9) -> 0 | H10: =SUM(H4:H9) -> 0 | I10: =SUM(I4:I9) -> 0 | J10: =SUM(J4:J9) -> 0 | K10: =SUM(K4:K9) -> 0 | M10: =SUM(M4:M9) -> 0 | N10: =SUM(N4:N9) -> 0
C11: dienos foto | D11: =SUM(D4:D9) -> 0 | E11: =SUM(E4:E9) -> 0 | F11: =SUM(F10:K10) -> 0 | L11: =L10 -> 0 | M11: =SUM(M4:M9) -> 0 | N11: =SUM(N4:N9) -> 0 | O11: =SUM(O10) -> 0 | P11: =SUM(P10) -> 0 | T11: =$V$3+L11 -> 11082548
A12: =OFFSET('0'!$B$112,($A$1-1)*10,$B12-1) -> SV | B12: =OFFSET('0'!$B$111,($A$1-1)*10,1) -> 2 | M12: =SUM(D12-E12) -> 0 | N12: =SUM(E12,M12) -> 0
M13: =SUM(D13-E13) -> 0 | N13: =SUM(E13,M13) -> 0
M14: =SUM(D14-E14) -> 0 | N14: =SUM(E14,M14) -> 0
M15: =SUM(D15-E15) -> 0 | N15: =SUM(E15,M15) -> 0
M16: =SUM(D16-E16) -> 0 | N16: =SUM(E16,M16) -> 0
M17: =SUM(D17-E17) -> 0 | N17: =SUM(E17,M17) -> 0
C18: Iš viso Lietuvoje: | D18: =SUM(D12:D17) -> 0 | E18: =SUM(E12:E17) -> 0 | F18: =SUM(F12:F17) -> 0 | G18: =SUM(G12:G17) -> 0 | H18: =SUM(H12:H17) -> 0 | I18: =SUM(I12:I17) -> 0 | J18: =SUM(J12:J17) -> 0 | K18: =SUM(K12:K17) -> 0 | M18: =SUM(M12:M17) -> 0 | N18: =SUM(N12:N17) -> 0
C19: dienos foto | D19: =SUM(D12:D17) -> 0 | E19: =SUM(E12:E17) -> 0 | F19: =SUM(F18:K18) -> 0 | L19: =L18 -> 0 | M19: =SUM(M12:M17) -> 0 | N19: =SUM(N12:N17) -> 0 | O19: =SUM(O18) -> 0 | P19: =SUM(P18) -> 0 | T19: =$V$3+L11+L19 -> 11082548
A20: =OFFSET('0'!$B$112,($A$1-1)*10,$B20-1) -> -- | B20: =OFFSET('0'!$B$111,($A$1-1)*10,2) -> 3 | M20: =SUM(D20-E20) -> 0 | N20: =SUM(E20,M20) -> 0
M21: =SUM(D21-E21) -> 0 | N21: =SUM(E21,M21) -> 0
M22: =SUM(D22-E22) -> 0 | N22: =SUM(E22,M22) -> 0
M23: =SUM(D23-E23) -> 0 | N23: =SUM(E23,M23) -> 0
M24: =SUM(D24-E24) -> 0 | N24: =SUM(E24,M24) -> 0
M25: =SUM(D25-E25) -> 0 | N25: =SUM(E25,M25) -> 0
C26: Iš viso Lietuvoje: | D26: =SUM(D20:D25) -> 0 | E26: =SUM(E20:E25) -> 0 | F26: =SUM(F20:F25) -> 0 | G26: =SUM(G20:G25) -> 0 | H26: =SUM(H20:H25) -> 0 | I26: =SUM(I20:I25) -> 0 | J26: =SUM(J20:J25) -> 0 | K26: =SUM(K20:K25) -> 0 | M26: =SUM(M20:M25) -> 0 | N26: =SUM(N20:N25) -> 0
C27: dienos foto | D27: =SUM(D20:D25) -> 0 | E27: =SUM(E20:E25) -> 0 | F27: =SUM(F26:K26) -> 0 | L27: =L26 -> 0 | M27: =SUM(M20:M25) -> 0 | N27: =SUM(N20:N25) -> 0 | O27: =SUM(O26) -> 0 | P27: =SUM(P26) -> 0 | T27: =$V$3++L11+L19+L27 -> 11082548
A28: =OFFSET('0'!$B$112,($A$1-1)*10,$B28-1) -> -- | B28: =OFFSET('0'!$B$111,($A$1-1)*10,3) -> 4 | M28: =SUM(D28-E28) -> 0 | N28: =SUM(E28,M28) -> 0
M29: =SUM(D29-E29) -> 0 | N29: =SUM(E29,M29) -> 0
M30: =SUM(D30-E30) -> 0 | N30: =SUM(E30,M30) -> 0
M31: =SUM(D31-E31) -> 0 | N31: =SUM(E31,M31) -> 0
M32: =SUM(D32-E32) -> 0 | N32: =SUM(E32,M32) -> 0
M33: =SUM(D33-E33) -> 0 | N33: =SUM(E33,M33) -> 0
C34: Iš viso Lietuvoje: | D34: =SUM(D28:D33) -> 0 | E34: =SUM(E28:E33) -> 0 | F34: =SUM(F28:F33) -> 0 | G34: =SUM(G28:G33) -> 0 | H34: =SUM(H28:H33) -> 0 | I34: =SUM(I28:I33) -> 0 | J34: =SUM(J28:J33) -> 0 | K34: =SUM(K28:K33) -> 0 | M34: =SUM(M28:M33) -> 0 | N34: =SUM(N28:N33) -> 0
C35: dienos foto | D35: =SUM(D28:D33) -> 0 | E35: =SUM(E28:E33) -> 0 | F35: =SUM(F34:K34) -> 0 | L35: =L34 -> 0 | M35: =SUM(M28:M33) -> 0 | N35: =SUM(N28:N33) -> 0 | O35: =SUM(O34) -> 0 | P35: =SUM(P34) -> 0 | T35: =$V$3+L11+L19+L27+L35 -> 11082548
A36: =OFFSET('0'!$B$112,($A$1-1)*10,$B36-1) -> -- | B36: =OFFSET('0'!$B$111,($A$1-1)*10,4) -> 5 | M36: =SUM(D36-E36) -> 0 | N36: =SUM(E36,M36) -> 0
M37: =SUM(D37-E37) -> 0 | N37: =SUM(E37,M37) -> 0
M38: =SUM(D38-E38) -> 0 | N38: =SUM(E38,M38) -> 0
M39: =SUM(D39-E39) -> 0 | N39: =SUM(E39,M39) -> 0
M40: =SUM(D40-E40) -> 0 | N40: =SUM(E40,M40) -> 0
M41: =SUM(D41-E41) -> 0 | N41: =SUM(E41,M41) -> 0
C42: Iš viso Lietuvoje: | D42: =SUM(D36:D41) -> 0 | E42: =SUM(E36:E41) -> 0 | F42: =SUM(F36:F41) -> 0 | G42: =SUM(G36:G41) -> 0 | H42: =SUM(H36:H41) -> 0 | I42: =SUM(I36:I41) -> 0 | J42: =SUM(J36:J41) -> 0 | K42: =SUM(K36:K41) -> 0 | M42: =SUM(M36:M41) -> 0 | N42: =SUM(N36:N41) -> 0
C43: dienos foto | D43: =SUM(D36:D41) -> 0 | E43: =SUM(E36:E41) -> 0 | F43: =SUM(F42:K42) -> 0 | L43: =L42 -> 0 | M43: =SUM(M36:M41) -> 0 | N43: =SUM(N36:N41) -> 0 | O43: =SUM(O42) -> 0 | P43: =SUM(P42) -> 0 | T43: =$V$3+L11+L19+L27+L35+L43 -> 11082548
A44: =OFFSET('0'!$B$112,($A$1-1)*10,$B44-1) -> -- | B44: =OFFSET('0'!$B$111,($A$1-1)*10,5) -> 6 | M44: =SUM(D44-E44) -> 0 | N44: =SUM(E44,M44) -> 0
M45: =SUM(D45-E45) -> 0 | N45: =SUM(E45,M45) -> 0
M46: =SUM(D46-E46) -> 0 | N46: =SUM(E46,M46) -> 0
M47: =SUM(D47-E47) -> 0 | N47: =SUM(E47,M47) -> 0
M48: =SUM(D48-E48) -> 0 | N48: =SUM(E48,M48) -> 0
M49: =SUM(D49-E49) -> 0 | N49: =SUM(E49,M49) -> 0
C50: Iš viso Lietuvoje: | D50: =SUM(D44:D49) -> 0 | E50: =SUM(E44:E49) -> 0 | F50: =SUM(F44:F49) -> 0 | G50: =SUM(G44:G49) -> 0 | H50: =SUM(H44:H49) -> 0 | I50: =SUM(I44:I49) -> 0 | J50: =SUM(J44:J49) -> 0 | K50: =SUM(K44:K49) -> 0 | M50: =SUM(M44:M49) -> 0 | N50: =SUM(N44:N49) -> 0
C51: dienos foto | D51: =SUM(D44:D49) -> 0 | E51: =SUM(E44:E49) -> 0 | F51: =SUM(F50:K50) -> 0 | L51: =L50 -> 0 | M51: =SUM(M44:M49) -> 0 | N51: =SUM(N44:N49) -> 0 | O51: =SUM(O50) -> 0 | P51: =SUM(P50) -> 0 | T51: =$V$3+L11+L19+L27+L35+L43+L51 -> 11082548
A52: =OFFSET('0'!$B$112,($A$1-1)*10,$B52-1) -> -- | B52: =OFFSET('0'!$B$111,($A$1-1)*10,6) -> 7 | M52: =SUM(D52-E52) -> 0 | N52: =SUM(E52,M52) -> 0
M53: =SUM(D53-E53) -> 0 | N53: =SUM(E53,M53) -> 0
M54: =SUM(D54-E54) -> 0 | N54: =SUM(E54,M54) -> 0
M55: =SUM(D55-E55) -> 0 | N55: =SUM(E55,M55) -> 0
M56: =SUM(D56-E56) -> 0 | N56: =SUM(E56,M56) -> 0
M57: =SUM(D57-E57) -> 0 | N57: =SUM(E57,M57) -> 0
C58: Iš viso Lietuvoje: | D58: =SUM(D52:D57) -> 0 | E58: =SUM(E52:E57) -> 0 | F58: =SUM(F52:F57) -> 0 | G58: =SUM(G52:G57) -> 0 | H58: =SUM(H52:H57) -> 0 | I58: =SUM(I52:I57) -> 0 | J58: =SUM(J52:J57) -> 0 | K58: =SUM(K52:K57) -> 0 | M58: =SUM(M52:M57) -> 0 | N58: =SUM(N52:N57) -> 0
C59: dienos foto | D59: =SUM(D52:D57) -> 0 | E59: =SUM(E52:E57) -> 0 | F59: =SUM(F58:K58) -> 0 | L59: =L58 -> 0 | M59: =SUM(M52:M57) -> 0 | N59: =SUM(N52:N57) -> 0 | O59: =SUM(O58) -> 0 | P59: =SUM(P58) -> 0 | T59: =$V$3+L11+L19+L27+L35+L43+L51+L59 -> 11082548
A60: =OFFSET('0'!$B$112,($A$1-1)*10,$B60-1) -> SS | B60: =OFFSET('0'!$B$111,($A$1-1)*10,7) -> 8 | M60: =SUM(D60-E60) -> 0 | N60: =SUM(E60,M60) -> 0
M61: =SUM(D61-E61) -> 0 | N61: =SUM(E61,M61) -> 0
M62: =SUM(D62-E62) -> 0 | N62: =SUM(E62,M62) -> 0
M63: =SUM(D63-E63) -> 0 | N63: =SUM(E63,M63) -> 0
M64: =SUM(D64-E64) -> 0 | N64: =SUM(E64,M64) -> 0
M65: =SUM(D65-E65) -> 0 | N65: =SUM(E65,M65) -> 0
C66: Iš viso Lietuvoje: | D66: =SUM(D60:D65) -> 0 | E66: =SUM(E60:E65) -> 0 | F66: =SUM(F60:F65) -> 0 | G66: =SUM(G60:G65) -> 0 | H66: =SUM(H60:H65) -> 0 | I66: =SUM(I60:I65) -> 0 | J66: =SUM(J60:J65) -> 0 | K66: =SUM(K60:K65) -> 0 | M66: =SUM(M60:M65) -> 0 | N66: =SUM(N60:N65) -> 0
C67: dienos foto | D67: =SUM(D60:D65) -> 0 | E67: =SUM(E60:E65) -> 0 | F67: =SUM(F66:K66) -> 0 | L67: =L66 -> 0 | M67: =SUM(M60:M65) -> 0 | N67: =SUM(N60:N65) -> 0 | O67: =SUM(O66) -> 0 | P67: =SUM(P66) -> 0 | T67: =$V$3+L11+L19+L27+L35+L43+L51+L59+L67 -> 11082548
A68: =OFFSET('0'!$B$112,($A$1-1)*10,$B68-1) -> SK | B68: =OFFSET('0'!$B$111,($A$1-1)*10,8) -> 9 | M68: =SUM(D68-E68) -> 0 | N68: =SUM(E68,M68) -> 0
M69: =SUM(D69-E69) -> 0 | N69: =SUM(E69,M69) -> 0
M70: =SUM(D70-E70) -> 0 | N70: =SUM(E70,M70) -> 0
M71: =SUM(D71-E71) -> 0 | N71: =SUM(E71,M71) -> 0
M72: =SUM(D72-E72) -> 0 | N72: =SUM(E72,M72) -> 0
M73: =SUM(D73-E73) -> 0 | N73: =SUM(E73,M73) -> 0
C74: Iš viso Lietuvoje: | D74: =SUM(D68:D73) -> 0 | E74: =SUM(E68:E73) -> 0 | F74: =SUM(F68:F73) -> 0 | G74: =SUM(G68:G73) -> 0 | H74: =SUM(H68:H73) -> 0 | I74: =SUM(I68:I73) -> 0 | J74: =SUM(J68:J73) -> 0 | K74: =SUM(K68:K73) -> 0 | M74: =SUM(M68:M73) -> 0 | N74: =SUM(N68:N73) -> 0
C75: dienos foto | D75: =SUM(D68:D73) -> 0 | E75: =SUM(E68:E73) -> 0 | F75: =SUM(F74:K74) -> 0 | L75: =L74 -> 0 | M75: =SUM(M68:M73) -> 0 | N75: =SUM(N68:N73) -> 0 | O75: =SUM(O74) -> 0 | P75: =SUM(P74) -> 0 | T75: =$V$3+L11+L19+L27+L35+L43+L51+L59+L67+L75 -> 11082548
A76: =OFFSET('0'!$B$112,($A$1-1)*10,$B76-1) -> -- | B76: =OFFSET('0'!$B$111,($A$1-1)*10,9) -> 10 | M76: =SUM(D76-E76) -> 0 | N76: =SUM(E76,M76) -> 0
M77: =SUM(D77-E77) -> 0 | N77: =SUM(E77,M77) -> 0
M78: =SUM(D78-E78) -> 0 | N78: =SUM(E78,M78) -> 0
M79: =SUM(D79-E79) -> 0 | N79: =SUM(E79,M79) -> 0
M80: =SUM(D80-E80) -> 0 | N80: =SUM(E80,M80) -> 0
M81: =SUM(D81-E81) -> 0 | N81: =SUM(E81,M81) -> 0
C82: Iš viso Lietuvoje: | D82: =SUM(D76:D81) -> 0 | E82: =SUM(E76:E81) -> 0 | F82: =SUM(F76:F81) -> 0 | G82: =SUM(G76:G81) -> 0 | H82: =SUM(H76:H81) -> 0 | I82: =SUM(I76:I81) -> 0 | J82: =SUM(J76:J81) -> 0 | K82: =SUM(K76:K81) -> 0 | M82: =SUM(M76:M81) -> 0 | N82: =SUM(N76:N81) -> 0
